movie_title,lead_actor,sentiment,rating,year,release_date,language,genre,director,actor_2,actor_3,music_director,critic,review_url
Housefull 3,Akshay Kumar,negative,3.0,2016,"June 3, 2016",Hindi,Comedy,"Sajid Samji, Farhad Samji",Riteish Deshmukh,Abhishek Bachchan,"Toshi Sabri, Sharib Sabri, Mika Singh, Sohail Sen, Millind Gaba, Tanishk Bagchi",Bollywood Hungama News Network,https://www.bollywoodhungama.com/movie/housefull-3/critic-review/
Rustom,Akshay Kumar,negative,3.0,2016,"August 11, 2016",Hindi,"Romance, Thriller",Tinu Suresh Desai,Ileana D'Cruz,Esha Gupta,"Ankit Tiwari, Raghav Sachar, Jeet Ganguly, Arko Pravo Mukherjee",Bollywood Hungama News Network,https://www.bollywoodhungama.com/movie/rustom-2/critic-review/
Jolly LLB 2,Akshay Kumar,positive,3.5,2017,"February 10, 2017",Hindi,"Comedy, Drama",Subhash Kapoor,Huma Qureshi,Saurabh Shukla,"Chirantan Bhatt, Manj Musik, Vishal Khurana, Meet Bros",Bollywood Hungama News Network,https://www.bollywoodhungama.com/movie/jolly-llb-2/critic-review/
Toilet - Ek Prem Katha,Akshay Kumar,negative,3.0,2017,"August 11, 2017",Hindi,"Comedy, Drama",Shree Narayan Singh,Bhumi Pednekar,Divyenndu,"Parampara Band, Vickey Prasad, Manas, Shikhar, Sachet Tandon",Bollywood Hungama News Network,https://www.bollywoodhungama.com/movie/toilet-ek-prem-katha/critic-review/
Gold,Akshay Kumar,positive,4.0,2018,"August 14, 2018",Hindi,"Biographical, Sports",Reema Kagti,Mouni Roy,Kunal Kapoor,"Sachin Sanghvi, Jigar Saraiya, Tanishk Bagchi, Arko Pravo Mukherjee",Bollywood Hungama News Network,https://www.bollywoodhungama.com/movie/gold/critic-review/
Pad Man,Akshay Kumar,positive,4.0,2018,"February 8, 2018",Hindi,"Social, Drama",R. Balki,Sonam Kapoor Ahuja,Radhika Apte,Amit Trivedi,Bollywood Hungama News Network,https://www.bollywoodhungama.com/movie/pad-man/critic-review/
Good Newwz,Akshay Kumar,positive,4.0,2019,"December 26, 2019",Hindi,"Comedy, Drama",Raj Mehta,Kareena Kapoor Khan,Diljit Dosanjh,"Manj Musik, Sukhbir, DJ Chetas, Rochak Kohli, Badshah, Tanishk Bagchi, Lijo George, Lauv, Herbie Sahara, Kshmr",Taran Adarsh,https://www.bollywoodhungama.com/movie/good-newwz/critic-review/
Housefull 4,Akshay Kumar,negative,2.0,2019,"October 25, 2019",Hindi,"Comedy, Drama",Farhad Samji,Riteish Deshmukh,Bobby Deol,"Sohail Sen, Farhad Samji, Sandeep Shirodkar, Devi Sri Prasad",Bollywood Hungama News Network,https://www.bollywoodhungama.com/movie/housefull-4/critic-review/
Mission Mangal,Akshay Kumar,positive,4.5,2019,"August 14, 2019",Hindi,"Patriotic, Drama",Jagan Shakti,Vidya Balan,Taapsee Pannu,Amit Trivedi,Bollywood Hungama News Network,https://www.bollywoodhungama.com/movie/mission-mangal/critic-review/
Laxmii,Akshay Kumar,negative,2.0,2020,"November 9, 2020",Hindi,"Horror, Comedy",Raghava Lawrence,Kiara Advani,Sharad Kelkar,"Tanishk Bagchi, Shashi - Khushi, Ullumanati",Taran Adarsh,https://www.bollywoodhungama.com/movie/laxmii/critic-review/
Atrangi Re,Akshay Kumar,negative,3.0,2021,"December 24, 2021",Hindi,"Romance, Comedy",Aanand. L. Rai,Sara Ali Khan,Dhanush,A. R. Rahman,Bollywood Hungama News Network,https://www.bollywoodhungama.com/movie/atrangi-re/critic-review/
Bellbottom,Akshay Kumar,positive,4.0,2021,"August 18, 2021",Hindi,"Action, Thriller",Ranjit M Tewari,Vaani Kapoor,Huma Qureshi,"Amaal Mallik, Tanishk Bagchi, Gurnazar, Shantanu Dutta, Kulwant Singh Bhamra, Maninder Buttar, Kartik Dev, Gaurav Dev",Taran Adarsh,https://www.bollywoodhungama.com/movie/bell-bottom/critic-review/
Sooryavanshi,Akshay Kumar,positive,4.5,2021,"November 5, 2021",Hindi,"Action, Thriller",Rohit Shetty,Katrina Kaif,Ranveer Singh,"Pritam Chakraborty, Viju Shah, DJ Chetas, Tanishk Bagchi, Jam8, Lijo George, Kaushik, Guddu, Akash, Pav Dharia",Taran Adarsh,https://www.bollywoodhungama.com/movie/sooryavanshi/critic-review/
Bachchhan Paandey,Akshay Kumar,positive,3.5,2022,"March 18, 2022",Hindi,"Action, Comedy",Farhad Samji,Kriti Sanon,Jacqueline Fernandez,"Amaal Mallik, Jaani, Vikram Montrose, B Praak",Bollywood Hungama News Network,https://www.bollywoodhungama.com/movie/bachchhan-paandey/critic-review/
Cuttputlli,Akshay Kumar,negative,2.5,2022,"September 2, 2022",Hindi,"Crime, Thriller",Ranjit M Tewari,Rakul Preet Singh,Chandrachur Singh,"Dr Zeus, Aditya Dev, Tanishk Bagchi",Bollywood Hungama News Network,https://www.bollywoodhungama.com/movie/cuttputlli/critic-review/
Samrat Prithviraj,Akshay Kumar,positive,3.5,2022,"June 3, 2022",Hindi,"Historical, Patriotic",Dr. Chandraprakash Dwivedi,Manushi Chhillar,Sanjay Dutt,"Shankar Mahadevan, Ehsaan Noorani, Loy Mendonsa, Alap Desai",Bollywood Hungama News Network,https://www.bollywoodhungama.com/movie/samrat-prithviraj/critic-review/
Raksha Bandhan,Akshay Kumar,positive,3.5,2022,"August 11, 2022",Hindi,"Drama, Family",Aanand. L. Rai,Bhumi Pednekar,Sadia Khateeb,Himesh Reshammiya,Bollywood Hungama News Network,https://www.bollywoodhungama.com/movie/raksha-bandhan-3/critic-review/
Ram Setu,Akshay Kumar,negative,2.5,2022,"October 25, 2022",Hindi,"Action, Thriller",Abhishek Sharma,Jacqueline Fernandez,Nushrratt Bharuccha,"Atul Gogavale, Ajay Gogavale, Dr. Zeus, Ved Sharma, Vikram Montrose",Bollywood Hungama News Network,https://www.bollywoodhungama.com/movie/ram-setu/critic-review/
Mission Raniganj,Akshay Kumar,positive,3.5,2023,"October 6, 2023",Hindi,"Biographical, Thriller",Tinu Suresh Desai,Parineeti Chopra,Rajesh Sharma,"Vishal Mishra, Prem Hardeep, Gaurav Chatterji",Bollywood Hungama News Network,https://www.bollywoodhungama.com/movie/mission-raniganj/critic-review/
Selfiee,Akshay Kumar,negative,3.0,2023,"February 24, 2023",Hindi,"Drama, Comedy",Raj Mehta,Emraan Hashmi,Nushrratt Bharuccha,"Anu Malik, Yo Yo Honey Singh, DJ Chetas, Tanishk Bagchi, Tarun, Vikram Montrose, Lijo George, Azeem Dayani, Aditya Yadav, The PropheC",Bollywood Hungama News Network,https://www.bollywoodhungama.com/movie/selfiee/critic-review/
Bade Miyan Chote Miyan,Akshay Kumar,negative,2.5,2024,"April 11, 2024",Hindi,"Action, Thriller",Ali Abbas Zafar,Tiger Shroff,Manushi Chhillar,Vishal Mishra,Bollywood Hungama News Network,https://www.bollywoodhungama.com/movie/bade-miyan-chote-miyan/critic-review/
Khel Khel Mein,Akshay Kumar,positive,3.5,2024,"August 15, 2024",Hindi,"Comedy, Drama",Mudassar Aziz,Vaani Kapoor,Fardeen Khan,"Jassi Sidhu, Rochak Kohli, Intense, Raj Ranjodh, Tanishk Bagchi, Guru Randhawa, B Praak",Bollywood Hungama News Network,https://www.bollywoodhungama.com/movie/khel-khel-mein-2/critic-review/
Sarfira,Akshay Kumar,negative,2.5,2024,"July 12, 2024",Hindi,"Biographical, Drama",Sudha Kongara,Radhikka Madan,Paresh Rawal,"G.V.Prakash Kumar, Tanishk Bagchi, Suhit Abhyankar",Bollywood Hungama News Network,https://www.bollywoodhungama.com/movie/sarfira/critic-review/
Jolly LLB 3,Akshay Kumar,positive,3.5,2025,"September 18, 2025",Hindi,"Comedy, Drama",Subhash Kapoor,Arshad Warsi,Amrita Rao,"Aman Panth, Anurag Saikia, Vikram Montrose",Bollywood Hungama News Network,https://www.bollywoodhungama.com/movie/jolly-llb-3/critic-review/
Sky Force,Akshay Kumar,positive,4.0,2025,"January 23, 2025",Hindi,"Action, Patriotic","Sandeep Kewlani, Abhishek Anil Kapur",Veer Pahariya,Sara Ali Khan,"Tanishk Bagchi, G.V.Prakash Kumar",Bollywood Hungama News Network,https://www.bollywoodhungama.com/movie/sky-force/critic-review/
Bhooth Bangla,Akshay Kumar,positive,3.5,2026,"April 16, 2026",Hindi,"Horror, Comedy",Priyadarshan,Wamiqa Gabbi,Tabu,Pritam Chakraborty,Bollywood Hungama News Network,https://www.bollywoodhungama.com/movie/bhooth-bangla/critic-review/
Welcome To The Jungle,Akshay Kumar,positive,3.5,2026,"June 25, 2026",Hindi,"Comedy, Drama",Ahmed Khan,Disha Patani,Suniel Shetty,"Wajid Ali, Meet Bros, Vikram Montrose, Sajid Ali, Anand Raaj Anand, Talwiinder",Bollywood Hungama News Network,https://www.bollywoodhungama.com/movie/welcome-to-the-jungle/critic-review/
Deewane,Ajay Devgn,negative,2.5,2000,"December 15, 2000",Hindi,Romance,Harry Baweja,Urmila Matondkar,Raju Mavani,"Sanjeev Rathod, Darshan Rathod",Taran Adarsh,https://www.bollywoodhungama.com/movie/deewane-2/critic-review/
Raju Chacha,Ajay Devgn,negative,3.0,2000,"December 30, 2000",Hindi,Social,Anil Devgan,Kajol,Master Kewalya Chedha,"Lalit Pandit, Jatin Pandit",Taran Adarsh,https://www.bollywoodhungama.com/movie/raju-chacha/critic-review/
Lajja,Ajay Devgn,negative,2.5,2001,"August 29, 2001",Hindi,"Crime, Drama, Musical, Romance",Rajkumar Santoshi,Anil Kapoor,Madhuri Dixit,Anu Malik,Taran Adarsh,https://www.bollywoodhungama.com/movie/lajja/critic-review/
Yeh Raaste Hai Pyaar Ke,Ajay Devgn,negative,2.0,2001,"August 9, 2001",Hindi,"Drama, Romance",Deepak Shivdasani,Madhuri Dixit,Preity Zinta,,Taran Adarsh,https://www.bollywoodhungama.com/movie/yeh-raaste-hai-pyaar-ke/critic-review/
Company,Ajay Devgn,negative,3.0,2002,"April 10, 2002",Hindi,"Action, Comedy, Crime, Drama, Thriller",Ram Gopal Varma,Vivek Oberoi,Manisha Koirala,Sandeep Chowta,Taran Adarsh,https://www.bollywoodhungama.com/movie/company/critic-review/
Deewangee,Ajay Devgn,negative,2.5,2002,"October 25, 2002",Hindi,Romance,Anees Bazmee,Akshaye Khanna,Urmila Matondkar,Ismail Darbar,Taran Adarsh,https://www.bollywoodhungama.com/movie/deewangee-2/critic-review/
Hum Kisi Se Kum Nahin,Ajay Devgn,negative,2.5,2002,"May 31, 2002",Hindi,"Comedy, Romance",David Dhawan,Sanjay Dutt,Amitabh Bachchan,Anu Malik,Taran Adarsh,https://www.bollywoodhungama.com/movie/hum-kisi-se-kum-nahin/critic-review/
Chori Chori,Ajay Devgn,negative,1.0,2003,"July 31, 2003",Hindi,,Milan Luthria,Rani Mukerji,Kamini Kaushal,,Taran Adarsh,https://www.bollywoodhungama.com/movie/chori-chori-3/critic-review/
Gangaajal,Ajay Devgn,negative,2.0,2003,"August 29, 2003",Hindi,Drama,Prakash Jha,Gracy Singh,Raj Khan,,Taran Adarsh,https://www.bollywoodhungama.com/movie/gangaajal/critic-review/
Qayamat,Ajay Devgn,negative,2.0,2003,"July 11, 2003",Hindi,Action,Harry Baweja,Neha Dhupia,Suniel Shetty,"Ranjit Barot, Naresh Sharma",Taran Adarsh,https://www.bollywoodhungama.com/movie/qayamat-2/critic-review/
Zameen,Ajay Devgn,negative,3.0,2003,"September 26, 2003",Hindi,"Action, Drama",Rohit Shetty,Abhishek Bachchan,Bipasha Basu,Himesh Reshammiya,Taran Adarsh,https://www.bollywoodhungama.com/movie/zameen/critic-review/
Masti,Ajay Devgn,positive,3.5,2004,"April 9, 2004",Hindi,"Adult, Comedy",,Riteish Deshmukh,Vivek Oberoi,Anand Raj Anand,Taran Adarsh,https://www.bollywoodhungama.com/movie/masti/critic-review/
Raincoat,Ajay Devgn,negative,1.0,2004,"December 24, 2004",Hindi,Drama,Rituparno Ghosh,Aishwarya Rai Bachchan,Mouli Ganguly,,Taran Adarsh,https://www.bollywoodhungama.com/movie/raincoat/critic-review/
Yuva,Ajay Devgn,negative,1.0,2004,"May 21, 2004",Hindi,"Crime, Drama",Mani Ratnam,Abhishek Bachchan,Rani Mukerji,A.R. Rahman,Taran Adarsh,https://www.bollywoodhungama.com/movie/yuva/critic-review/
Shikhar,Ajay Devgn,negative,1.5,2005,"December 30, 2005",Hindi,"Drama, Musical, Romance, Thriller",John Mathew Matthan,Amrita Rao,Bipasha Basu,Viju Shah,Taran Adarsh,https://www.bollywoodhungama.com/movie/shikhar/critic-review/
Golmaal: Fun Unlimited,Ajay Devgn,positive,3.5,2006,"July 14, 2006",Hindi,"Comedy, Drama",Rohit Shetty,Rimi Sen,Tusshar Kapoor,"Vishal Dadlani, Shekhar Ravjianii",Taran Adarsh,https://www.bollywoodhungama.com/movie/golmaal-2/critic-review/
Golmaal Returns,Ajay Devgn,negative,2.0,2008,"October 29, 2008",Hindi,"Comedy, Drama",Rohit Shetty,Kareena Kapoor Khan,Tusshar Kapoor,"Pritam Chakraborty, Ashiesh Pandit",Taran Adarsh,https://www.bollywoodhungama.com/movie/golmaal-returns/critic-review/
Halla Bol,Ajay Devgn,negative,3.0,2008,"January 11, 2008",Hindi,Drama,Rajkumar Santoshi,Vidya Balan,Ishtiyak Khan,"Sukhwinder Singh, Vanraj Bhatia",Taran Adarsh,https://www.bollywoodhungama.com/movie/halla-bol/critic-review/
Mehbooba,Ajay Devgn,negative,2.0,2008,"July 11, 2008",Hindi,"Drama, Romance",Afzal Khan,Manisha Koirala,Sanjay Dutt,Ismail Darbar,Taran Adarsh,https://www.bollywoodhungama.com/movie/mehbooba/critic-review/
Sunday,Ajay Devgn,positive,3.5,2008,"January 25, 2008",Hindi,"Comedy, Thriller",Rohit Shetty,Ayesha Takia Azmi,Irrfan Khan,"Sandeep Chowta, Amar Mohile, Raghav Sachar, Shibani Kashyap, Suroor, Suroor, Daler Mehndi",Taran Adarsh,https://www.bollywoodhungama.com/movie/sunday/critic-review/
U Me Aur Hum,Ajay Devgn,positive,4.0,2008,"April 11, 2008",Hindi,"Drama, Romance",Ajay Devgn,Kajol,Divya Dutta,Vishal Bhardwaj,Taran Adarsh,https://www.bollywoodhungama.com/movie/u-me-aur-hum/critic-review/
All The Best,Ajay Devgn,positive,3.5,2009,"October 16, 2009",Hindi,Comedy,Rohit Shetty,Fardeen Khan,Sanjay Dutt,Pritam Chakraborty,Taran Adarsh,https://www.bollywoodhungama.com/movie/all-the-best/critic-review/
Atithi Tum Kab Jaoge,Ajay Devgn,positive,3.5,2010,"March 4, 2010",Hindi,Comedy,Ashwni Dhir,Konkona Sen Sharma,Paresh Rawal,Pritam Chakraborty,Taran Adarsh,https://www.bollywoodhungama.com/movie/atithi-tum-kab-jaoge/critic-review/
Golmaal 3,Ajay Devgn,positive,4.0,2010,"November 4, 2010",Hindi,"Comedy, Drama",Rohit Shetty,Kareena Kapoor Khan,Arshad Warsi,Pritam Chakraborty,Taran Adarsh,https://www.bollywoodhungama.com/movie/golmaal-3/critic-review/
Once Upon A Time In Mumbaai,Ajay Devgn,positive,4.0,2010,"July 30, 2010",Hindi,"Action, Drama, Romance",Milan Luthria,Kangana Ranaut,Emraan Hashmi,Pritam Chakraborty,Taran Adarsh,https://www.bollywoodhungama.com/movie/once-upon-a-time-in-mumbaai/critic-review/
Raajneeti,Ajay Devgn,positive,4.0,2010,"June 3, 2010",Hindi,"Drama, Social",Prakash Jha,Katrina Kaif,Nana Patekar,"Pritam Chakraborty, Aadesh Shrivastav, Shantanu Moitra, Wayne Sharp",Taran Adarsh,https://www.bollywoodhungama.com/movie/raajneeti/critic-review/
Singham,Ajay Devgn,positive,4.5,2011,"July 20, 2011",Hindi,"Action, Drama",Rohit Shetty,Kajal Aggarwal,Pradeep Welankar,"Atul Gogavale, Ajay Gogavale",Taran Adarsh,https://www.bollywoodhungama.com/movie/singham/critic-review/
Bol Bachchan,Ajay Devgn,positive,4.0,2012,"July 5, 2012",Hindi,Comedy,Rohit Shetty,Abhishek Bachchan,Prachi Desai,"Himesh Reshammiya, Atul Gogavale, Ajay Gogavale",Taran Adarsh,https://www.bollywoodhungama.com/movie/bol-bachchan/critic-review/
Son Of Sardaar,Ajay Devgn,positive,4.0,2012,"November 12, 2012",Hindi,"Action, Comedy",Ashwni Dhir,Sanjay Dutt,Sonakshi Sinha,"Himesh Reshammiya, Wajid, Sajid, Sandeep Chowta",Taran Adarsh,https://www.bollywoodhungama.com/movie/son-of-sardaar/critic-review/
Tezz,Ajay Devgn,positive,3.5,2012,"April 25, 2012",Hindi,"Drama, Action",Priyadarshan,Kangana Ranaut,Anil Kapoor,"Wajid, Sajid",Taran Adarsh,https://www.bollywoodhungama.com/movie/tezz/critic-review/
Himmatwala,Ajay Devgn,negative,1.5,2013,"March 29, 2013",Hindi,"Action, Comedy",Sajid Khan,Tamannaah Bhatia,Adhyayan Suman,"Wajid, Sajid",Taran Adarsh,https://www.bollywoodhungama.com/movie/himmatwala/critic-review/
Action Jackson,Ajay Devgn,negative,2.0,2014,"December 5, 2014",Hindi,"Action, Drama, Romance",Prabhu Dheva,Sonakshi Sinha,Shahid Kapoor,Himesh Reshammiya,Bollywood Hungama News Network,https://www.bollywoodhungama.com/movie/action-jackson/critic-review/
Singham Returns,Ajay Devgn,positive,4.0,2014,"August 15, 2014",Hindi,"Action, Drama",Rohit Shetty,Kareena Kapoor Khan,Neeta Parmar,"Meet Bros Anjjan, Yo Yo Honey Singh, Ankit Tiwari, Jeet Ganguly",Taran Adarsh,https://www.bollywoodhungama.com/movie/singham-returns/critic-review/
Drishyam,Ajay Devgn,positive,4.0,2015,"July 29, 2015",Hindi,"Crime, Thriller",Nishikant Kamat,Shriya Saran,Tabu,Vishal Bhardwaj,Bollywood Hungama News Network,https://www.bollywoodhungama.com/movie/drishyam/critic-review/
Shivaay,Ajay Devgn,positive,3.5,2016,"October 28, 2016",Hindi,"Drama, Action",Ajay Devgn,Sayyeshaa,Abigail Eames,Mithoon,Bollywood Hungama News Network,https://www.bollywoodhungama.com/movie/shivaay/critic-review/
Baadshaho,Ajay Devgn,positive,3.5,2017,"September 1, 2017",Hindi,"Action, Thriller",Milan Luthria,Emraan Hashmi,Ileana D'Cruz,"Ankit Tiwari, Tanishk Bagchi, Kabir Cafe, Nusrat Fateh Ali Khan, Rohit Manjrekar",Bollywood Hungama News Network,https://www.bollywoodhungama.com/movie/baadshaho/critic-review/
Golmaal Again,Ajay Devgn,positive,3.5,2017,"October 20, 2017",Hindi,"Comedy, Horror",Rohit Shetty,Parineeti Chopra,Arshad Warsi,"Amaal Mallik, DJ Chetas, Nucleya, Abhishek Arora, S. Thaman",Bollywood Hungama News Network,https://www.bollywoodhungama.com/movie/golmaal-again/critic-review/
Raid,Ajay Devgn,positive,4.0,2018,"March 15, 2018",Hindi,"Crime, Thriller",Rajkumar Gupta,Ileana D'Cruz,Saurabh Shukla,"Amit Trivedi, Tanishk Bagchi",Bollywood Hungama News Network,https://www.bollywoodhungama.com/movie/raid/critic-review/
De De Pyaar De,Ajay Devgn,positive,4.0,2019,"May 16, 2019",Hindi,"Romance, Comedy",Akiv Ali,Rakul Preet Singh,Tabu,"Atul Sharma, Amaal Mallik, Manj Musik, Vipin Patwa, Rochak Kohli, Tanishk Bagchi, Garry Sandhu",Bollywood Hungama News Network,https://www.bollywoodhungama.com/movie/de-de-pyaar-de/critic-review/
Total Dhamaal,Ajay Devgn,negative,2.5,2019,"February 22, 2019",Hindi,"Comedy, Drama",Indra Kumar,Riteish Deshmukh,Arshad Warsi,Gourov Roshin,Bollywood Hungama News Network,https://www.bollywoodhungama.com/movie/total-dhamaal/critic-review/
Tanhaji - The Unsung Warrior,Ajay Devgn,positive,4.0,2020,"January 9, 2020",Hindi,"Biographical, Patriotic",Om Raut,Saif Ali Khan,Kajol,"Atul Gogavale, Ajay Gogavale, Sachet Tandon, Mehul Vyas, Parampara Tandon",Bollywood Hungama News Network,https://www.bollywoodhungama.com/movie/taanaji-the-unsung-warrior/critic-review/
Bhuj - The Pride Of India,Ajay Devgn,positive,3.5,2021,"August 13, 2021",Hindi,"Biographical, Patriotic",Abhishek Dudhaiya,Sonakshi Sinha,Sanjay Dutt,"Amar Mohile, Arko, Dj Lijo, DJ Chetas, Vipin Patwa, Tanishk Bagchi, Gourov Dasgupta",Bollywood Hungama News Network,https://www.bollywoodhungama.com/movie/bhuj-pride-india/critic-review/
Drishyam 2,Ajay Devgn,positive,4.0,2022,"November 18, 2022",Hindi,"Crime, Thriller",Abhishek Pathak,Shriya Saran,Tabu,Devi Sri Prasad,Bollywood Hungama News Network,https://www.bollywoodhungama.com/movie/drishyam-2/critic-review/
Runway 34,Ajay Devgn,negative,3.0,2022,"April 29, 2022",Hindi,"Action, Thriller",Ajay Devgn,Amitabh Bachchan,Rakul Preet Singh,Jasleen Royal,Bollywood Hungama News Network,https://www.bollywoodhungama.com/movie/runway-34/critic-review/
Thank God,Ajay Devgn,positive,3.5,2022,"October 25, 2022",Hindi,"Comedy, Drama",Indra Kumar,Sidharth Malhotra,Rakul Preet Singh,"Anand Raj Anand, Rochak Kohli, Tanishk Bagchi, Chamath Sangeeth",Bollywood Hungama News Network,https://www.bollywoodhungama.com/movie/thank-god/critic-review/
Bholaa,Ajay Devgn,positive,3.5,2023,"March 30, 2023",Hindi,"Action, Thriller",Ajay Devgn,Tabu,Deepak Dobriyal,Ravi Basrur,Bollywood Hungama News Network,https://www.bollywoodhungama.com/movie/bholaa/critic-review/
Auron Mein Kahan Dum Tha,Ajay Devgn,negative,2.0,2024,"August 2, 2024",Hindi,"Romance, Drama",Neeraj Pandey,Tabu,Shantanu Maheshwari,M. M. Kreem,Bollywood Hungama News Network,https://www.bollywoodhungama.com/movie/auron-mein-kahan-dum-tha/critic-review/
Maidaan,Ajay Devgn,positive,4.0,2024,"April 9, 2024",Hindi,"Biographical, Sports",Amit Ravindernath Sharma,Priyamani,Gajraj Rao,A. R. Rahman,Bollywood Hungama News Network,https://www.bollywoodhungama.com/movie/maidaan/critic-review/
Shaitaan,Ajay Devgn,positive,4.0,2024,"March 8, 2024",Hindi,"Thriller, Drama",Vikas Bahl,Jyotika,R Madhavan,Amit Trivedi,Bollywood Hungama News Network,https://www.bollywoodhungama.com/movie/shaitaan/critic-review/
Singham Again,Ajay Devgn,positive,4.5,2024,"November 1, 2024",Hindi,"Action, Drama",Rohit Shetty,Kareena Kapoor Khan,Akshay Kumar,"Payal Dev, DJ Chetas, Jam8, S. Thaman, Lijo George, Ravi Basrur",Bollywood Hungama News Network,https://www.bollywoodhungama.com/movie/singham-again/critic-review/
De De Pyaar De 2,Ajay Devgn,positive,4.0,2025,"November 14, 2025",Hindi,"Romance, Comedy",Anshul Sharma,Rakul Preet Singh,R Madhavan,"Yo Yo Honey Singh, Hitesh Sonik, Payal Dev, Sagar Bhatia, Aditya Dev, Jaani, Avvy Sra",Bollywood Hungama News Network,https://www.bollywoodhungama.com/movie/de-de-pyaar-de-2/critic-review/
Raid 2,Ajay Devgn,positive,3.5,2025,"May 1, 2025",Hindi,"Crime, Thriller",Rajkumar Gupta,Vaani Kapoor,Riteish Deshmukh,"Nusrat Fateh Ali Khan, Yo Yo Honey Singh, Amit Trivedi, Rochak Kohli, Sachet Tandon, Parampara Tandon, White Noise Collectives",Bollywood Hungama News Network,https://www.bollywoodhungama.com/movie/raid-2/critic-review/
Son Of Sardaar 2,Ajay Devgn,negative,2.0,2025,"August 1, 2025",Hindi,"Comedy, Action",Vijay Kumar Arora,Mrunal Thakur,Ravi Kishan,"Himesh Reshammiya, Tejwant Kittu, DJ Chetas, Tanishk Bagchi, Jaani, Lijo George, Harsh Upadhyay, Jay Mavani, Sunny Vik",Bollywood Hungama News Network,https://www.bollywoodhungama.com/movie/son-of-sardaar-2/critic-review/
Har Dil Jo Pyaar Karega,Salman Khan,positive,3.5,2000,"December 15, 2000",Hindi,"Drama, Musical, Romance",Raj Kanwar,Rani Mukerji,Sana Saeed,Anu Malik,Taran Adarsh,https://www.bollywoodhungama.com/movie/har-dil-jo-pyaar-karega/critic-review/
Kahi Pyaar Na Ho Jaaye,Salman Khan,negative,1.0,2000,"December 15, 2000",Hindi,"Comedy, Romance",K Murali Mohan Rao,Rani Mukerji,Baby Gazala,Himesh Reshammiya,Taran Adarsh,https://www.bollywoodhungama.com/movie/kahi-pyaar-na-ho-jaaye/critic-review/
Chori Chori Chupke Chupke,Salman Khan,positive,4.0,2001,"March 8, 2001",Hindi,Social,"Mustan Burmawalla, Abbas Burmawalla",Rani Mukerji,Preity Zinta,Anu Malik,Taran Adarsh,https://www.bollywoodhungama.com/movie/chori-chori-chupke-chupke/critic-review/
Yeh Hai Jalwa,Salman Khan,negative,1.5,2002,"July 26, 2002",Hindi,"Comedy, Drama, Romance",David Dhawan,Ameesha Patel,Master Ajay Nagrath,"Himesh Reshammiya, Anand Raj Anand",Taran Adarsh,https://www.bollywoodhungama.com/movie/yeh-hai-jalwa/critic-review/
Tere Naam,Salman Khan,negative,3.0,2003,"August 15, 2003",Hindi,Romance,Satish Kaushik,Bhumika Chawla,Savita Prabhune,"Himesh Reshammiya, Wajid, Sajid",Taran Adarsh,https://www.bollywoodhungama.com/movie/tere-naam/critic-review/
Mujhse Shaadi Karogi,Salman Khan,positive,4.0,2004,"July 28, 2004",Hindi,"Comedy, Romance",David Dhawan,Akshay Kumar,Priyanka Chopra Jonas,"Anu Malik, Wajid, Sajid",Taran Adarsh,https://www.bollywoodhungama.com/movie/mujhse-shaadi-karogi/critic-review/
Garv,Salman Khan,negative,2.5,2004,"July 9, 2004",Hindi,Action,Puneet Issar,Shilpa Shetty,Arbaaz Khan,"Anu Malik, Wajid, Sajid",Taran Adarsh,https://www.bollywoodhungama.com/movie/garv/critic-review/
Dil Ne Jise Apna Kahaa,Salman Khan,negative,2.0,2004,"September 10, 2004",Hindi,Romance,Atul Agnihotri,Preity Zinta,Bhumika Chawla,"Himesh Reshammiya, A.R. Rahman",Taran Adarsh,https://www.bollywoodhungama.com/movie/dil-ne-jise-apna-kahaa/critic-review/
Phir Milenge,Salman Khan,negative,1.5,2004,"August 27, 2004",Hindi,Drama,Revathi,Shilpa Shetty,Abhishek Bachchan,"Nikhil, Shankar Mahadevan, Ehsaan Noorani, Loy Mendonsa, Bhavatha Raja, Vinay",Taran Adarsh,https://www.bollywoodhungama.com/movie/phir-milenge/critic-review/
Kyon Ki,Salman Khan,negative,1.5,2005,"November 2, 2005",Hindi,Drama,Priyadarshan,Rimi Sen,Atul Parchure,Himesh Reshammiya,Taran Adarsh,https://www.bollywoodhungama.com/movie/kyon-ki/critic-review/
No Entry,Salman Khan,positive,3.5,2005,"August 26, 2005",Hindi,Comedy,Anees Bazmee,Anil Kapoor,Lara Dutta,Anu Malik,Taran Adarsh,https://www.bollywoodhungama.com/movie/no-entry/critic-review/
Maine Pyaar Kyun Kiya,Salman Khan,negative,3.0,2005,"July 15, 2005",Hindi,Comedy,David Dhawan,Sohail Khan,Katrina Kaif,Himesh Reshammiya,Taran Adarsh,https://www.bollywoodhungama.com/movie/maine-pyaar-kyun-kiya/critic-review/
Jaan-E-Mann,Salman Khan,positive,3.5,2006,"October 20, 2006",Hindi,"Musical, Romance, Social",Shirish Kunder,Preity Zinta,Akshay Kumar,Anu Malik,Taran Adarsh,https://www.bollywoodhungama.com/movie/jaan-e-mann/critic-review/
Shaadi Karke Phas Gaya Yaar,Salman Khan,negative,1.0,2006,"August 4, 2006",Hindi,Drama,K S Adhiyaman,Shilpa Shetty,Amneek Sandhu,"Wajid, Dabboo Malik, P Sameer, Sajid",Taran Adarsh,https://www.bollywoodhungama.com/movie/shaadi-karke-phas-gaya-yaar/critic-review/
Partner,Salman Khan,positive,4.0,2007,"June 7, 2007",Hindi,"Romance, Comedy",David Dhawan,Govinda,Katrina Kaif,"Wajid, Sajid",Taran Adarsh,https://www.bollywoodhungama.com/movie/partner-2/critic-review/
Salaam-E-Ishq,Salman Khan,negative,1.5,2007,"January 25, 2007",Hindi,"Romance, Social",Nikhil Advani,Priyanka Chopra Jonas,John Abraham,"Shankar Mahadevan, Ehsaan Noorani, Loy Mendonsa",Taran Adarsh,https://www.bollywoodhungama.com/movie/salaam-e-ishq/critic-review/
God Tussi Great Ho,Salman Khan,negative,2.0,2008,"August 15, 2008",Hindi,"Comedy, Romance",Rumi Jaffery,Priyanka Chopra Jonas,Amitabh Bachchan,"Wajid, Sajid",Taran Adarsh,https://www.bollywoodhungama.com/movie/god-tussi-great-ho/critic-review/
Yuvvraaj,Salman Khan,negative,3.0,2008,"November 21, 2008",Hindi,"Drama, Musical",Subhash Ghai,Katrina Kaif,Chinmay Patwardhan,A.R. Rahman,Taran Adarsh,https://www.bollywoodhungama.com/movie/yuvvraaj/critic-review/
London Dreams,Salman Khan,negative,3.0,2009,"October 30, 2009",Hindi,"Musical, Social",Vipul Amrutlal Shah,Ajay Devgn,Asin,"Shankar Mahadevan, Ehsaan Noorani, Loy Mendonsa",Taran Adarsh,https://www.bollywoodhungama.com/movie/london-dreams/critic-review/
Main Aurr Mrs Khanna,Salman Khan,negative,1.5,2009,"October 16, 2009",Hindi,Romance,Prem Raj,Kareena Kapoor Khan,Nauheed Cyrusi,"Wajid, Sajid",Taran Adarsh,https://www.bollywoodhungama.com/movie/main-aurr-mrs-khanna/critic-review/
Veer,Salman Khan,negative,1.5,2010,"January 22, 2010",Hindi,"Action, Drama",Anil Sharma,Zareen Khan,Roy Brongsheet,"Wajid, Sajid",Taran Adarsh,https://www.bollywoodhungama.com/movie/veer-2/critic-review/
Dabangg,Salman Khan,positive,4.5,2010,"September 8, 2010",Hindi,"Action, Crime",Abhinav Singh Kashyap,Sonakshi Sinha,Amitosh Nagpal,"Wajid, Sajid, Lalit Pandit",Taran Adarsh,https://www.bollywoodhungama.com/movie/dabangg/critic-review/
Bodyguard,Salman Khan,positive,4.5,2011,"August 29, 2011",Hindi,"Action, Romance",Siddique,Kareena Kapoor Khan,Salim Baig,"Himesh Reshammiya, Pritam Chakraborty",Taran Adarsh,https://www.bollywoodhungama.com/movie/bodyguard/critic-review/
Ready,Salman Khan,positive,4.0,2011,"June 2, 2011",Hindi,"Comedy, Family",Anees Bazmee,Asin,Mohit Baghel,"Pritam Chakraborty, Devi Shri Prasad",Taran Adarsh,https://www.bollywoodhungama.com/movie/ready/critic-review/
Dabangg 2,Salman Khan,positive,4.0,2012,"December 20, 2012",Hindi,"Action, Crime",Arbaaz Khan,Sonakshi Sinha,Arbaaz Khan,"Wajid, Sajid",Taran Adarsh,https://www.bollywoodhungama.com/movie/dabangg-2/critic-review/
Ek Tha Tiger,Salman Khan,positive,4.5,2012,"August 15, 2012",Hindi,"Action, Thriller",Kabir Khan,Katrina Kaif,Roshan Seth,"Wajid, Sajid, Sohail Sen",Taran Adarsh,https://www.bollywoodhungama.com/movie/ek-tha-tiger/critic-review/
Jai Ho,Salman Khan,positive,4.5,2014,"January 24, 2014",Hindi,Action,Sohail Khan,Daisy Shah,Danny Denzongpa,"Wajid, Sajid, Devi Shri Prasad, Amaal Mallik",Taran Adarsh,https://www.bollywoodhungama.com/movie/jai-ho/critic-review/
Kick,Salman Khan,positive,4.5,2014,"July 24, 2014",Hindi,"Action, Thriller",Sajid Nadiadwala,Jacqueline Fernandez,Baby Diya Chalwad,"Himesh Reshammiya, Meet Bros Anjjan, Yo Yo Honey Singh, DJ Angel",Taran Adarsh,https://www.bollywoodhungama.com/movie/kick/critic-review/
Bajrangi Bhaijaan,Salman Khan,positive,4.5,2015,"July 16, 2015",Hindi,"Action, Comedy",Kabir Khan,Kareena Kapoor Khan,Harshaali Malhotra,Pritam Chakraborty,Bollywood Hungama News Network,https://www.bollywoodhungama.com/movie/bajrangi-bhaijaan/critic-review/
Prem Ratan Dhan Payo,Salman Khan,positive,4.5,2015,"November 12, 2015",Hindi,"Family, Drama",Sooraj Barjatya,Sonam Kapoor Ahuja,Baby Hridaan V. Surana,Himesh Reshammiya,Taran Adarsh,https://www.bollywoodhungama.com/movie/prem-ratan-dhan-payo/critic-review/
Tubelight,Salman Khan,negative,2.0,2017,"June 23, 2017",Hindi,"Family, Drama",Kabir Khan,Sohail Khan,Zhu Zhu,Pritam Chakraborty,Bollywood Hungama News Network,https://www.bollywoodhungama.com/movie/tubelight/critic-review/
Tiger Zinda Hai,Salman Khan,positive,4.5,2017,"December 22, 2017",Hindi,"Action, Thriller",Ali Abbas Zafar,Katrina Kaif,Sajjad Delafrooz,"Vishal Dadlani, Shekhar Ravjianii",Bollywood Hungama News Network,https://www.bollywoodhungama.com/movie/tiger-zinda-hai/critic-review/
Race 3,Salman Khan,negative,2.0,2018,"June 15, 2018",Hindi,"Action, Suspense",Remo DSouza,Jacqueline Fernandez,Daisy Shah,"Manmeet Singh, Harmeet Singh, Jayanta Pathak, Vishal Mishra, Meet Bros, Gurinder Seagal, Vicky Hardik, Tushar Joshi, Shivai Vyas, Ali Jacko",Bollywood Hungama News Network,https://www.bollywoodhungama.com/movie/race-3/critic-review/
Bharat,Salman Khan,positive,4.5,2019,"June 5, 2019",Hindi,"Family, Drama",Ali Abbas Zafar,Katrina Kaif,Disha Patani,"Vishal Dadlani, Shekhar Ravjianii",Bollywood Hungama News Network,https://www.bollywoodhungama.com/movie/bharat/critic-review/
Dabangg 3,Salman Khan,negative,2.5,2019,"December 20, 2019",Hindi,"Action, Crime",Prabhu Dheva,Sonakshi Sinha,Saiee Manjrekar,"Wajid, Sajid",Bollywood Hungama News Network,https://www.bollywoodhungama.com/movie/dabangg-3/critic-review/
Antim - The Final Truth,Salman Khan,positive,3.5,2021,"November 26, 2021",Hindi,"Action, Drama",Mahesh Manjrekar,Aayush Sharma,Mahima Makwana,"Hitesh Modak, Ravi Basrur",Bollywood Hungama News Network,https://www.bollywoodhungama.com/movie/antim-the-final-truth/critic-review/
Radhe - Your Most Wanted Bhai,Salman Khan,negative,2.0,2021,"May 13, 2021",Hindi,"Action, Crime, Thriller",Prabhu Dheva,Disha Patani,Jackie Shroff,"Himesh Reshammiya, Wajid, Sajid, Devi Sri Prasad",Taran Adarsh,https://www.bollywoodhungama.com/movie/radhe/critic-review/
Kisi Ka Bhai Kisi Ki Jaan,Salman Khan,positive,3.5,2023,"April 21, 2023",Hindi,"Action, Comedy",Farhad Samji,Pooja Hegde,Venkatesh Daggubati,"Himesh Reshammiya, Sajid, Amaal Mallik, Yo Yo Honey Singh, Sukhbir, Payal Dev, Devi Sri Prasad, Ravi Basrur",Bollywood Hungama News Network,https://www.bollywoodhungama.com/movie/kisi-ka-bhai-kisi-ki-jaan/critic-review/
Tiger 3,Salman Khan,positive,4.0,2023,"November 12, 2023",Hindi,"Action, Thriller",Maneesh Sharma,Katrina Kaif,Emraan Hashmi,Pritam Chakraborty,Bollywood Hungama News Network,https://www.bollywoodhungama.com/movie/tiger-3/critic-review/
Sikandar,Salman Khan,negative,2.5,2025,"March 30, 2025",Hindi,"Action, Drama",A. R. Murugadoss,Rashmika Mandanna,Sathyaraj,"Pritam Chakraborty, Jam8",Bollywood Hungama News Network,https://www.bollywoodhungama.com/movie/sikandar-3/critic-review/
Armaan,Amitabh Bachchan,negative,1.5,2003,"May 17, 2003",Hindi,Drama,Honey Irani,Anil Kapoor,Preity Zinta,"Shankar Mahadevan, Ehsaan Noorani, Loy Mendonsa",Taran Adarsh,https://www.bollywoodhungama.com/movie/armaan/critic-review/
Baghban,Amitabh Bachchan,negative,2.0,2003,"October 2, 2003",Hindi,"Drama, Family",Ravi Chopra,Hema Malini,Salman Khan,"Aadesh Shrivastav, Uttam Singh",Taran Adarsh,https://www.bollywoodhungama.com/movie/baghban/critic-review/
Aetbaar,Amitabh Bachchan,negative,3.0,2004,"January 22, 2004",Hindi,"Drama, Musical, Romance",Vikram Bhatt,John Abraham,Bipasha Basu,,Taran Adarsh,https://www.bollywoodhungama.com/movie/aetbaar/critic-review/
Dev,Amitabh Bachchan,negative,2.0,2004,"June 11, 2004",Hindi,Drama,Govind Nihalani,Fardeen Khan,Kareena Kapoor Khan,Aadesh Shrivastav,Taran Adarsh,https://www.bollywoodhungama.com/movie/dev/critic-review/
Deewaar - Lets bring our heroes home,Amitabh Bachchan,negative,3.0,2004,"June 25, 2004",Hindi,"Action, Drama",Milan Luthria,Sanjay Dutt,Akshaye Khanna,Aadesh Shrivastav,Taran Adarsh,https://www.bollywoodhungama.com/movie/deewaar/critic-review/
Kyun Ho Gaya Na,Amitabh Bachchan,negative,1.5,2004,"August 13, 2004",Hindi,"Comedy, Romance",Samir Karnik,Aishwarya Rai Bachchan,Vivek Oberoi,"Shankar Mahadevan, Ehsaan Noorani, Loy Mendonsa",Taran Adarsh,https://www.bollywoodhungama.com/movie/kyun-ho-gaya-na/critic-review/
Dil Jo Bhi Kahey,Amitabh Bachchan,negative,1.5,2005,"September 23, 2005",Hindi,Romance,Romesh Sharma,Claire Oberman,Malcolm Stoddard,,Taran Adarsh,https://www.bollywoodhungama.com/movie/dil-jo-bhi-kahey/critic-review/
Sarkar,Amitabh Bachchan,positive,3.5,2005,"July 1, 2005",Hindi,"Social, Drama",Ram Gopal Varma,Abhishek Bachchan,Raju Mavani,"Bapi, Tutul",Taran Adarsh,https://www.bollywoodhungama.com/movie/sarkar/critic-review/
Viruddh,Amitabh Bachchan,negative,3.0,2005,"July 22, 2005",Hindi,"Drama, Family",Mahesh Manjrekar,John Abraham,Amitabh Dayal,"Anand Raj Anand, Roop Kumar Rathod, Ajay Gogavale, Ashit Desai, Bhavdeep Jaipurwale, Violin Brothers",Taran Adarsh,https://www.bollywoodhungama.com/movie/viruddh/critic-review/
Darna Zaroori Hai,Amitabh Bachchan,negative,1.5,2006,"April 28, 2006",Hindi,"Horror, Thriller","Ram Gopal Varma, Sajid Khan, Manish Gupta, Prawaal Raman, Jijy Philip, Vivek Shah, J. D. Chakravarthy",Riteish Deshmukh,Bipasha Basu,"Salim Merchant, Sulaiman Merchant, Nitin Raikwar, Taabhish Romani",Taran Adarsh,https://www.bollywoodhungama.com/movie/darna-zaroori-hai/critic-review/
Ram Gopal Varma Ki Aag,Amitabh Bachchan,negative,2.0,2007,"August 31, 2007",Hindi,"Action, Drama, Thriller",Ram Gopal Varma,Ajay Devgn,Priyanka Kothari,"Amar Mohile, Nitin Raikwar, Prasana Shekhar, Ganesh Hegde",Taran Adarsh,https://www.bollywoodhungama.com/movie/ram-gopal-varma-ki-aag/critic-review/
Eklavya - The Royal Guard,Amitabh Bachchan,positive,4.0,2007,"February 16, 2007",Hindi,Social,Vidhu Vinod Chopra,Saif Ali Khan,Vidya Balan,Shantanu Moitra,Taran Adarsh,https://www.bollywoodhungama.com/movie/eklavya-the-royal-guard/critic-review/
Bhoothnath,Amitabh Bachchan,positive,4.0,2008,"May 8, 2008",Hindi,"Comedy, Drama",Vivek Sharma,Aman Siddiqui,Juhi Chawla,"Shekhar Ravjianii, Vishal Dadlani, Salim Merchant, Sulaiman Merchant",Taran Adarsh,https://www.bollywoodhungama.com/movie/bhoothnath/critic-review/
Sarkar Raj,Amitabh Bachchan,positive,4.0,2008,"June 5, 2008",Hindi,Thriller,Ram Gopal Varma,Abhishek Bachchan,Aishwarya Rai Bachchan,"Bapi, Tutul",Taran Adarsh,https://www.bollywoodhungama.com/movie/sarkar-raj/critic-review/
Aladin,Amitabh Bachchan,negative,1.0,2009,"October 30, 2009",Hindi,"Children, Fantasy",Sujoy Ghosh,Jacqueline Fernandez,Sanjay Dutt,"Shekhar Ravjianii, Vishal Dadlani",Taran Adarsh,https://www.bollywoodhungama.com/movie/aladin/critic-review/
Paa,Amitabh Bachchan,positive,4.0,2009,"December 3, 2009",Hindi,"Drama, Social",R. Balki,Abhishek Bachchan,Vidya Balan,Ilaiyaraaja,Taran Adarsh,https://www.bollywoodhungama.com/movie/paa/critic-review/
Rann,Amitabh Bachchan,positive,3.5,2010,"January 27, 2010",Hindi,"Drama, Social",Ram Gopal Varma,Simone Singh,Riteish Deshmukh,"Bapi, Tutul, Amar Mohile, Sanjeev Kohli, Jayesh Gandhi, Dharmaraj Bhatt, Vikram",Taran Adarsh,https://www.bollywoodhungama.com/movie/rann/critic-review/
Teen Patti,Amitabh Bachchan,negative,2.5,2010,"February 26, 2010",Hindi,"Drama, Thriller",Leena Yadav,R Madhavan,Shraddha Kapoor,"Salim Merchant, Sulaiman Merchant",Taran Adarsh,https://www.bollywoodhungama.com/movie/teen-patti/critic-review/
Aarakshan,Amitabh Bachchan,positive,4.0,2011,"August 11, 2011",Hindi,,Prakash Jha,Manoj Bajpayee,Saif Ali Khan,"Shankar Mahadevan, Ehsaan Noorani, Loy Mendonsa",Taran Adarsh,https://www.bollywoodhungama.com/movie/aarakshan/critic-review/
Bbuddah Hoga Terra Baap,Amitabh Bachchan,positive,4.0,2011,"June 30, 2011",Hindi,"Action, Drama, Romance",Puri Jagannadh,Charme Kaur,Sonu Sood,"Shekhar Ravjianii, Vishal Dadlani",Taran Adarsh,https://www.bollywoodhungama.com/movie/bbuddah-hoga-terra-baap/critic-review/
Department,Amitabh Bachchan,negative,2.0,2012,"May 18, 2012",Hindi,,Ram Gopal Varma,Sanjay Dutt,Rana Daggubati,"Bappa Lahiri, Dharam Sandeep, Vikram Nagi",Taran Adarsh,https://www.bollywoodhungama.com/movie/department/critic-review/
Sholay 3D,Amitabh Bachchan,positive,5.0,2013,"December 30, 2013",Hindi,"Action, Adventure, Comedy, Drama, Romance, Thriller",Ramesh Sippy,Dharmendra,Hema Malini,"Basu Manohari, Maruti Rao, R.D.Burman",Taran Adarsh,https://www.bollywoodhungama.com/movie/sholay-3d/critic-review/
Bhoothnath Returns,Amitabh Bachchan,positive,3.5,2014,"April 11, 2014",Hindi,"Comedy, Drama",Nitesh Tiwari,Parth Bhalerao,Boman Irani,"Ram Sampath, Yo Yo Honey Singh, Meet Bros Anjjan, Palash Muchhal, Bosco-Caesar",Taran Adarsh,https://www.bollywoodhungama.com/movie/bhoothnath-returns/critic-review/
Piku,Amitabh Bachchan,positive,3.5,2015,"May 7, 2015",Hindi,Social,Shoojit Sircar,Deepika Padukone,Irrfan Khan,Anupam Roy,Bollywood Hungama News Network,https://www.bollywoodhungama.com/movie/piku/critic-review/
Shamitabh,Amitabh Bachchan,negative,2.5,2015,"February 6, 2015",Hindi,"Thriller, Drama",R. Balki,Dhanush,Akshara Haasan,Ilaiyaraaja,Bollywood Hungama News Network,https://www.bollywoodhungama.com/movie/shamitabh/critic-review/
Pink,Amitabh Bachchan,positive,4.0,2016,"September 13, 2016",Hindi,"Social, Drama",Aniruddha Roy Chowdhury,Taapsee Pannu,Kirti Kulhari,"Shantanu Moitra, Anupam Roy",Bollywood Hungama News Network,https://www.bollywoodhungama.com/movie/pink/critic-review/
TE3N,Amitabh Bachchan,negative,2.5,2016,"June 8, 2016",Hindi,Thriller,Ribhu Dasgupta,Vidya Balan,Nawazuddin Siddiqui,Clinton Cerejo,Bollywood Hungama News Network,https://www.bollywoodhungama.com/movie/te3n/critic-review/
Wazir,Amitabh Bachchan,negative,2.5,2016,"January 7, 2016",Hindi,"Action, Thriller",Bejoy Nambiar,Farhan Akhtar,Aditi Rao Hydari,"Shantanu Moitra, Prashant Pillai, Ankit Tiwari, Rochak Kohli, Gaurav Godkhindi",Bollywood Hungama News Network,https://www.bollywoodhungama.com/movie/wazir/critic-review/
Sarkar 3,Amitabh Bachchan,negative,2.0,2017,"May 12, 2017",Hindi,Drama,Ram Gopal Varma,Manoj Bajpayee,Yami Gautam Dhar,"Ravi Shankar, Niladri Kumar",Bollywood Hungama News Network,https://www.bollywoodhungama.com/movie/sarkar-3/critic-review/
Thugs Of Hindostan,Amitabh Bachchan,negative,2.0,2018,"November 8, 2018",Hindi,"Action, Drama",Vijay Krishna Acharya,Aamir Khan,Katrina Kaif,"Atul Gogavale, Ajay Gogavale",Taran Adarsh,https://www.bollywoodhungama.com/movie/thugs-of-hindostan/critic-review/
102 Not Out,Amitabh Bachchan,positive,3.5,2018,"May 2, 2018",Hindi,"Comedy, Drama, Family",Umesh Shukla,Rishi Kapoor,Jimit Trivedi,"Salim Merchant, Sulaiman Merchant",Bollywood Hungama News Network,https://www.bollywoodhungama.com/movie/102-not-out/critic-review/
Gulabo Sitabo,Amitabh Bachchan,negative,3.0,2020,"June 12, 2020",Hindi,"Comedy, Drama, Family",Shoojit Sircar,Ayushmann Khurrana,Vijay Raaz,"Shantanu Moitra, Anuj Garg, Abhishek Arora",Bollywood Hungama News Network,https://www.bollywoodhungama.com/movie/gulabo-sitabo/critic-review/
Chehre,Amitabh Bachchan,negative,3.0,2021,"August 26, 2021",Hindi,"Thriller, Drama",Rumy Jafry,Emraan Hashmi,Krystle D'Souza,"Vishal Dadlani, Shekhar Ravjianii, Gourav Dasgupta",Bollywood Hungama News Network,https://www.bollywoodhungama.com/movie/chehre/critic-review/
Goodbye,Amitabh Bachchan,negative,2.5,2022,"October 7, 2022",Hindi,"Drama, Family",Vikas Bahl,Rashmika Mandanna,Neena Gupta,Amit Trivedi,Bollywood Hungama News Network,https://www.bollywoodhungama.com/movie/goodbye/critic-review/
Jhund,Amitabh Bachchan,positive,4.0,2022,"March 2, 2022",Hindi,"Sports, Drama",Nagaraj Manjule,Aakash Thosar,Rinku Rajguru,"Atul Gogavale, Ajay Gogavale",Bollywood Hungama News Network,https://www.bollywoodhungama.com/movie/jhund/critic-review/
Uunchai,Amitabh Bachchan,positive,3.5,2022,"November 11, 2022",Hindi,"Family, Drama",Sooraj Barjatya,Danny Denzongpa,Anupam Kher,Amit Trivedi,Bollywood Hungama News Network,https://www.bollywoodhungama.com/movie/uunchai/critic-review/
Refugee,Abhishek Bachchan,negative,2.5,2000,"December 15, 2000",Hindi,"Social, Drama, Romance",J P Dutta,Kareena Kapoor Khan,Shadaab Khan,Anu Malik,Taran Adarsh,https://www.bollywoodhungama.com/movie/refugee-2/critic-review/
Dhaai Akshar Prem Ke,Abhishek Bachchan,negative,1.0,2000,"December 15, 2000",Hindi,"Drama, Romance",Raj Kanwar,Aishwarya Rai Bachchan,Salman Khan,"Jatin Pandit, Lalit Pandit",Taran Adarsh,https://www.bollywoodhungama.com/movie/dhaai-akshar-prem-ke/critic-review/
Bas Itna Sa Khwaab Hai,Abhishek Bachchan,negative,2.0,2001,"July 6, 2001",Hindi,Romance,Goldie Behl,Rani Mukerji,Jackie Shroff,Aadesh Shrivastav,Taran Adarsh,https://www.bollywoodhungama.com/movie/bas-itna-sa-khwaab-hai/critic-review/
Haan Maine Bhi Pyaar Kiya,Abhishek Bachchan,negative,1.0,2002,"February 15, 2002",Hindi,Romance,Dharmesh Darshan,Karisma Kapoor,Akshay Kumar,"Nadeem Saifee, Shravan",Taran Adarsh,https://www.bollywoodhungama.com/movie/haan-maine-bhi-pyaar-kiya/critic-review/
Om Jai Jagadish,Abhishek Bachchan,negative,2.0,2002,"July 19, 2002",Hindi,,Anupam Kher,Anil Kapoor,Fardeen Khan,,Taran Adarsh,https://www.bollywoodhungama.com/movie/om-jai-jagadish/critic-review/
Sharaarat,Abhishek Bachchan,negative,1.5,2002,"July 12, 2002",Hindi,"Comedy, Drama",Gurudev Bhalla,Hrishitaa Bhatt,K.D Chandran,,Taran Adarsh,https://www.bollywoodhungama.com/movie/sharaarat/critic-review/
LOC Kargil,Abhishek Bachchan,positive,4.0,2003,"December 25, 2003",Hindi,"Drama, Action",J P Dutta,Akshaye Khanna,Saif Ali Khan,Anu Malik,Taran Adarsh,https://www.bollywoodhungama.com/movie/loc-kargil/critic-review/
Kuch Naa Kaho,Abhishek Bachchan,negative,1.5,2003,"September 5, 2003",Hindi,"Romance, Comedy",Rohan Sippy,Aishwarya Rai Bachchan,Zoya Afroz,"Shankar Mahadevan, Ehsaan Noorani, Loy Mendonsa",Taran Adarsh,https://www.bollywoodhungama.com/movie/kuch-naa-kaho/critic-review/
Mumbai Se Aaya Mera Dost,Abhishek Bachchan,negative,1.5,2003,"August 22, 2003",Hindi,"Action, Adventure, Comedy, Romance",Apoorva Lakhia,Lara Dutta,Amitabh Bachchan,"Anu Malik, Ranjit Barot, Amar Mohile",Taran Adarsh,https://www.bollywoodhungama.com/movie/mumbai-se-aaya-mera-dost/critic-review/
Rakht,Abhishek Bachchan,negative,2.5,2004,"September 3, 2004",Hindi,"Horror, Thriller",Mahesh Manjrekar,Bipasha Basu,Sanjay Dutt,"Anand Raj Anand, Shamir Tandon, Anand Chitragupt, Naresh Sharma, Milind Chitragupt, Blue, aaroh, aaroh",Taran Adarsh,https://www.bollywoodhungama.com/movie/rakht/critic-review/
Dhoom,Abhishek Bachchan,negative,1.5,2004,"August 27, 2004",Hindi,"Action, Thriller",Sanjay Gadhvi,Uday Chopra,John Abraham,Pritam Chakraborty,Taran Adarsh,https://www.bollywoodhungama.com/movie/dhoom/critic-review/
Run,Abhishek Bachchan,negative,1.0,2004,"May 14, 2004",Hindi,"Romance, Action",Jeeva,Bhumika Chawla,Neelu Kohli,Himesh Reshammiya,Taran Adarsh,https://www.bollywoodhungama.com/movie/run-2/critic-review/
Naach,Abhishek Bachchan,negative,1.5,2004,"November 12, 2004",Hindi,,Ram Gopal Varma,Riteish Deshmukh,Antara Mali,"Amar Mohile, Shailendra Swapnil",Taran Adarsh,https://www.bollywoodhungama.com/movie/naach-2/critic-review/
Bunty Aur Babli,Abhishek Bachchan,negative,1.5,2005,"May 27, 2005",Hindi,"Action, Adventure, Comedy, Crime, Drama",Shaad Ali,Rani Mukerji,Amitabh Bachchan,"Shankar Mahadevan, Ehsaan Noorani, Loy Mendonsa",Taran Adarsh,https://www.bollywoodhungama.com/movie/bunty-aur-babli/critic-review/
Dus,Abhishek Bachchan,negative,2.0,2005,"July 8, 2005",Hindi,"Action, Drama",Anubhav Sinha,Sanjay Dutt,Shilpa Shetty,"Shekhar Ravjianii, Vishal Dadlani, Ranjit Barot",Taran Adarsh,https://www.bollywoodhungama.com/movie/dus-2/critic-review/
Bluffmaster,Abhishek Bachchan,negative,1.5,2005,"December 16, 2005",Hindi,"Action, Thriller",Rohan Sippy,Riteish Deshmukh,Priyanka Chopra Jonas,"Shekhar Ravjianii, Vishal Dadlani, Sameeruddin",Taran Adarsh,https://www.bollywoodhungama.com/movie/bluffmaster/critic-review/
Guru,Abhishek Bachchan,positive,4.0,2007,"January 12, 2007",Hindi,"Drama, Social",Mani Ratnam,Aishwarya Rai Bachchan,R Madhavan,A.R. Rahman,Taran Adarsh,https://www.bollywoodhungama.com/movie/guru-2/critic-review/
Jhoom Barabar Jhoom,Abhishek Bachchan,negative,1.5,2007,"June 15, 2007",Hindi,Social,Shaad Ali,Preity Zinta,Lara Dutta,"Shankar Mahadevan, Ehsaan Noorani, Loy Mendonsa",Taran Adarsh,https://www.bollywoodhungama.com/movie/jhoom-barabar-jhoom/critic-review/
Dostana,Abhishek Bachchan,positive,4.0,2008,"November 13, 2008",Hindi,"Drama, Romance",Tarun Mansukhani,John Abraham,Priyanka Chopra Jonas,"Shekhar Ravjianii, Vishal Dadlani",Taran Adarsh,https://www.bollywoodhungama.com/movie/dostana-3/critic-review/
Drona,Abhishek Bachchan,negative,1.5,2008,"October 2, 2008",Hindi,"Fantasy, Social, Thriller",Goldie Behl,Priyanka Chopra Jonas,Master Veer Arya,Dhruv Ghanekar,Taran Adarsh,https://www.bollywoodhungama.com/movie/drona/critic-review/
Mission Istaanbul,Abhishek Bachchan,negative,1.5,2008,"July 25, 2008",Hindi,"Action, Adventure",Apoorva Lakhia,Shriya Saran,Shweta Bhardwaj,"Anu Malik, Shamir Tandon, Mika Singh, Chirantan Bhatt",Taran Adarsh,https://www.bollywoodhungama.com/movie/mission-istaanbul/critic-review/
Delhi-6,Abhishek Bachchan,negative,1.5,2009,"February 20, 2009",Hindi,"Drama, Social",Rakeysh Omprakash Mehra,Sonam Kapoor Ahuja,Hussan,"A.R. Rahman, Rajat Dholakia",Taran Adarsh,https://www.bollywoodhungama.com/movie/delhi-6/critic-review/
Khelein Hum Jee Jaan Sey,Abhishek Bachchan,positive,4.0,2010,"December 2, 2010",Hindi,"Patriotic, Period",Ashutosh Gowariker,Deepika Padukone,Monty Munford,Sohail Sen,Taran Adarsh,https://www.bollywoodhungama.com/movie/khelein-hum-jee-jaan-sey/critic-review/
Dum Maaro Dum,Abhishek Bachchan,negative,2.5,2011,"April 22, 2011",Hindi,"Thriller, Crime",Rohan Sippy,Bipasha Basu,Rana Daggubati,"Pritam Chakraborty, R.D.Burman",Taran Adarsh,https://www.bollywoodhungama.com/movie/dum-maaro-dum/critic-review/
Players,Abhishek Bachchan,negative,2.0,2012,"January 6, 2012",Hindi,"Drama, Action","Mustan Burmawalla, Abbas Burmawalla",Sonam Kapoor Ahuja,Bipasha Basu,Pritam Chakraborty,Taran Adarsh,https://www.bollywoodhungama.com/movie/players/critic-review/
All Is Well,Abhishek Bachchan,positive,3.5,2015,"August 22, 2015",Hindi,"Family, Drama",Umesh Shukla,Asin,Rishi Kapoor,"Himesh Reshammiya, Mithoon, Meet Bros Anjjan, Anand Milind, Amaal Mallik",Bollywood Hungama News Network,https://www.bollywoodhungama.com/movie/all-is-well/critic-review/
Ludo,Abhishek Bachchan,negative,3.0,2020,"November 12, 2020",Hindi,"Action, Drama",Anurag Basu,Rajkummar Rao,Fatima Sana Shaikh,Pritam Chakraborty,Bollywood Hungama News Network,https://www.bollywoodhungama.com/movie/ludo/critic-review/
Bob Biswas,Abhishek Bachchan,negative,3.0,2021,"December 3, 2021",Hindi,"Crime, Thriller",Diya Annapurna Ghosh,Chitrangda Singh,Ronith Arora,"Vishal Dadlani, Shekhar Ravjianii, Clinton Cerejo, Anupam Roy, Bianca Gomes",Bollywood Hungama News Network,https://www.bollywoodhungama.com/movie/bob-biswas/critic-review/
The Big Bull,Abhishek Bachchan,negative,3.0,2021,"April 8, 2021",Hindi,"Drama, Crime",Kookie V Gulati,Ileana D'Cruz,Nikita Dutta,"Gourav Dasgupta, Mehul Vyas, Wily Frenzy",Bollywood Hungama News Network,https://www.bollywoodhungama.com/movie/the-big-bull/critic-review/
Dasvi,Abhishek Bachchan,negative,2.5,2022,"April 7, 2022",Hindi,"Comedy, Social",Tushar Jalota,Yami Gautam Dhar,Nimrat Kaur,"Sachin Sanghvi, Jigar Saraiya",Bollywood Hungama News Network,https://www.bollywoodhungama.com/movie/dasvi/critic-review/
Ghoomer,Abhishek Bachchan,negative,2.5,2023,"August 18, 2023",Hindi,"Sports, Drama",R. Balki,Saiyami Kher,Shabana Azmi,Amit Trivedi,Bollywood Hungama News Network,https://www.bollywoodhungama.com/movie/ghoomer/critic-review/
I Want To Talk,Abhishek Bachchan,negative,2.5,2024,"November 22, 2024",Hindi,"Biographical, Drama",Shoojit Sircar,Ahilya Bamroo,Pearle Dey,Taba Chake,Bollywood Hungama News Network,https://www.bollywoodhungama.com/movie/i-want-to-talk/critic-review/
Be Happy,Abhishek Bachchan,negative,3.0,2025,"March 14, 2025",Hindi,"Family, Drama",Remo DSouza,Nora Fatehi,Inayat Verma,Harsh Upadhyay,Bollywood Hungama News Network,https://www.bollywoodhungama.com/movie/be-happy/critic-review/
Kaalidhar Laapata,Abhishek Bachchan,negative,2.5,2025,"July 4, 2025",Hindi,"Family, Drama",Madhumita,Daivik Bhagela,Mohammed Zeeshan Ayyub,Amit Trivedi,Bollywood Hungama News Network,https://www.bollywoodhungama.com/movie/kaalidhar-laapata/critic-review/
Mohabbatein,Shah Rukh Khan,negative,3.0,2000,"December 15, 2000",Hindi,"Drama, Musical, Romance",Aditya Chopra,Aishwarya Rai Bachchan,Amitabh Bachchan,"Jatin Pandit, Lalit Pandit",Taran Adarsh,https://www.bollywoodhungama.com/movie/mohabbatein/critic-review/
Josh,Shah Rukh Khan,negative,2.5,2000,"December 15, 2000",Hindi,"Action, Drama, Romance",Mansoor Khan,Aishwarya Rai Bachchan,Chandrachur Singh,Anu Malik,Taran Adarsh,https://www.bollywoodhungama.com/movie/josh/critic-review/
Kabhi Khushi Kabhie Gham,Shah Rukh Khan,positive,4.5,2001,"December 11, 2001",Hindi,"Family, Drama",Karan Johar,Kajol,Amitabh Bachchan,"Jatin Pandit, Lalit Pandit, Aadesh Shrivastav, Sandesh Shandilya",Taran Adarsh,https://www.bollywoodhungama.com/movie/kabhi-khushi-kabhie-gham/critic-review/
Asoka,Shah Rukh Khan,negative,2.5,2001,"October 26, 2001",Hindi,"Action, Biographical, Romance",Santosh Sivan,Kareena Kapoor Khan,Sanghamitra Jena,"Anu Malik, Sandeep Chowta",Taran Adarsh,https://www.bollywoodhungama.com/movie/asoka/critic-review/
One 2 Ka 4,Shah Rukh Khan,negative,1.0,2001,"March 30, 2001",Hindi,"Action, Comedy, Drama",K Shashilal Nair,Jackie Shroff,Juhi Chawla,A.R. Rahman,Taran Adarsh,https://www.bollywoodhungama.com/movie/one-2-ka-4/critic-review/
Hum Tumhare Hain Sanam,Shah Rukh Khan,negative,1.0,2002,"May 24, 2002",Hindi,"Romance, Drama",K.S. Adhiyaman,Salman Khan,Madhuri Dixit,"Wajid, Nikhil, Bappi Lahiri, Dabboo Malik, Bali Brahmabhatt, Sajid, Vinay",Taran Adarsh,https://www.bollywoodhungama.com/movie/hum-tumhare-hain-sanam/critic-review/
Devdas,Shah Rukh Khan,negative,1.0,2002,"July 12, 2002",Hindi,"Romance, Drama",Sanjay Leela Bhansali,Aishwarya Rai Bachchan,Madhuri Dixit,"Monty Sharma, Ismail Darbar",Taran Adarsh,https://www.bollywoodhungama.com/movie/devdas-3/critic-review/
Kal Ho Naa Ho,Shah Rukh Khan,positive,4.0,2003,"November 25, 2003",Hindi,"Comedy, Drama, Romance",Nikhil Advani,Preity Zinta,Saif Ali Khan,"Shankar Mahadevan, Ehsaan Noorani, Loy Mendonsa",Taran Adarsh,https://www.bollywoodhungama.com/movie/kal-ho-naa-ho/critic-review/
Chalte Chalte,Shah Rukh Khan,positive,3.5,2003,"June 13, 2003",Hindi,Romance,Aziz Mirza,Rani Mukerji,Madhavi Chopra,"Lalit Pandit, Aadesh Shrivastav",Taran Adarsh,https://www.bollywoodhungama.com/movie/chalte-chalte-2/critic-review/
Main Hoon Na,Shah Rukh Khan,positive,4.0,2004,"April 27, 2004",Hindi,"Action, Comedy, Drama, Musical, Romance",Farah Khan,Zayed Khan,Sushmita Sen,Anu Malik,Taran Adarsh,https://www.bollywoodhungama.com/movie/main-hoon-na/critic-review/
Yeh Lamhe Judaai Ke,Shah Rukh Khan,negative,1.0,2004,"April 9, 2004",Hindi,Drama,Birendra Nath Tiwari,Raveena Tandon,Divya Desai,"Nikhil, Vinay",Taran Adarsh,https://www.bollywoodhungama.com/movie/yeh-lamhe-judaai-ke/critic-review/
Silsiilay,Shah Rukh Khan,negative,1.5,2005,"June 17, 2005",Hindi,"Drama, Social",Khalid Mohamed,Jimmy Sheirgill,Bhumika Chawla,Himesh Reshammiya,Taran Adarsh,https://www.bollywoodhungama.com/movie/silsiilay/critic-review/
Kabhi Alvida Naa Kehna,Shah Rukh Khan,positive,4.5,2006,"August 9, 2006",Hindi,"Romance, Drama",Karan Johar,Rani Mukerji,Preity Zinta,"Shankar Mahadevan, Ehsaan Noorani, Loy Mendonsa",Taran Adarsh,https://www.bollywoodhungama.com/movie/kabhi-alvida-naa-kehna/critic-review/
Don - The Chase Begins Again,Shah Rukh Khan,negative,3.0,2006,"October 20, 2006",Hindi,"Action, Thriller",Farhan Akhtar,Priyanka Chopra Jonas,Kareena Kapoor Khan,"Shankar Mahadevan, Ehsaan Noorani, Midival Punditz, Loy Mendonsa, DJ Randolf",Taran Adarsh,https://www.bollywoodhungama.com/movie/don-the-chase-begins-again/critic-review/
Om Shanti Om,Shah Rukh Khan,positive,4.0,2007,"November 7, 2007",Hindi,Comedy,Farah Khan,Deepika Padukone,Yuvika Chaudhary,"Shekhar Ravjianii, Vishal Dadlani",Taran Adarsh,https://www.bollywoodhungama.com/movie/om-shanti-om/critic-review/
Rab Ne Bana Di Jodi,Shah Rukh Khan,negative,2.0,2008,"December 12, 2008",Hindi,"Musical, Romance",Aditya Chopra,Anushka Sharma,Bobby Bedii,"Salim Merchant, Sulaiman Merchant",Taran Adarsh,https://www.bollywoodhungama.com/movie/rab-ne-bana-di-jodi/critic-review/
Dulha Mil Gaya,Shah Rukh Khan,negative,1.5,2010,"January 8, 2010",Hindi,"Comedy, Romance",Mudassar Aziz,Sushmita Sen,Ishita Sharma,"Pritam Chakraborty, Lalit Pandit",Taran Adarsh,https://www.bollywoodhungama.com/movie/dulha-mil-gaya/critic-review/
My Name Is Khan,Shah Rukh Khan,positive,4.5,2010,"February 8, 2010",Hindi,"Social, Drama",Karan Johar,Kajol,Dominic Renda,"Shankar Mahadevan, Ehsaan Noorani, Loy Mendonsa",Taran Adarsh,https://www.bollywoodhungama.com/movie/my-name-is-khan/critic-review/
Ra.One,Shah Rukh Khan,positive,4.5,2011,"October 25, 2011",Hindi,,Anubhav Sinha,Arjun Rampal,Kareena Kapoor Khan,"Shekhar Ravjianii, Vishal Dadlani",Taran Adarsh,https://www.bollywoodhungama.com/movie/ra-one/critic-review/
Don 2,Shah Rukh Khan,positive,3.5,2011,"December 23, 2011",Hindi,"Crime, Action, Thriller",Farhan Akhtar,Priyanka Chopra Jonas,Boman Irani,"Shankar Mahadevan, Ehsaan Noorani, Loy Mendonsa",Taran Adarsh,https://www.bollywoodhungama.com/movie/don-2/critic-review/
Jab Tak Hai Jaan,Shah Rukh Khan,positive,4.0,2012,"November 13, 2012",Hindi,"Romance, Drama",Yash Chopra,Anushka Sharma,Katrina Kaif,A. R. Rahman,Taran Adarsh,https://www.bollywoodhungama.com/movie/jab-tak-hai-jaan/critic-review/
Chennai Express,Shah Rukh Khan,positive,4.0,2013,"August 8, 2013",Hindi,"Action, Comedy",Rohit Shetty,Deepika Padukone,Nikitin Dheer,"Vishal Dadlani, Shekhar Ravjianii, Yo Yo Honey Singh",Taran Adarsh,https://www.bollywoodhungama.com/movie/chennai-express/critic-review/
Happy New Year,Shah Rukh Khan,positive,4.5,2014,"October 24, 2014",Hindi,"Action, Comedy",Farah Khan,Deepika Padukone,Abhishek Bachchan,"Vishal Dadlani, Shekhar Ravjianii",Bollywood Hungama News Network,https://www.bollywoodhungama.com/movie/happy-new-year/critic-review/
Dear Zindagi,Shah Rukh Khan,negative,2.5,2016,"November 25, 2016",Hindi,Drama,Gauri Shinde,Alia Bhatt,Ali Zafar,Amit Trivedi,Bollywood Hungama News Network,https://www.bollywoodhungama.com/movie/dear-zindagi/critic-review/
Fan,Shah Rukh Khan,positive,3.5,2016,"April 15, 2016",Hindi,"Action, Drama",Maneesh Sharma,Niranjan Asrani,Farah Hussain,"Vishal Dadlani, Shekhar Ravjianii",Taran Adarsh,https://www.bollywoodhungama.com/movie/fan/critic-review/
Raees,Shah Rukh Khan,positive,4.0,2017,"January 24, 2017",Hindi,"Crime, Drama",Rahul Dholakia,Mahira Khan,Nawazuddin Siddiqui,"Ram Sampath, Akash Kaushik",Taran Adarsh,https://www.bollywoodhungama.com/movie/raees-2/critic-review/
Zero,Shah Rukh Khan,negative,1.5,2018,"December 21, 2018",Hindi,"Romance, Comedy",Aanand. L. Rai,Anushka Sharma,Katrina Kaif,"Ajay Gogavale, Atul Gogavale, Tanishk Bagchi",Taran Adarsh,https://www.bollywoodhungama.com/movie/zero/critic-review/
Jawan,Shah Rukh Khan,positive,4.5,2023,"September 7, 2023",Hindi,"Action, Thriller",Atlee Kumar,Nayanthara,Sanya Malhotra,Anirudh Ravichander,Bollywood Hungama News Network,https://www.bollywoodhungama.com/movie/jawan/critic-review/
Pathaan,Shah Rukh Khan,positive,4.5,2023,"January 25, 2023",Hindi,"Action, Thriller",Siddharth Anand,Deepika Padukone,John Abraham,"Vishal Dadlani, Shekhar Ravjianii, Sanchit Balhara, Ankit Balhara",Bollywood Hungama News Network,https://www.bollywoodhungama.com/movie/pathaan/critic-review/
Footpath,Emraan Hashmi,negative,1.5,2003,"August 16, 2003",Hindi,Drama,Vikram Bhatt,Bipasha Basu,Kanan,,Taran Adarsh,https://www.bollywoodhungama.com/movie/footpath/critic-review/
Murder,Emraan Hashmi,negative,3.0,2004,"April 1, 2004",Hindi,"Drama, Thriller",Anurag Basu,Mallika Sherawat,Ashmit Patel,Anu Malik,Taran Adarsh,https://www.bollywoodhungama.com/movie/murder/critic-review/
Tumsa Nahin Dekha,Emraan Hashmi,negative,1.5,2004,"September 24, 2004",Hindi,,Anurag Basu,Dia Mirza,Pooja Bharathi,"Nadeem Saifee, Dj Aqeel, Shravan, Richard Clayderman",Taran Adarsh,https://www.bollywoodhungama.com/movie/tumsa-nahin-dekha/critic-review/
Aashiq Banaya Aapne,Emraan Hashmi,negative,1.0,2005,"September 2, 2005",Hindi,"Romance, Thriller",Aditya Datt,Tanushree Dutta,Sonu Sood,"Himesh Reshammiya, Akbar Sami",Taran Adarsh,https://www.bollywoodhungama.com/movie/aashiq-banaya-aapne/critic-review/
Kalyug,Emraan Hashmi,negative,2.5,2005,"December 9, 2005",Hindi,"Drama, Social",Mohit Suri,Kunal Kemmu,Smilie Suri,"Anu Malik, Rohail Hyat, Faisal Rafi, Goher Mumtaz",Taran Adarsh,https://www.bollywoodhungama.com/movie/kalyug-2/critic-review/
Aksar,Emraan Hashmi,negative,1.5,2006,"February 3, 2006",Hindi,"Drama, Romance, Thriller",Ananth Narayan Mahadevan,Dino Morea,Udita Goswami,Himesh Reshammiya,Taran Adarsh,https://www.bollywoodhungama.com/movie/aksar/critic-review/
Dil Diya Hai,Emraan Hashmi,negative,2.5,2006,"September 8, 2006",Hindi,"Romance, Social",Aditya Datt,Geeta Basra,Kitu Gidwani,Himesh Reshammiya,Taran Adarsh,https://www.bollywoodhungama.com/movie/dil-diya-hai/critic-review/
Jawani Diwani - A Youthful Joyride,Emraan Hashmi,negative,1.0,2006,"January 6, 2006",Hindi,"Romance, Comedy",Manish Sharma,Celina Jaitly,Manish Sharma,"Wajid, Suhas 1, Clinton Cerejo, Sajid, Siddharth 1",Taran Adarsh,https://www.bollywoodhungama.com/movie/jawani-diwani-a-youthful-joyride/critic-review/
Awarapan,Emraan Hashmi,positive,3.5,2007,"June 29, 2007",Hindi,"Action, Romance",Mohit Suri,Shriya Saran,Mrinalini Sharma,Pritam Chakraborty,Taran Adarsh,https://www.bollywoodhungama.com/movie/awarapan/critic-review/
Jannat,Emraan Hashmi,positive,3.5,2008,"May 16, 2008",Hindi,"Drama, Social, Sports",Kunal Deshmukh,Sonal Chauhan,Sameer Kochhar,"Pritam Chakraborty, Kamran Ahmed",Taran Adarsh,https://www.bollywoodhungama.com/movie/jannat/critic-review/
Tum Mile,Emraan Hashmi,negative,3.0,2009,"November 13, 2009",Hindi,Romance,Kunal Deshmukh,Soha Ali Khan,Rituraj Singh,Pritam Chakraborty,Taran Adarsh,https://www.bollywoodhungama.com/movie/tum-mile/critic-review/
Crook: It's Good To Be Bad,Emraan Hashmi,negative,2.0,2010,"October 8, 2010",Hindi,"Action, Social, Thriller",Mohit Suri,Mashhoor Amrohi,Neha Sharma,Pritam Chakraborty,Taran Adarsh,https://www.bollywoodhungama.com/movie/crook-its-good-to-be-bad/critic-review/
Murder 2,Emraan Hashmi,positive,4.0,2011,"July 8, 2011",Hindi,"Crime, Thriller",Mohit Suri,Jacqueline Fernandez,Sulagna Panigrahi,"Sangeet Haldipur, Siddharth Haldipur, Mithoon, Harshit Saxena",Taran Adarsh,https://www.bollywoodhungama.com/movie/murder-2/critic-review/
Jannat 2,Emraan Hashmi,positive,4.0,2012,"May 3, 2012",Hindi,"Crime, Thriller",Kunal Deshmukh,Esha Gupta,Randeep Hooda,Pritam Chakraborty,Taran Adarsh,https://www.bollywoodhungama.com/movie/jannat-2/critic-review/
Raaz 3,Emraan Hashmi,positive,3.5,2012,"September 6, 2012",Hindi,"Horror, Adult",Vikram Bhatt,Esha Gupta,Bipasha Basu,"Jeet Ganguly, Rashid Khan",Taran Adarsh,https://www.bollywoodhungama.com/movie/raaz-3-2/critic-review/
Rush,Emraan Hashmi,negative,2.0,2012,"October 26, 2012",Hindi,Thriller,Shamin Desai,Neha Dhupia,Sagarika Ghatge,Pritam Chakraborty,Taran Adarsh,https://www.bollywoodhungama.com/movie/rush/critic-review/
Shanghai,Emraan Hashmi,positive,4.0,2012,"June 6, 2012",Hindi,,Dibakar Banerjee,Kalki Koechlin,Abhay Deol,"Shekhar Ravjianii, Vishal Dadlani",Taran Adarsh,https://www.bollywoodhungama.com/movie/shanghai/critic-review/
Ghanchakkar,Emraan Hashmi,negative,2.0,2013,"June 28, 2013",Hindi,"Comedy, Romance",Rajkumar Gupta,Vidya Balan,Shashank Shende,Amit Trivedi,Taran Adarsh,https://www.bollywoodhungama.com/movie/ghanchakkar/critic-review/
Ek Thi Daayan,Emraan Hashmi,positive,3.5,2013,"April 18, 2013",Hindi,"Horror, Thriller",Kannan Iyer,Kalki Koechlin,Konkona Sen Sharma,Vishal Bhardwaj,Taran Adarsh,https://www.bollywoodhungama.com/movie/ek-thi-daayan/critic-review/
Hamari Adhuri Kahani,Emraan Hashmi,negative,2.0,2015,"June 12, 2015",Hindi,,Mohit Suri,Vidya Balan,Narendra Jha,"Mithoon, Jeet Ganguly, Ami Mishra",Bollywood Hungama News Network,https://www.bollywoodhungama.com/movie/hamari-adhuri-kahani/critic-review/
Mr. X,Emraan Hashmi,negative,2.5,2015,"April 17, 2015",Hindi,,Vikram Bhatt,Amyra Dastur,Sushil Pandey,"Jeet Ganguly, Ankit Tiwari",Bollywood Hungama News Network,https://www.bollywoodhungama.com/movie/mr-x-3/critic-review/
Azhar,Emraan Hashmi,positive,4.0,2016,"May 12, 2016",Hindi,Biographical,Tony D'souza,Prachi Desai,Nargis Fakhri,"Pritam Chakraborty, Kalyan Ji Anand Ji, Amaal Mallik, DJ Chetas",Bollywood Hungama News Network,https://www.bollywoodhungama.com/movie/azhar/critic-review/
Raaz Reboot,Emraan Hashmi,positive,3.5,2016,"September 16, 2016",Hindi,Horror,Vikram Bhatt,Kriti Kharbanda,Gaurav Arora,"Jeet Ganguly, Sangeet Haldipur, Siddharth Haldipur",Bollywood Hungama News Network,https://www.bollywoodhungama.com/movie/raaz-reboot/critic-review/
The Body,Emraan Hashmi,negative,1.5,2019,"December 13, 2019",Hindi,"Horror, Thriller",Jeethu Joseph,Sobhita Dhulipala,Rishi Kapoor,"Shamir Tandon, Arko",Bollywood Hungama News Network,https://www.bollywoodhungama.com/movie/the-body/critic-review/
Ground Zero,Emraan Hashmi,negative,3.0,2025,"April 25, 2025",Hindi,"Action, Patriotic",Tejas Prabha Vijay Deoskar,Saie Tamhankar,Zoya Hussain,"Tanishk Bagchi, Rohan Rohan, Sunny Inder",Bollywood Hungama News Network,https://www.bollywoodhungama.com/movie/ground-zero/critic-review/
Haq,Emraan Hashmi,positive,3.5,2025,"November 5, 2025",Hindi,"Social, Drama",Suparn Varma,Yami Gautam Dhar,Vartika Singh,Vishal Mishra,Bollywood Hungama News Network,https://www.bollywoodhungama.com/movie/haq/critic-review/
Awarapan 2,Emraan Hashmi,positive,3.5,2026,"August 14, 2026",Hindi,"Action, Romance",Nitin Kakkar,Disha Patani,Shabana Azmi,"Pritam Chakraborty, Ankita Sachdev, Amaal Mallik, Mithoon, Jeet Gannguli, Akhil Sachdeva, Wasif Ahmad",Bollywood Hungama News Network,https://www.bollywoodhungama.com/movie/awarapan-2/critic-review/
Jism,John Abraham,negative,2.0,2003,"January 17, 2003",Hindi,"Drama, Romance",Amit Saxena,Bipasha Basu,Anahita Uberoi,M.M. Kareem,Taran Adarsh,https://www.bollywoodhungama.com/movie/jism/critic-review/
Saaya,John Abraham,negative,1.5,2003,"July 4, 2003",Hindi,,Anurag Basu,Tara Sharma,Mahima Choudhary,"Anu Malik, Raju Rao, M.M. Kareem",Taran Adarsh,https://www.bollywoodhungama.com/movie/saaya-2/critic-review/
Lakeer,John Abraham,negative,2.0,2004,"May 14, 2004",Hindi,"Action, Drama, Romance",Ahmed Khan,Sunny Deol,Suniel Shetty,A.R. Rahman,Taran Adarsh,https://www.bollywoodhungama.com/movie/lakeer/critic-review/
Madhoshi,John Abraham,negative,1.5,2004,"September 24, 2004",Hindi,"Drama, Musical, Romance",Tanveer Khan,Bipasha Basu,Monisha,Roop Kumar Rathod,Taran Adarsh,https://www.bollywoodhungama.com/movie/madhoshi/critic-review/
Paap,John Abraham,negative,2.5,2004,"January 28, 2004",Hindi,"Action, Romance, Thriller",Pooja Bhatt,Udita Goswami,Aishwarya Mehta,"Anu Malik, Shahi, Ali Azmat, Music Mushrooms",Taran Adarsh,https://www.bollywoodhungama.com/movie/paap/critic-review/
Zinda,John Abraham,negative,2.0,2006,"January 12, 2006",Hindi,Thriller,Sanjay Gupta,Sanjay Dutt,Lara Dutta,"Shekhar Ravjianii, Vishal Dadlani, Nikhil Chinnappa, Dj Nawed, Kinky Ronald",Taran Adarsh,https://www.bollywoodhungama.com/movie/zinda/critic-review/
Kabul Express,John Abraham,negative,2.5,2006,"December 15, 2006",Hindi,"Action, Adventure, Thriller",Kabir Khan,Arshad Warsi,Sunil Godse,"Raghav Sachar, Julius Packiam",Taran Adarsh,https://www.bollywoodhungama.com/movie/kabul-express/critic-review/
Taxi Number 9211,John Abraham,positive,3.5,2006,"February 24, 2006",Hindi,"Social, Thriller",Milan Luthria,Nana Patekar,Sameera Reddy,"Shekhar Ravjianii, Vishal Dadlani",Taran Adarsh,https://www.bollywoodhungama.com/movie/taxi-number-9211/critic-review/
Dhan Dhana Dhan Goal,John Abraham,negative,3.0,2007,"November 23, 2007",Hindi,"Social, Sports",Vivek Agnihotri,Bipasha Basu,Arshad Warsi,Pritam Chakraborty,Taran Adarsh,https://www.bollywoodhungama.com/movie/dhan-dhana-dhan-goal/critic-review/
Water,John Abraham,positive,4.0,2007,"March 9, 2007",Hindi,"Drama, Musical, Romance",Deepa Mehta,Lisa Ray,Dr. Vidula Javalgekar,A.R. Rahman,Taran Adarsh,https://www.bollywoodhungama.com/movie/water/critic-review/
Force,John Abraham,positive,4.0,2011,"September 29, 2011",Hindi,"Action, Thriller",Nishikant Kamat,Genelia Deshmukh,Vidyut Jammwal,"Lalit Pandit, Harris Jayaraj",Taran Adarsh,https://www.bollywoodhungama.com/movie/force/critic-review/
Madras Cafe,John Abraham,positive,4.0,2013,"August 22, 2013",Hindi,Thriller,Shoojit Sircar,Nargis Fakhri,Parmeshwar,Shantanu Moitra,Taran Adarsh,https://www.bollywoodhungama.com/movie/madras-cafe/critic-review/
Shootout At Wadala,John Abraham,positive,4.0,2013,"May 1, 2013",Hindi,"Crime, Action, Adult, Drama",Sanjay Gupta,Kangana Ranaut,Anil Kapoor,"Anu Malik, Anand Raj Anand, Meet Bros Anjjan, Mustafa Zahid",Taran Adarsh,https://www.bollywoodhungama.com/movie/shootout-at-wadala/critic-review/
Welcome Back,John Abraham,positive,3.5,2015,"September 4, 2015",Hindi,"Comedy, Drama",Anees Bazmee,Nana Patekar,Anil Kapoor,"Anu Malik, Mika Singh, Abhishek Ray, Yo Yo Honey Singh, Meet Bros Anjjan, Siddhant Madhav, Music Mg..",Bollywood Hungama News Network,https://www.bollywoodhungama.com/movie/welcome-back/critic-review/
Dishoom,John Abraham,positive,3.5,2016,"July 29, 2016",Hindi,Action,Rohit Dhawan,Varun Dhawan,Jacqueline Fernandez,Pritam Chakraborty,Bollywood Hungama News Network,https://www.bollywoodhungama.com/movie/dhishoom/critic-review/
Force 2,John Abraham,negative,3.0,2016,"November 17, 2016",Hindi,"Thriller, Action",Abhinay Deo,Sonakshi Sinha,Tahir Raj Bhasin,"Amaal Mallik, Gourov Roshin",Bollywood Hungama News Network,https://www.bollywoodhungama.com/movie/force-2/critic-review/
Satyameva Jayate,John Abraham,positive,4.0,2018,"August 14, 2018",Hindi,"Action, Patriotic",Milap Zaveri,Manoj Bajpayee,Aisha Sharma,"Tanishk Bagchi, Rochak Kohli, Arko, Sajid, Wajid",Bollywood Hungama News Network,https://www.bollywoodhungama.com/movie/satyameva-jayate/critic-review/
Parmanu - The Story Of Pokhran,John Abraham,positive,3.5,2018,"May 24, 2018",Hindi,"Action, Drama, Patriotic, Period",Abhishek Sharma,Diana Penty,Boman Irani,"Sachin Sanghvi, Jigar Saraiya, Jeet Gannguli",Bollywood Hungama News Network,https://www.bollywoodhungama.com/movie/parmanu-story-pokhran/critic-review/
Batla House,John Abraham,positive,4.5,2019,"August 14, 2019",Hindi,"Action, Crime, Drama, Thriller",Nikkhil Advani,Mrunal Thakur,Ravi Kishan,"Vishal Dadlani, Shekhar Ravjianii, Ankit Tiwari, Rochak Kohli, Tanishk Bagchi",Bollywood Hungama News Network,https://www.bollywoodhungama.com/movie/batla-house/critic-review/
Pagalpanti,John Abraham,negative,2.5,2019,"November 22, 2019",Hindi,"Comedy, Drama",Anees Bazmee,Ileana D'Cruz,Anil Kapoor,"Yo Yo Honey Singh, Tanishk Bagchi, Himesh Reshammiya, Naeem - Shabbir, Wajid, Sajid",Bollywood Hungama News Network,https://www.bollywoodhungama.com/movie/pagalpanti/critic-review/
Romeo Akbar Walter,John Abraham,negative,2.0,2019,"April 4, 2019",Hindi,"Action, Drama, Patriotic, Thriller",Robby Grewal,Mouni Roy,Jackie Shroff,"Shabbir Ahmed, Ankit Tiwari, Sohail Sen, Raaj Aashoo",Bollywood Hungama News Network,https://www.bollywoodhungama.com/movie/romeo-akbar-walter/critic-review/
Mumbai Saga,John Abraham,positive,4.0,2021,"March 18, 2021",Hindi,"Action, Crime",Sanjay Gupta,Emraan Hashmi,Kajal Aggarwal,"Yo Yo Honey Singh, Payal Dev",Bollywood Hungama News Network,https://www.bollywoodhungama.com/movie/mumbai-saga/critic-review/
Satyameva Jayate 2,John Abraham,positive,4.0,2021,"November 24, 2021",Hindi,"Action, Patriotic",Milap Zaveri,Divya Khossla,Harsh Chhaya,"Anu Malik, Nusrat Fateh Ali Khan, Arko, Payal Dev, Rochak Kohli, Tanishk Bagchi, Jass Manak",Bollywood Hungama News Network,https://www.bollywoodhungama.com/movie/satyameva-jayate-2/critic-review/
Attack - Part I,John Abraham,negative,3.0,2022,"April 1, 2022",Hindi,"Action, Thriller",Lakshya Raj Anand,Jacqueline Fernandez,Rakul Preet Singh,Shashwat Sachdev,Bollywood Hungama News Network,https://www.bollywoodhungama.com/movie/attack-part-i/critic-review/
Ek Villain Returns,John Abraham,positive,4.0,2022,"July 28, 2022",Hindi,"Action, Thriller",Mohit Suri,Disha Patani,Tara Sutaria,"Ankit Tiwari, Tanishk Bagchi",Bollywood Hungama News Network,https://www.bollywoodhungama.com/movie/ek-villain-returns/critic-review/
Vedaa,John Abraham,negative,2.5,2024,"August 15, 2024",Hindi,"Action, Drama",Nikkhil Advani,Sharvari,Tamannaah Bhatia,"Amaal Mallik, Manan Bhardwaj",Bollywood Hungama News Network,https://www.bollywoodhungama.com/movie/vedaa/critic-review/
Tehran,John Abraham,negative,2.5,2025,"August 14, 2025",Hindi,"Action, Thriller",Arun Gopalan,Manushi Chhillar,Neeru Bajwa,Dhruv Ghanekar,Bollywood Hungama News Network,https://www.bollywoodhungama.com/movie/tehran/critic-review/
Ishq Vishk,Shahid Kapoor,negative,3.0,2003,"May 9, 2003",Hindi,"Romance, Drama",Ken Ghosh,Amrita Rao,Himanshu,Anu Malik,Taran Adarsh,https://www.bollywoodhungama.com/movie/ishq-vishk/critic-review/
Fida,Shahid Kapoor,negative,2.0,2004,"August 20, 2004",Hindi,"Adventure, Romance, Thriller",Ken Ghosh,Kareena Kapoor Khan,Fardeen Khan,Anu Malik,Taran Adarsh,https://www.bollywoodhungama.com/movie/fida/critic-review/
Dil Maange More,Shahid Kapoor,negative,2.0,2004,"December 31, 2004",Hindi,Romance,Ananth Narayan Mahadevan,Soha Ali Khan,Homi Wadia,Himesh Reshammiya,Taran Adarsh,https://www.bollywoodhungama.com/movie/dil-maange-more/critic-review/
Vaah Life Ho Toh Aisi,Shahid Kapoor,negative,2.5,2005,"December 23, 2005",Hindi,"Comedy, Fantasy, Romance",Mahesh Manjrekar,Amrita Rao,Sanjay Dutt,"Himesh Reshammiya, Ajay Gogavale",Taran Adarsh,https://www.bollywoodhungama.com/movie/vaah-life-ho-toh-aisi/critic-review/
Chup Chup Ke,Shahid Kapoor,positive,3.5,2006,"June 9, 2006",Hindi,"Comedy, Drama, Romance",Priyadarshan,Kareena Kapoor Khan,Suniel Shetty,Himesh Reshammiya,Taran Adarsh,https://www.bollywoodhungama.com/movie/chup-chup-ke/critic-review/
Vivah,Shahid Kapoor,negative,3.0,2006,"November 10, 2006",Hindi,"Musical, Romance",Sooraj Barjatya,Amrita Rao,Anupam Kher,Ravindra Jain,Taran Adarsh,https://www.bollywoodhungama.com/movie/vivah/critic-review/
Jab We Met,Shahid Kapoor,positive,3.5,2007,"October 26, 2007",Hindi,"Romance, Drama",Imtiaz Ali,Kareena Kapoor Khan,Lalit Parashar,"Pritam Chakraborty, Sandesh Shandilya",Taran Adarsh,https://www.bollywoodhungama.com/movie/jab-we-met/critic-review/
Kismat Konnection,Shahid Kapoor,negative,3.0,2008,"July 18, 2008",Hindi,"Comedy, Romance",Aziz Mirza,Vidya Balan,Dimple Sharma,Pritam Chakraborty,Taran Adarsh,https://www.bollywoodhungama.com/movie/kismat-konnection/critic-review/
Dil Bole Hadippa,Shahid Kapoor,negative,2.0,2009,"September 18, 2009",Hindi,"Comedy, Sports",Anurag Singh,Rani Mukerji,Bobby Bedii,"Pritam Chakraborty, Julius Packiam, Ad Boys",Taran Adarsh,https://www.bollywoodhungama.com/movie/dil-bole-hadippa/critic-review/
Milenge Milenge,Shahid Kapoor,negative,2.0,2010,"July 9, 2010",Hindi,"Romance, Social",Satish Kaushik,Kareena Kapoor Khan,Panini Rajkumar,Himesh Reshammiya,Taran Adarsh,https://www.bollywoodhungama.com/movie/milenge-milenge/critic-review/
Badmaash Company,Shahid Kapoor,negative,3.0,2010,"May 7, 2010",Hindi,"Drama, Social",Parmeet Sethi,Anushka Sharma,Ami Sheth,Pritam Chakraborty,Taran Adarsh,https://www.bollywoodhungama.com/movie/badmaash-company/critic-review/
Mausam,Shahid Kapoor,negative,2.0,2011,"September 23, 2011",Hindi,"Romance, Drama",Pankaj Kapoor,Sonam Kapoor Ahuja,Maya Mankotia,Pritam Chakraborty,Taran Adarsh,https://www.bollywoodhungama.com/movie/mausam/critic-review/
Teri Meri Kahaani,Shahid Kapoor,positive,3.5,2012,"June 22, 2012",Hindi,"Romance, Social",Kunal Kohli,Priyanka Chopra Jonas,Tarun Sharma,"Wajid, Sajid",Taran Adarsh,https://www.bollywoodhungama.com/movie/teri-meri-kahaani/critic-review/
Phata Poster Nikhla Hero,Shahid Kapoor,positive,3.5,2013,"September 20, 2013",Hindi,"Comedy, Drama",Rajkumar Santoshi,Ileana D'Cruz,Nargis Fakhri,Pritam Chakraborty,Taran Adarsh,https://www.bollywoodhungama.com/movie/phata-poster-nikhla-hero/critic-review/
R Rajkumar,Shahid Kapoor,negative,1.5,2013,"December 6, 2013",Hindi,"Action, Romance",Prabhu Dheva,Sonakshi Sinha,Deepak Chadha,Pritam Chakraborty,Taran Adarsh,https://www.bollywoodhungama.com/movie/r-rajkumar/critic-review/
Haider,Shahid Kapoor,negative,2.0,2014,"October 1, 2014",Hindi,,Vishal Bhardwaj,Shraddha Kapoor,Tabu,Vishal Bhardwaj,Bollywood Hungama News Network,https://www.bollywoodhungama.com/movie/haider/critic-review/
Shaandaar,Shahid Kapoor,negative,3.0,2015,"October 22, 2015",Hindi,"Comedy, Romance",Vikas Bahl,Alia Bhatt,Ninaz Khodaji,Amit Trivedi,Bollywood Hungama News Network,https://www.bollywoodhungama.com/movie/shaandaar/critic-review/
Udta Punjab,Shahid Kapoor,negative,3.0,2016,"June 17, 2016",Hindi,"Action, Crime",Abhishek Chaubey,Alia Bhatt,Kareena Kapoor Khan,Amit Trivedi,Bollywood Hungama News Network,https://www.bollywoodhungama.com/movie/udta-punjab/critic-review/
Batti Gul Meter Chalu,Shahid Kapoor,negative,3.0,2018,"September 21, 2018",Hindi,"Drama, Social",Shree Narayan Singh,Shraddha Kapoor,Yami Gautam Dhar,"Anu Malik, Sachet Tandon, Parampara Band, Nusrat Fateh Ali Khan, Rochak Kohli",Bollywood Hungama News Network,https://www.bollywoodhungama.com/movie/batti-gul-meter-chalu/critic-review/
Kabir Singh,Shahid Kapoor,positive,4.0,2019,"June 20, 2019",Hindi,"Romance, Drama",Sandeep Reddy Vanga,Kiara Advani,Arjan Bajwa,"Amaal Mallik, Mithoon, Vishal Mishra, Akhil Sachdeva, Sachet Tandon, Parampara Tandon",Bollywood Hungama News Network,https://www.bollywoodhungama.com/movie/kabir-singh/critic-review/
Jersey,Shahid Kapoor,negative,3.0,2022,"April 22, 2022",Hindi,"Family, Sports",Gowtam Tinnanauri,Mrunal Thakur,Pankaj Kapoor,"Sachet Tandon, Parampara Tandon",Bollywood Hungama News Network,https://www.bollywoodhungama.com/movie/jersey/critic-review/
Bloody Daddy,Shahid Kapoor,negative,3.0,2023,"June 9, 2023",Hindi,"Action, Thriller",Ali Abbas Zafar,Diana Penty,Badshah,"Julius Packiam, Anuj Garg, Badshah, Aditya Dev",Bollywood Hungama News Network,https://www.bollywoodhungama.com/movie/bloody-daddy/critic-review/
Farzi,Shahid Kapoor,negative,3.0,2023,"February 10, 2023",Hindi,"Crime, Thriller","Krishna DK, Raj Nidimoru",Vijay Sethupathi,Raashii Khanna,"Sachin Sanghvi, Jigar Saraiya, Tanishk Bagchi",Bollywood Hungama News Network,https://www.bollywoodhungama.com/movie/farzi-2/critic-review/
Teri Baaton Mein Aisa Uljha Jiya,Shahid Kapoor,negative,2.5,2024,"February 9, 2024",Hindi,"Romance, Drama","Amit Joshi, Aradhana Sah",Kriti Sanon,Dharmendra,"Sachin Sanghvi, Jigar Saraiya, Raghav, Tanishk Bagchi, Mitraz",Bollywood Hungama News Network,https://www.bollywoodhungama.com/movie/teri-baaton-mein-aisa-uljha-jiya/critic-review/
Deva,Shahid Kapoor,negative,2.5,2025,"January 31, 2025",Hindi,"Action, Thriller",Rosshan Andrrews,Pooja Hegde,Pavail Gulati,"Vishal Mishra, Jakes Bejoy",Bollywood Hungama News Network,https://www.bollywoodhungama.com/movie/deva/critic-review/
Cocktail 2,Shahid Kapoor,positive,4.0,2026,"June 19, 2026",Hindi,"Romance, Comedy",Homi Adajania,Kriti Sanon,Rashmika Mandanna,"Pritam Chakraborty, Abhijit Vaghani, Arijit Singh, Mahmood, Jim Satya, Tanuj Tiku, Sunny M.R, Meghdeep Bose, AM.AN, Himonshu Parikh",Bollywood Hungama News Network,https://www.bollywoodhungama.com/movie/cocktail-2/critic-review/
O' Romeo,Shahid Kapoor,negative,3.0,2026,"February 13, 2026",Hindi,"Action, Romance",Vishal Bhardwaj,Triptii Dimri,Nana Patekar,Vishal Bhardwaj,Bollywood Hungama News Network,https://www.bollywoodhungama.com/movie/o-romeo/critic-review/
Rehnaa Hai Terre Dil Mein,Saif Ali Khan,negative,1.5,2001,"October 19, 2001",Hindi,Musical,Gautam Menon,Dia Mirza,R Madhavan,Harris Jayaraj,Taran Adarsh,https://www.bollywoodhungama.com/movie/rehnaa-hai-terre-dil-mein/critic-review/
Ek Hasina Thi,Saif Ali Khan,negative,3.0,2004,"January 14, 2004",Hindi,"Crime, Thriller",Sriram Raghavan,Urmila Matondkar,Aditya Srivastav,,Taran Adarsh,https://www.bollywoodhungama.com/movie/ek-hasina-thi/critic-review/
Hum Tum,Saif Ali Khan,negative,2.5,2004,"June 3, 2004",Hindi,"Comedy, Drama, Musical, Romance",Kunal Kohli,Rani Mukerji,Shenaz Treasury,"Jatin Pandit, Lalit Pandit",Taran Adarsh,https://www.bollywoodhungama.com/movie/hum-tum/critic-review/
Salaam Namaste,Saif Ali Khan,positive,4.0,2005,"September 16, 2005",Hindi,,Siddharth Anand,Preity Zinta,Danish Aslam,"Shekhar Ravjianii, Vishal Dadlani",Taran Adarsh,https://www.bollywoodhungama.com/movie/salaam-namaste/critic-review/
Omkara,Saif Ali Khan,negative,2.5,2006,"July 28, 2006",Hindi,"Drama, Romance, Social",Vishal Bhardwaj,Ajay Devgn,Kareena Kapoor Khan,Vishal Bhardwaj,Taran Adarsh,https://www.bollywoodhungama.com/movie/omkara/critic-review/
Roadside Romeo,Saif Ali Khan,negative,2.0,2008,"October 24, 2008",Hindi,"Children, Romance",Jugal Hansraj,Kareena Kapoor Khan,Tanaz Irani,"Salim Merchant, Sulaiman Merchant",Taran Adarsh,https://www.bollywoodhungama.com/movie/roadside-romeo/critic-review/
Race,Saif Ali Khan,positive,4.0,2008,"March 21, 2008",Hindi,"Action, Suspense","Mustan Burmawalla, Abbas Burmawalla",Katrina Kaif,Akshaye Khanna,Pritam Chakraborty,Taran Adarsh,https://www.bollywoodhungama.com/movie/race/critic-review/
Kurbaan,Saif Ali Khan,positive,4.0,2009,"November 19, 2009",Hindi,"Crime, Drama",Rensil Dsilva,Kareena Kapoor Khan,Nauheed Cyrusi,"Salim Merchant, Sulaiman Merchant, Shankar Mahadevan, Ehsaan Noorani, Loy Mendonsa",Taran Adarsh,https://www.bollywoodhungama.com/movie/kurbaan-2/critic-review/
Love Aaj Kal,Saif Ali Khan,positive,4.0,2009,"July 30, 2009",Hindi,"Romance, Drama",Imtiaz Ali,Deepika Padukone,Kamlesh Gill,Pritam Chakraborty,Taran Adarsh,https://www.bollywoodhungama.com/movie/love-aaj-kal/critic-review/
Agent Vinod,Saif Ali Khan,positive,4.0,2012,"March 23, 2012",Hindi,"Suspense, Thriller",Sriram Raghavan,Kareena Kapoor Khan,Lalit Parimoo,Pritam Chakraborty,Taran Adarsh,https://www.bollywoodhungama.com/movie/agent-vinod/critic-review/
Cocktail,Saif Ali Khan,negative,3.0,2012,"July 13, 2012",Hindi,"Romance, Comedy",Homi Adajania,Deepika Padukone,Diana Penty,Pritam Chakraborty,Taran Adarsh,https://www.bollywoodhungama.com/movie/cocktail/critic-review/
Bullett Raja,Saif Ali Khan,positive,4.0,2013,"November 28, 2013",Hindi,Action,Tigmanshu Dhulia,Sonakshi Sinha,Chunky Pandey,"Wajid, RDB, Sajid",Taran Adarsh,https://www.bollywoodhungama.com/movie/bullett-raja/critic-review/
Go Goa Gone,Saif Ali Khan,positive,3.5,2013,"May 9, 2013",Hindi,"Zom-Com, Action, Adult, Drama","Raj Nidimoru, Krishna DK",Puja Gupta,Vir Das,"Jigar Saraiya, Sachin Sanghvi",Taran Adarsh,https://www.bollywoodhungama.com/movie/go-goa-gone/critic-review/
Race 2,Saif Ali Khan,negative,2.5,2013,"January 25, 2013",Hindi,"Action, Suspense","Mustan Burmawalla, Abbas Burmawalla",John Abraham,Deepika Padukone,Pritam Chakraborty,Taran Adarsh,https://www.bollywoodhungama.com/movie/race-2/critic-review/
Happy Ending,Saif Ali Khan,negative,3.0,2014,"November 20, 2014",Hindi,,"Raj Nidimoru, Krishna DK",Ileana D'Cruz,Jay Shankar Tripathi,"Jigar Saraiya, Sachin Sanghvi",Bollywood Hungama News Network,https://www.bollywoodhungama.com/movie/happy-ending/critic-review/
Phantom,Saif Ali Khan,positive,3.5,2015,"August 27, 2015",Hindi,Action,Kabir Khan,Katrina Kaif,Ameet Gaur,Pritam Chakraborty,Bollywood Hungama News Network,https://www.bollywoodhungama.com/movie/phantom/critic-review/
Chef,Saif Ali Khan,positive,4.0,2017,"October 5, 2017",Hindi,Drama,Raja Krishna Menon,Padmapriya Janakiraman,Svar Kamble,"Raghu Dixit, Amaal Mallik",Bollywood Hungama News Network,https://www.bollywoodhungama.com/movie/chef/critic-review/
Baazaar,Saif Ali Khan,negative,2.5,2018,"October 25, 2018",Hindi,"Drama, Crime",Gauravv K Chawla,Chitrangda Singh,Varun Buddhadev,"Kanika Kapoor, Tanishk Bagchi, Yo Yo Honey Singh, Sohail Sen, Bilal Saeed",Bollywood Hungama News Network,https://www.bollywoodhungama.com/movie/baazaar/critic-review/
Kaalakaandi,Saif Ali Khan,negative,1.5,2018,"January 12, 2018",Hindi,"Comedy, Drama, Thriller",Akshat Verma,Sobhita Dhulipala,Kunaal Roy Kapur,Sameer Uddin,Bollywood Hungama News Network,https://www.bollywoodhungama.com/movie/kaalakaandi/critic-review/
Laal Kaptaan,Saif Ali Khan,negative,1.5,2019,"October 18, 2019",Hindi,"Drama, Action",Navdeep Singh,Sonakshi Sinha,Manav Vij,Samira Koppikar,Bollywood Hungama News Network,https://www.bollywoodhungama.com/movie/laal-kaptaan/critic-review/
Jawaani Jaaneman,Saif Ali Khan,negative,2.5,2020,"January 31, 2020",Hindi,"Drama, Comedy, Family",Nitin Kakkar,Tabu,Alaya F,"Dilip Sen, Sameer Sen, Tanishk Bagchi, Sukshinder Shinda, Prem Hardeep, Gourov Roshin",Bollywood Hungama News Network,https://www.bollywoodhungama.com/movie/jawaani-jaaneman/critic-review/
Bhoot Police,Saif Ali Khan,negative,3.0,2021,"September 10, 2021",Hindi,"Horror, Comedy",Pawan Kripalani,Arjun Kapoor,Jacqueline Fernandez,"Sachin Sanghvi, Jigar Saraiya",Bollywood Hungama News Network,https://www.bollywoodhungama.com/movie/bhoot-police/critic-review/
Jewel Thief,Saif Ali Khan,negative,3.0,2025,"April 25, 2025",Hindi,"Crime, Thriller",Robby Grewal,Nikita Dutta,Jaideep Ahlawat,"Oaff, Savera, Sachin Sanghvi, Jigar Saraiya, Soundtrek, Anis Ali Sabari",Bollywood Hungama News Network,https://www.bollywoodhungama.com/movie/jewel-thief-2/critic-review/
Kartavya,Saif Ali Khan,negative,2.0,2026,"May 15, 2026",Hindi,"Crime, Drama",Pulkit,Rasika Dugal,Sanjay Mishra,Anurag Saikia,Bollywood Hungama News Network,https://www.bollywoodhungama.com/movie/kartavya-3/critic-review/
Fiza,Hrithik Roshan,negative,1.5,2000,"December 15, 2000",Hindi,"Drama, Social",Khalid Mohamed,Karisma Kapoor,Bulang Raja,"Anu Malik, Ranjit Barot, A. R. Rahman",Taran Adarsh,https://www.bollywoodhungama.com/movie/fiza/critic-review/
Mujhse Dosti Karoge,Hrithik Roshan,negative,1.0,2002,"August 9, 2002",Hindi,Romance,Kunal Kohli,Kareena Kapoor Khan,Rani Mukerji,"Rahul Sharma, Rahul Sharma 1",Taran Adarsh,https://www.bollywoodhungama.com/movie/mujhse-dosti-karoge/critic-review/
Na Tum Jaano Na Hum,Hrithik Roshan,negative,1.0,2002,"May 9, 2002",Hindi,Romance,Arjun Sablok,Saif Ali Khan,Esha Deol,Rajesh Roshan,Taran Adarsh,https://www.bollywoodhungama.com/movie/na-tum-jaano-na-hum/critic-review/
Aap Mujhe Achche Lagne Lage,Hrithik Roshan,negative,1.5,2002,"April 19, 2002",Hindi,"Action, Drama, Romance",Vikram Bhatt,Ameesha Patel,Madhuri Sanjeev,Rajesh Roshan,Taran Adarsh,https://www.bollywoodhungama.com/movie/aap-mujhe-achche-lagne-lage/critic-review/
Main Prem Ki Diwani Hoon,Hrithik Roshan,positive,3.5,2003,"June 27, 2003",Hindi,"Drama, Musical, Romance",Sooraj Barjatya,Abhishek Bachchan,Kareena Kapoor Khan,Anu Malik,Taran Adarsh,https://www.bollywoodhungama.com/movie/main-prem-ki-diwani-hoon/critic-review/
Koi Mil Gaya,Hrithik Roshan,negative,2.5,2003,"August 8, 2003",Hindi,"Sci-Fi, Action",Rakesh Roshan,Preity Zinta,Rekha,Rajesh Roshan,Taran Adarsh,https://www.bollywoodhungama.com/movie/koi-mil-gaya/critic-review/
Lakshya,Hrithik Roshan,negative,2.5,2004,"June 18, 2004",Hindi,"Action, Patriotic",Farhan Akhtar,Preity Zinta,Kushal Punjabi,"Shankar Mahadevan, Ehsaan Noorani, Loy Mendonsa",Taran Adarsh,https://www.bollywoodhungama.com/movie/lakshya/critic-review/
Dhoom 2,Hrithik Roshan,positive,4.5,2006,"November 24, 2006",Hindi,"Action, Thriller",Sanjay Gadhvi,Aishwarya Rai Bachchan,Abhishek Bachchan,Pritam Chakraborty,Taran Adarsh,https://www.bollywoodhungama.com/movie/dhoom-2/critic-review/
Krrish,Hrithik Roshan,positive,4.5,2006,"June 22, 2006",Hindi,"Sci-Fi, Action",Rakesh Roshan,Priyanka Chopra Jonas,Rekha,Rajesh Roshan,Taran Adarsh,https://www.bollywoodhungama.com/movie/krrish/critic-review/
Jodhaa Akbar,Hrithik Roshan,positive,4.0,2008,"February 13, 2008",Hindi,"Historical, Drama",Ashutosh Gowariker,Aishwarya Rai Bachchan,Rajiv Sehgal,A. R. Rahman,Taran Adarsh,https://www.bollywoodhungama.com/movie/jodhaa-akbar/critic-review/
Guzaarish,Hrithik Roshan,positive,4.0,2010,"November 16, 2010",Hindi,"Romance, Social",Sanjay Leela Bhansali,Aishwarya Rai Bachchan,Aayam,Sanjay Leela Bhansali,Taran Adarsh,https://www.bollywoodhungama.com/movie/guzaarish/critic-review/
Kites,Hrithik Roshan,negative,3.0,2010,"May 21, 2010",Hindi,"Romance, Thriller",Anurag Basu,Barbara Mori,Madhuri Bhatia,Rajesh Roshan,Taran Adarsh,https://www.bollywoodhungama.com/movie/kites/critic-review/
Zindagi Na Milegi Dobara,Hrithik Roshan,positive,3.5,2011,"July 15, 2011",Hindi,"Drama, Romance, Social",Zoya Akhtar,Abhay Deol,Farhan Akhtar,"Shankar Mahadevan, Ehsaan Noorani, Loy Mendonsa",Taran Adarsh,https://www.bollywoodhungama.com/movie/zindagi-na-milegi-dobara/critic-review/
Krrish 3,Hrithik Roshan,positive,4.5,2013,"October 30, 2013",Hindi,"Sci-Fi, Action",Rakesh Roshan,Priyanka Chopra Jonas,Sanobar Pardiwala,Rajesh Roshan,Taran Adarsh,https://www.bollywoodhungama.com/movie/krrish-3/critic-review/
Bang Bang,Hrithik Roshan,positive,3.5,2014,"October 2, 2014",Hindi,"Action, Romance",Siddharth Anand,Katrina Kaif,Jaaved Jaaferi,"Vishal Dadlani, Shekhar Ravjianii",Bollywood Hungama News Network,https://www.bollywoodhungama.com/movie/bang-bang/critic-review/
Mohenjo Daro,Hrithik Roshan,negative,2.5,2016,"August 12, 2016",Hindi,"Period, Drama",Ashutosh Gowariker,Pooja Hegde,Kabir Bedi,A.R. Rahman,Bollywood Hungama News Network,https://www.bollywoodhungama.com/movie/mohenjo-daro/critic-review/
Kaabil,Hrithik Roshan,positive,4.0,2017,"January 24, 2017",Hindi,"Action, Thriller",Sanjay Gupta,Yami Gautam Dhar,Ronit Roy,"Rajesh Roshan, Gourov Roshin",Taran Adarsh,https://www.bollywoodhungama.com/movie/kaabil/critic-review/
Super 30,Hrithik Roshan,negative,3.0,2019,"July 11, 2019",Hindi,"Biographical, Drama",Vikas Bahl,Mrunal Thakur,Nandish Singh Sandhu,"Atul Gogavale, Ajay Gogavale",Bollywood Hungama News Network,https://www.bollywoodhungama.com/movie/super-30/critic-review/
War,Hrithik Roshan,positive,4.0,2019,"October 2, 2019",Hindi,"Action, Thriller",Siddharth Anand,Tiger Shroff,Vaani Kapoor,"Vishal Dadlani, Shekhar Ravjianii",Bollywood Hungama News Network,https://www.bollywoodhungama.com/movie/war/critic-review/
Vikram Vedha,Hrithik Roshan,positive,4.0,2022,"September 29, 2022",Hindi,"Action, Thriller","Gayatri, Pushkar",Saif Ali Khan,Radhika Apte,"Vishal Dadlani, Shekhar Ravjianii, Sam C.S.",Bollywood Hungama News Network,https://www.bollywoodhungama.com/movie/vikram-vedha/critic-review/
Fighter,Hrithik Roshan,positive,4.0,2024,"January 25, 2024",Hindi,"Action, Patriotic",Siddharth Anand,Deepika Padukone,Anil Kapoor,"Vishal Dadlani, Shekhar Ravjianii",Bollywood Hungama News Network,https://www.bollywoodhungama.com/movie/fighter/critic-review/
War 2,Hrithik Roshan,negative,2.0,2025,"August 14, 2025",Hindi,"Action, Thriller",Ayan Mukerji,Jr NTR,Kiara Advani,Pritam Chakraborty,Bollywood Hungama News Network,https://www.bollywoodhungama.com/movie/war-2/critic-review/
Love Sex Aur Dhokha,Rajkummar Rao,positive,4.0,2010,"March 15, 2010",Hindi,Social,Dibakar Banerjee,Arya Devdutta,Anshuman Jha,Sneha Khanwalkar,Taran Adarsh,https://www.bollywoodhungama.com/movie/love-sex-aur-dhokha/critic-review/
Shahid,Rajkummar Rao,positive,3.5,2013,"October 18, 2013",Hindi,Social,Hansal Mehta,Vinod Rawat,Baljinder Kaur,,Taran Adarsh,https://www.bollywoodhungama.com/movie/shahid/critic-review/
Citylights,Rajkummar Rao,positive,3.5,2014,"May 30, 2014",Hindi,,Hansal Mehta,Patralekha,Deepak More,Jeet Ganguly,Taran Adarsh,https://www.bollywoodhungama.com/movie/citylights/critic-review/
Queen,Rajkummar Rao,positive,4.0,2014,"March 6, 2014",Hindi,Romance,Vikas Bahl,Kangana Ranaut,Navinder Behl,Amit Trivedi,Taran Adarsh,https://www.bollywoodhungama.com/movie/queen/critic-review/
Behen Hogi Teri,Rajkummar Rao,negative,2.0,2017,"June 9, 2017",Hindi,Comedy,Ajay K Pannalal,Shruti Haasan,Herry Tangri,"Jam8, Yash Narvekar, R.D.Burman, Rishi Rich, Amjad Nadeem",Bollywood Hungama News Network,https://www.bollywoodhungama.com/movie/behen-hogi-teri/critic-review/
Newton,Rajkummar Rao,negative,2.0,2017,"September 21, 2017",Hindi,"Drama, Social",Amit Masurkar,Pankaj Tripathi,Anjali Patil,"Naren Chandavarkar, Benedict Taylor",Bollywood Hungama News Network,https://www.bollywoodhungama.com/movie/newton/critic-review/
Shaadi Mein Zaroor Aana,Rajkummar Rao,negative,2.0,2017,"November 9, 2017",Hindi,"Comedy, Drama",Ratnaa Sinha,Kriti Kharbanda,Govind Namdev,,Bollywood Hungama News Network,https://www.bollywoodhungama.com/movie/shaadi-mein-zaroor-aana/critic-review/
Omerta,Rajkummar Rao,negative,2.0,2018,"May 4, 2018",Hindi,"Drama, Action, Crime, Thriller",Hansal Mehta,Timothy Ryan Hickernell,Keval Arora,Ishaan Chhabra,Bollywood Hungama News Network,https://www.bollywoodhungama.com/movie/omerta/critic-review/
Made In China,Rajkummar Rao,negative,2.0,2019,"October 25, 2019",Hindi,"Comedy, Drama",Mikhil Musale,Mouni Roy,Boman Irani,"Sachin Sanghvi, Jigar Saraiya, Naresh Kanodia, Mahesh Kanodia",Bollywood Hungama News Network,https://www.bollywoodhungama.com/movie/made-in-china/critic-review/
Chhalaang,Rajkummar Rao,positive,3.5,2020,"November 13, 2020",Hindi,"Comedy, Social",Hansal Mehta,Nushrratt Bharuccha,Mohammed Zeeshan Ayyub,"Vishal Dadlani, Shekhar Ravjianii, Yo Yo Honey Singh, Hitesh Sonik, Vee",Bollywood Hungama News Network,https://www.bollywoodhungama.com/movie/chhalaang/critic-review/
Shimla Mirchi,Rajkummar Rao,negative,2.0,2020,"January 2, 2020",Hindi,"Comedy, Romance",Ramesh Sippy,Rakul Preet Singh,Hema Malini,Meet Bros Anjjan,Bollywood Hungama News Network,https://www.bollywoodhungama.com/movie/shimla-mirchi/critic-review/
Hum Do Hamare Do,Rajkummar Rao,negative,2.5,2021,"October 29, 2021",Hindi,"Comedy, Drama, Family",Abhishek Jain,Kriti Sanon,Aparshakti Khurana,"Sachin Sanghvi, Jigar Saraiya",Bollywood Hungama News Network,https://www.bollywoodhungama.com/movie/hum-do-hamare-do-2/critic-review/
Roohi,Rajkummar Rao,negative,2.5,2021,"March 11, 2021",Hindi,"Comedy, Horror",Hardik Mehta,Janhvi Kapoor,Varun Sharma,"Sachin Sanghvi, Jigar Saraiya",Bollywood Hungama News Network,https://www.bollywoodhungama.com/movie/roohi-2/critic-review/
Badhaai Do,Rajkummar Rao,negative,2.5,2022,"February 11, 2022",Hindi,"Romance, Comedy",Harshavardhan Kulkarni,Bhumi Pednekar,Seema Pahwa,"Amit Trivedi, Ankit Tiwari, Tanishk Bagchi, Khamosh Shah",Bollywood Hungama News Network,https://www.bollywoodhungama.com/movie/badhaai-do/critic-review/
Hit - The First Case,Rajkummar Rao,negative,3.0,2022,"July 15, 2022",Hindi,"Thriller, Crime",Dr. Sailesh Kolanu,Sanya Malhotra,Dalip Tahil,"Mithoon, Manan Bhardwaj",Bollywood Hungama News Network,https://www.bollywoodhungama.com/movie/hit-the-first-case/critic-review/
Monica O My Darling,Rajkummar Rao,negative,3.0,2022,"November 11, 2022",Hindi,"Crime, Thriller",Vasan Bala,Huma Qureshi,Radhika Apte,"Mikey McCleary, Achint",Bollywood Hungama News Network,https://www.bollywoodhungama.com/movie/monica-o-darling/critic-review/
Mr. and Mrs. Mahi,Rajkummar Rao,positive,3.5,2024,"May 31, 2024",Hindi,"Sports, Drama",Sharan Sharma,Janhvi Kapoor,Kumud Mishra,"Aadesh Shrivastav, Vishal Mishra, Tanishk Bagchi, Jaani, Achint, Bunny, Dhruv Dhalla",Bollywood Hungama News Network,https://www.bollywoodhungama.com/movie/mr-mrs-mahi/critic-review/
Stree 2,Rajkummar Rao,positive,4.5,2024,"August 15, 2024",Hindi,"Horror, Comedy",Amar Kaushik,Shraddha Kapoor,Aparshakti Khurana,"Sachin Sanghvi, Jigar Saraiya",Bollywood Hungama News Network,https://www.bollywoodhungama.com/movie/stree-2-2/critic-review/
Srikanth,Rajkummar Rao,positive,4.5,2024,"May 7, 2024",Hindi,"Biographical, Drama",Tushar Hiranandani,Alaya F,Jyotika,"Anand Milind, Aditya Dev, Tanishk Bagchi, Ved Sharma, Sachet Tandon, Parampara Tandon",Bollywood Hungama News Network,https://www.bollywoodhungama.com/movie/srikanth/critic-review/
Bhool Chuk Maaf,Rajkummar Rao,negative,2.0,2025,"May 23, 2025",Hindi,"Romance, Comedy",Karan Sharma,Wamiqa Gabbi,Zakir Hussain,"Tanishk Bagchi, Gifty Mehra",Bollywood Hungama News Network,https://www.bollywoodhungama.com/movie/bhool-chuk-maaf/critic-review/
Maalik,Rajkummar Rao,negative,2.0,2025,"July 11, 2025",Hindi,"Action, Crime",Pulkit,Manushi Chhillar,Huma Qureshi,"Sachin Sanghvi, Jigar Saraiya",Bollywood Hungama News Network,https://www.bollywoodhungama.com/movie/maalik-3/critic-review/
Toaster,Rajkummar Rao,negative,3.0,2026,"April 15, 2026",Hindi,"Comedy, Drama",Vivek Das Chaudhary,Sanya Malhotra,Abhishek Banerjee,Aman Panth,Bollywood Hungama News Network,https://www.bollywoodhungama.com/movie/toaster/critic-review/
Chal Mere Bhai,Sanjay Dutt,negative,1.0,2000,"December 15, 2000",Hindi,"Action, Drama, Musical, Romance",David Dhawan,Karisma Kapoor,Salman Khan,"Anand Chitragupt, Milind Chitragupt",Taran Adarsh,https://www.bollywoodhungama.com/movie/chal-mere-bhai/critic-review/
Kurukshetra,Sanjay Dutt,negative,2.5,2000,"December 15, 2000",Hindi,"Action, Drama",Mahesh Manjrekar,Mahima Choudhary,Pramod Moutho,"Himesh Reshammiya, Sukhwinder Singh",Taran Adarsh,https://www.bollywoodhungama.com/movie/kurukshetra/critic-review/
Jung,Sanjay Dutt,negative,2.0,2000,"December 15, 2000",Hindi,"Action, Drama",Sanjay Gupta,Shilpa Shetty,Poonambalam,Anu Malik,Taran Adarsh,https://www.bollywoodhungama.com/movie/jung-2/critic-review/
Mission Kashmir,Sanjay Dutt,negative,2.5,2000,"December 15, 2000",Hindi,Drama,Vidhu Vinod Chopra,Hrithik Roshan,Preity Zinta,"Shankar Mahadevan, Ehsaan Noorani, Loy Mendonsa",Taran Adarsh,https://www.bollywoodhungama.com/movie/mission-kashmir/critic-review/
Hathyar,Sanjay Dutt,negative,2.0,2002,"October 18, 2002",Hindi,Action,Mahesh Manjrekar,Shilpa Shetty,Heera,,Taran Adarsh,https://www.bollywoodhungama.com/movie/hathyar/critic-review/
Munnabhai MBBS,Sanjay Dutt,positive,3.5,2003,"December 19, 2003",Hindi,"Comedy, Drama",Rajkumar Hirani,Gracy Singh,Arshad Warsi,Anu Malik,Taran Adarsh,https://www.bollywoodhungama.com/movie/munnabhai-mbbs/critic-review/
Rudraksh,Sanjay Dutt,negative,1.5,2004,"February 13, 2004",Hindi,"Fantasy, Sci-Fi",Mani Shankar,Amitabh Bachchan,Suniel Shetty,"Shekhar Ravjianii, Vishal Dadlani, Shankar Mahadevan, Ehsaan Noorani, Loy Mendonsa, Shashi Pritam",Taran Adarsh,https://www.bollywoodhungama.com/movie/rudraksh/critic-review/
Plan,Sanjay Dutt,negative,2.0,2004,"January 9, 2004",Hindi,"Action, Thriller",Hriday Shetty,Priyanka Chopra Jonas,Mahesh Manjrekar,"Anand Raj Anand, Shekhar Ravjianii, Vishal Dadlani",Taran Adarsh,https://www.bollywoodhungama.com/movie/plan/critic-review/
Shaadi No.1,Sanjay Dutt,negative,2.0,2005,"November 3, 2005",Hindi,Comedy,David Dhawan,Sharman Joshi,Zayed Khan,"Anu Malik, Dj Aqeel, Sanjeev Dixit",Taran Adarsh,https://www.bollywoodhungama.com/movie/shaadi-no-1/critic-review/
Lage Raho Munnabhai,Sanjay Dutt,positive,4.0,2006,"August 31, 2006",Hindi,Comedy,Rajkumar Hirani,Vidya Balan,Arshad Warsi,Shantanu Moitra,Taran Adarsh,https://www.bollywoodhungama.com/movie/lage-raho-munnabhai/critic-review/
Tathastu,Sanjay Dutt,negative,1.5,2006,"May 12, 2006",Hindi,"Action, Drama",Anubhav Sinha,Ameesha Patel,Ravi Saxena,"Shekhar Ravjianii, Vishal Dadlani",Taran Adarsh,https://www.bollywoodhungama.com/movie/tathastu/critic-review/
Shootout At Lokhandwala,Sanjay Dutt,negative,3.0,2007,"May 15, 2007",Hindi,Thriller,Apoorva Lakhia,Amitabh Bachchan,Vivek Oberoi,"Anand Raj Anand, Biddu, Mika Singh",Taran Adarsh,https://www.bollywoodhungama.com/movie/shootout-at-lokhandwala/critic-review/
Sarhad Paar,Sanjay Dutt,negative,1.0,2007,"March 9, 2007",Hindi,Social,Raman Kumar,Mahima Choudhary,Rahul Dev,Anand Raj Anand,Taran Adarsh,https://www.bollywoodhungama.com/movie/sarhad-paar/critic-review/
Luck,Sanjay Dutt,negative,3.0,2009,"July 24, 2009",Hindi,"Action, Thriller",Soham Shah,Shruti Haasan,Imran Khan,"Salim Merchant, Sulaiman Merchant",Taran Adarsh,https://www.bollywoodhungama.com/movie/luck/critic-review/
Knock Out,Sanjay Dutt,negative,2.5,2010,"October 15, 2010",Hindi,"Action, Social",Mani Shankar,Kangana Ranaut,Irrfan Khan,Gourav Das Gupta,Taran Adarsh,https://www.bollywoodhungama.com/movie/knock-out/critic-review/
Double Dhamaal,Sanjay Dutt,positive,4.0,2011,"June 23, 2011",Hindi,"Comedy, Drama",Indra Kumar,Riteish Deshmukh,Arshad Warsi,Anand Raj Anand,Taran Adarsh,https://www.bollywoodhungama.com/movie/double-dhamaal/critic-review/
Agneepath,Sanjay Dutt,positive,4.5,2012,"January 24, 2012",Hindi,"Action, Drama",Karan Malhotra,Hrithik Roshan,Priyanka Chopra Jonas,"Atul Gogavale, Ajay Gogavale",Taran Adarsh,https://www.bollywoodhungama.com/movie/agneepath/critic-review/
Hum Hai Raahi CAR Ke,Sanjay Dutt,negative,1.5,2013,"May 24, 2013",Hindi,Comedy,Jyotin Goel,Juhi Chawla,Adah Sharma,"Sangeet Haldipur, Siddharth Haldipur",Taran Adarsh,https://www.bollywoodhungama.com/movie/hum-hai-raahi-car-ke/critic-review/
Policegiri,Sanjay Dutt,negative,2.0,2013,"July 5, 2013",Hindi,"Action, Social",K. S. Ravikumar,Prachi Desai,Kavitta Verma,"Himesh Reshammiya, Meet Bros Anjjan",Taran Adarsh,https://www.bollywoodhungama.com/movie/policegiri/critic-review/
Bhoomi,Sanjay Dutt,negative,3.0,2017,"September 22, 2017",Hindi,Drama,Omung Kumar,Aditi Rao Hydari,Sidhant Gupta,"Sachin Sanghvi, Jigar Saraiya",Bollywood Hungama News Network,https://www.bollywoodhungama.com/movie/bhoomi/critic-review/
Prassthanam,Sanjay Dutt,negative,2.0,2019,"September 20, 2019",Hindi,"Drama, Family, Thriller",Deva Katta,Manisha Koirala,Ali Fazal,"Farhad Samji, Ankit Arora, Vikram Montrose",Bollywood Hungama News Network,https://www.bollywoodhungama.com/movie/prasthanam/critic-review/
The Bhootnii,Sanjay Dutt,negative,1.5,2025,"May 1, 2025",Hindi,"Horror, Comedy",Sidhant Sachdev,Mouni Roy,Palak Tiwari,"Iconyk, Shabbir Ahmed, Mukund Suryawanshi, UpsideDown",Bollywood Hungama News Network,https://www.bollywoodhungama.com/movie/the-bhootnii/critic-review/
Champion,Sunny Deol,negative,3.0,2000,"December 22, 2000",Hindi,Crime,Padam Kumar,Manisha Koirala,Master Abhishek Sharma,"Anu Malik, Anand Raj Anand, Shekhar Ravjianii, Vishal Dadlani",Taran Adarsh,https://www.bollywoodhungama.com/movie/champion/critic-review/
Farz,Sunny Deol,negative,1.0,2001,"January 11, 2001",Hindi,"Action, Drama",Raj Kanwar,Preity Zinta,Dara Singh Randhawa,"Anu Malik, Aadesh Shrivastav, Uttam Singh",Taran Adarsh,https://www.bollywoodhungama.com/movie/farz-2/critic-review/
Gadar - Ek Prem Katha,Sunny Deol,negative,3.0,2001,"June 12, 2001",Hindi,"Action, Drama, Patriotic, Period",Anil Sharma,Ameesha Patel,Utkarsh Sharma,Uttam Singh,Taran Adarsh,https://www.bollywoodhungama.com/movie/gadar-ek-prem-katha/critic-review/
Indian,Sunny Deol,negative,2.0,2001,"October 26, 2001",Hindi,Action,N Mahajan,Shilpa Shetty,Ankush Mohit,,Taran Adarsh,https://www.bollywoodhungama.com/movie/indian/critic-review/
Karz - The Burden of Truth,Sunny Deol,negative,1.5,2002,"December 6, 2002",Hindi,Drama,Harry Baweja,Shilpa Shetty,Suniel Shetty,"Sanjeev Rathod, Darshan Rathod",Taran Adarsh,https://www.bollywoodhungama.com/movie/karz-the-burden-of-truth/critic-review/
Khel,Sunny Deol,negative,2.0,2003,"October 2, 2003",Hindi,"Action, Romance",Yusuf Khan,Celina Jaitly,Suniel Shetty,,Taran Adarsh,https://www.bollywoodhungama.com/movie/khel-3/critic-review/
The Hero,Sunny Deol,negative,2.0,2003,"April 11, 2003",Hindi,"Action, Drama, Thriller",Anil Sharma,Priyanka Chopra Jonas,Preity Zinta,Uttam Singh,Taran Adarsh,https://www.bollywoodhungama.com/movie/the-hero/critic-review/
Jo Bole So Nihaal,Sunny Deol,negative,2.5,2005,"May 13, 2005",Hindi,"Action, Comedy",Rahul Rawail,Shilpi Mudgal,Nupur Mehta,Anand Raj Anand,Taran Adarsh,https://www.bollywoodhungama.com/movie/jo-bole-so-nihaal/critic-review/
Naksha,Sunny Deol,positive,3.5,2006,"September 8, 2006",Hindi,"Action, Adventure",Sachin Bajaj,Sameera Reddy,Vivek Oberoi,Pritam Chakraborty,Taran Adarsh,https://www.bollywoodhungama.com/movie/naksha/critic-review/
Big Brother,Sunny Deol,negative,1.0,2007,"April 13, 2007",Hindi,"Action, Romance, Social",Guddu Dhanoa,Priyanka Chopra Jonas,Imran Khan,"Anand Raj Anand, Sandesh Shandilya",Taran Adarsh,https://www.bollywoodhungama.com/movie/big-brother/critic-review/
Fool n Final,Sunny Deol,negative,1.5,2007,"June 1, 2007",Hindi,"Action, Comedy, Musical, Romance",Ahmed Khan,Sameera Reddy,Shahid Kapoor,Himesh Reshammiya,Taran Adarsh,https://www.bollywoodhungama.com/movie/fool-n-final/critic-review/
Apne,Sunny Deol,positive,3.5,2007,"June 29, 2007",Hindi,"Family, Drama",Anil Sharma,Bobby Deol,Dharmendra,Himesh Reshammiya,Taran Adarsh,https://www.bollywoodhungama.com/movie/apne/critic-review/
Kaafila,Sunny Deol,negative,2.0,2007,"August 10, 2007",Hindi,"Drama, Action",Ammtoje Mann,Jayant Das,Arun Kadam,Sukhwinder Singh,Taran Adarsh,https://www.bollywoodhungama.com/movie/kaafila/critic-review/
Singh Saab The Great,Sunny Deol,positive,3.5,2013,"November 22, 2013",Hindi,"Action, Drama",Anil Sharma,Amrita Rao,Urvashi Rautela,"Anand Raj Anand, Sonu Nigam",Taran Adarsh,https://www.bollywoodhungama.com/movie/singh-saab-the-great/critic-review/
Dishkiyaoon,Sunny Deol,negative,1.5,2014,"March 28, 2014",Hindi,Action,Sanamjit Talwar,Harman Baweja,Simran Natekar,"Sneha Khanwalkar, Palash Muchhal",Taran Adarsh,https://www.bollywoodhungama.com/movie/dishkiyaoon/critic-review/
Poster Boys,Sunny Deol,negative,3.0,2017,"September 8, 2017",Hindi,"Comedy, Drama",Shreyas Talpade,Bobby Deol,Shreyas Talpade,Tanishk Bagchi,Bollywood Hungama News Network,https://www.bollywoodhungama.com/movie/poster-boys/critic-review/
Bhaiaji Superhittt,Sunny Deol,negative,1.5,2018,"November 23, 2018",Hindi,"Action, Comedy",Neeraj Pathak,Preity Zinta,Arshad Warsi,"Jeet Gannguli, Raghav Sachar, Amjad Nadeem, Sanjeev-Darshan, Neeraj Pathak",Bollywood Hungama News Network,https://www.bollywoodhungama.com/movie/bhaiaji-superhitt/critic-review/
Mohalla Assi,Sunny Deol,negative,1.5,2018,"November 15, 2018",Hindi,Drama,Dr Chandrakprakash Dwivedi,Sakshi Tanwar,Saurabh Shukla,"Alap Desai, Amod Bhatt",Bollywood Hungama News Network,https://www.bollywoodhungama.com/movie/mohalla-assi/critic-review/
Chup,Sunny Deol,negative,3.0,2022,"September 22, 2022",Hindi,Thriller,R. Balki,Dulquer Salmaan,Shreya Dhanwanthary,"Sneha Khanwalkar, Amit Trivedi, S.D.Burman, Aman Panth",Bollywood Hungama News Network,https://www.bollywoodhungama.com/movie/chup/critic-review/
Jaat,Sunny Deol,positive,3.5,2025,"April 10, 2025",Hindi,"Action, Drama",Gopichand Malineni,Saiyami Kher,Regina Cassandra,S. Thaman,Bollywood Hungama News Network,https://www.bollywoodhungama.com/movie/jaat/critic-review/
Batwara 1947,Sunny Deol,negative,3.0,2026,"August 14, 2026",Hindi,"Period, Drama",Rajkumar Santoshi,Preity Zinta,Karan Deol,A. R. Rahman,Bollywood Hungama News Network,https://www.bollywoodhungama.com/movie/batwara-1947/critic-review/
Ikka,Sunny Deol,negative,2.5,2026,"July 10, 2026",Hindi,"Suspense, Thriller",Siddharth P. Malhotra,Akshaye Khanna,Tillotama Shome,Mithoon,Bollywood Hungama News Network,https://www.bollywoodhungama.com/movie/ikka/critic-review/
Maqbool,Irrfan Khan,negative,2.5,2004,"January 28, 2004",Hindi,"Crime, Drama",Vishal Bhardwaj,Tabu,Ajay Gehi,Vishal Bhardwaj,Taran Adarsh,https://www.bollywoodhungama.com/movie/maqbool/critic-review/
7 1/2 Phere,Irrfan Khan,negative,2.0,2005,"July 29, 2005",Hindi,Comedy,Ishan Trivedi,Juhi Chawla,Jyotsna Karyekar,"Kalyanji Veerji, Anandji, Shantanu Moitra, A.R. Rahman, Bally Jagpat",Taran Adarsh,https://www.bollywoodhungama.com/movie/7-12-phere/critic-review/
The Killer,Irrfan Khan,negative,2.5,2006,"July 21, 2006",Hindi,"Action, Thriller","Raksha Mistry, Hasnain Hyderabadwala",Emraan Hashmi,Priyanka Kothari,"Wajid, Sajid",Taran Adarsh,https://www.bollywoodhungama.com/movie/the-killer/critic-review/
Deadline - Sirf 24 Ghante,Irrfan Khan,negative,2.5,2006,"November 10, 2006",Hindi,Thriller,Tanveer Khan,Konkona Sen Sharma,Jhanak Shukla,"Raju Rao, Sandy, Anshul",Taran Adarsh,https://www.bollywoodhungama.com/movie/deadline-sirf-24-ghante/critic-review/
Aaja Nachle,Irrfan Khan,negative,1.5,2007,"November 30, 2007",Hindi,"Musical, Social",Anil Mehta,Madhuri Dixit,Dalai,"Salim Merchant, Sulaiman Merchant",Taran Adarsh,https://www.bollywoodhungama.com/movie/aaja-nachle/critic-review/
Apna Asmaan,Irrfan Khan,negative,1.5,2007,"September 7, 2007",Hindi,"Fantasy, Thriller",Kaushik Roy,Anupam Kher,Barkha Singh,Lesle Lewis,Taran Adarsh,https://www.bollywoodhungama.com/movie/apna-asmaan/critic-review/
Dil Kabaddi,Irrfan Khan,negative,1.5,2008,"December 5, 2008",Hindi,Comedy,Anil Senior,Soha Ali Khan,Saba Azad,"Sachin Gupta, Dhruv Dhalla",Taran Adarsh,https://www.bollywoodhungama.com/movie/dil-kabaddi/critic-review/
Krazzy 4,Irrfan Khan,negative,3.0,2008,"April 11, 2008",Hindi,"Comedy, Social",Jaideep Sen,Juhi Chawla,Suresh Menon,Rajesh Roshan,Taran Adarsh,https://www.bollywoodhungama.com/movie/krazzy-4/critic-review/
Tulsi,Irrfan Khan,negative,1.0,2008,"January 18, 2008",Hindi,,Ajay Kumar,Manisha Koirala,Vikram,"Nikhil, Vijay, Vijay",Taran Adarsh,https://www.bollywoodhungama.com/movie/tulsi-3/critic-review/
Paan Singh Tomar,Irrfan Khan,positive,3.5,2012,"March 1, 2012",Hindi,"Crime, Biographical",Tigmanshu Dhulia,Mahie Gill,Khan Jahangir Khan,Abhishek Ray,Taran Adarsh,https://www.bollywoodhungama.com/movie/paan-singh-tomar/critic-review/
D-Day,Irrfan Khan,positive,4.0,2013,"July 18, 2013",Hindi,"Action, Crime, Thriller",Nikhil Advani,Arjun Rampal,Huma Qureshi,"Shankar Mahadevan, Ehsaan Noorani, Loy Mendonsa",Taran Adarsh,https://www.bollywoodhungama.com/movie/d-day/critic-review/
The Lunchbox,Irrfan Khan,positive,4.0,2013,"September 19, 2013",Hindi,Drama,Ritesh Batra,Nimrat Kaur,Denzil Smith,,Taran Adarsh,https://www.bollywoodhungama.com/movie/the-lunchbox/critic-review/
Jazbaa,Irrfan Khan,negative,3.0,2015,"October 9, 2015",Hindi,"Crime, Thriller",Sanjay Gupta,Aishwarya Rai Bachchan,Sangita Khanayat,"Amjad, Nadeem, Sachin Sanghvi, Jigar Saraiya, Arko, Badshah",Bollywood Hungama News Network,https://www.bollywoodhungama.com/movie/jazbaa/critic-review/
Talvar,Irrfan Khan,positive,3.5,2015,"October 1, 2015",Hindi,Drama,Meghna Gulzar,Konkona Sen Sharma,Kundan Roy,Vishal Bhardwaj,Bollywood Hungama News Network,https://www.bollywoodhungama.com/movie/talvar/critic-review/
Madaari,Irrfan Khan,negative,2.5,2016,"July 21, 2016",Hindi,Thriller,Nishikant Kamat,Jimmy Sheirgill,Tushar Dalvi,"Vishal Bhardwaj, Sunny Bawra, Inder Bawra",Bollywood Hungama News Network,https://www.bollywoodhungama.com/movie/madaari/critic-review/
Hindi Medium,Irrfan Khan,positive,4.0,2017,"May 17, 2017",Hindi,"Comedy, Drama",Saket Chaudhary,Saba Qamar,Kiran Khoje,"Sachin Sanghvi, Jigar Saraiya",Bollywood Hungama News Network,https://www.bollywoodhungama.com/movie/hindi-medium/critic-review/
Qarib Qarib Singlle,Irrfan Khan,negative,3.0,2017,"November 9, 2017",Hindi,Drama,Tanuja Chandra,Parvathy Thiruvothu,Neha Dhupia,"Anu Malik, Rochak Kohli, Vishal Mishra",Bollywood Hungama News Network,https://www.bollywoodhungama.com/movie/qarib-qarib-singlle/critic-review/
Blackmail,Irrfan Khan,positive,4.0,2018,"April 4, 2018",Hindi,Comedy,Abhinay Deo,Kirti Kulhari,Arunoday Singh,"Amit Trivedi, Badshah",Bollywood Hungama News Network,https://www.bollywoodhungama.com/movie/blackmail-2/critic-review/
Karwaan,Irrfan Khan,negative,2.0,2018,"August 2, 2018",Hindi,Drama,Akarsh Khurana,Kriti Kharbanda,Dulquer Salmaan,"Prateek Kuhad, Anurag Saikia, Slowcheetah, Shwetang Shankar, Imaad Shah",Bollywood Hungama News Network,https://www.bollywoodhungama.com/movie/karwaan/critic-review/
Angrezi Medium,Irrfan Khan,negative,3.0,2020,"March 11, 2020",Hindi,Drama,Homi Adajania,Radhika Madan,Kareena Kapoor Khan,"Jigar Saraiya, Sachin Sanghvi, Tanishk Bagchi, Tiger Style",Bollywood Hungama News Network,https://www.bollywoodhungama.com/movie/angrezi-medium/critic-review/
Dil Pe Mat Le Yaar,Manoj Bajpayee,negative,1.5,2000,"December 15, 2000",Hindi,"Adventure, Drama",Hansal Mehta,Tabu,Rajesh Mishra,Vishal Bhardwaj,Taran Adarsh,https://www.bollywoodhungama.com/movie/dil-pe-mat-le-yaar/critic-review/
Aks,Manoj Bajpayee,negative,2.0,2001,"July 13, 2001",Hindi,Thriller,Rakeysh Omprakash Mehra,Raveena Tandon,Amitabh Bachchan,Anu Malik,Taran Adarsh,https://www.bollywoodhungama.com/movie/aks/critic-review/
Zubeidaa,Manoj Bajpayee,positive,4.0,2001,"January 15, 2001",Hindi,"Biographical, Drama, Musical",Shyam Benegal,Karisma Kapoor,Gehna Singh,,Taran Adarsh,https://www.bollywoodhungama.com/movie/zubeidaa/critic-review/
Pinjar,Manoj Bajpayee,negative,3.0,2003,"October 24, 2003",Hindi,"Social, Drama",Dr Chandrakprakash Dwivedi,Urmila Matondkar,Lilette Dubey,,Taran Adarsh,https://www.bollywoodhungama.com/movie/pinjar/critic-review/
Inteqam,Manoj Bajpayee,negative,1.0,2004,"October 29, 2004",Hindi,Drama,Pankaj Parashar,Eesha Koppikhar,Nethra Raghuraman,"Anand Chitragupt, Milind Chitragupt",Taran Adarsh,https://www.bollywoodhungama.com/movie/inteqam/critic-review/
Swami,Manoj Bajpayee,negative,2.5,2007,"June 8, 2007",Hindi,,Ganesh Acharya,Juhi Chawla,Maninder Wasu,Sony Chandy,Taran Adarsh,https://www.bollywoodhungama.com/movie/swami/critic-review/
Dus Tola,Manoj Bajpayee,negative,1.0,2010,"October 22, 2010",Hindi,"Comedy, Drama",Ajoy Varma,Aarti Chabria,Kunwar Pragy Arya,Sandesh Shandilya,Taran Adarsh,https://www.bollywoodhungama.com/movie/dus-tola/critic-review/
Chittagong,Manoj Bajpayee,positive,3.5,2012,"October 10, 2012",Hindi,Social,Bedabrata Pain,Vega Tamotia,Nawazuddin Siddiqui,"Shankar Mahadevan, Ehsaan Noorani, Loy Mendonsa",Taran Adarsh,https://www.bollywoodhungama.com/movie/chittagong/critic-review/
Gangs Of Wasseypur,Manoj Bajpayee,positive,3.5,2012,"June 22, 2012",Hindi,"Action, Crime",Anurag Kashyap,Nawazuddin Siddiqui,Richa Chadha,Sneha Khanwalkar,Taran Adarsh,https://www.bollywoodhungama.com/movie/gangs-of-wasseypur/critic-review/
Aligarh,Manoj Bajpayee,positive,3.5,2016,"February 24, 2016",Hindi,"Social, Drama",Hansal Mehta,Rajkummar Rao,Sudesh Saini,Karan Kulkarni,Bollywood Hungama News Network,https://www.bollywoodhungama.com/movie/aligarh/critic-review/
Budhia Singh - Born To Run,Manoj Bajpayee,negative,2.5,2016,"August 5, 2016",Hindi,,Soumendra Padhi,Tillotama Shome,Master Mayur Mahendra Patole,Sidhant Mathur,Bollywood Hungama News Network,https://www.bollywoodhungama.com/movie/budhia-singh-born-run/critic-review/
Saat Uchhakkey,Manoj Bajpayee,negative,2.5,2016,"October 14, 2016",Hindi,Comedy,Sanjeev Sharma,Aditi Sharma,Vijay Raaz,"Jaidev Kumar, Bapi-Tutul, Vivek Kar, Niranjan Khound, Saket Singh",Bollywood Hungama News Network,https://www.bollywoodhungama.com/movie/saat-uchhakkey/critic-review/
Suraj Pe Mangal Bhari,Manoj Bajpayee,negative,3.0,2020,"November 13, 2020",Hindi,"Comedy, Drama",Abhishek Sharma,Diljit Dosanjh,Fatima Sana Shaikh,Javed Mohsin,Bollywood Hungama News Network,https://www.bollywoodhungama.com/movie/suraj-pe-mangal-bhaari/critic-review/
Sirf Ek Bandaa Kaafi Hai,Manoj Bajpayee,positive,3.5,2023,"May 22, 2023",Hindi,"Crime, Thriller",Apoorv Singh Karki,Adrija,Suryamohan Kulshreshta,"Sangeet Haldipur, Siddharth Haldipur",Bollywood Hungama News Network,https://www.bollywoodhungama.com/movie/sirf-ek-bandaa-kaafi-hai/critic-review/
Bhaiyya Ji,Manoj Bajpayee,negative,2.0,2024,"May 24, 2024",Hindi,"Action, Drama",Apoorv Singh Karki,Zoya Hussain,Vipin Sharma,"Manoj Tiwari, Deepak Thakur, Tulika Upadhyay",Bollywood Hungama News Network,https://www.bollywoodhungama.com/movie/bhaiyyaji/critic-review/
Despatch,Manoj Bajpayee,negative,2.5,2024,"December 13, 2024",Hindi,"Thriller, Drama",Kanu Behl,Arrchita Agarwaal,Shahana Goswami,,Bollywood Hungama News Network,https://www.bollywoodhungama.com/movie/despatch/critic-review/
Silence 2: The Night Owl Bar Shootout,Manoj Bajpayee,negative,2.5,2024,"April 16, 2024",Hindi,"Crime, Thriller",Aban Bharucha Deohans,Prachi Desai,Sahil Vaid,,Bollywood Hungama News Network,https://www.bollywoodhungama.com/movie/silence-2-the-night-owl-bar-shootout/critic-review/
Inspector Zende,Manoj Bajpayee,positive,3.5,2025,"September 5, 2025",Hindi,"Comedy, Thriller",Chinmay Mandlekar,Girija Oak,Jim Sarbh,,Bollywood Hungama News Network,https://www.bollywoodhungama.com/movie/inspector-zende/critic-review/
Jugnuma,Manoj Bajpayee,negative,1.5,2025,"September 12, 2025",Hindi,"Family, Drama",Raam Redddy,Tillotama Shome,Priyanka Bose,Raami Reddy,Bollywood Hungama News Network,https://www.bollywoodhungama.com/movie/jugnuma/critic-review/
Governor,Manoj Bajpayee,negative,2.5,2026,"June 12, 2026",Hindi,"Thriller, Drama",Chinmay Mandlekar,Adah Sharma,Madhoo,Amit Trivedi,Bollywood Hungama News Network,https://www.bollywoodhungama.com/movie/governor/critic-review/
Beti No 1,Govinda,negative,1.0,2000,"December 15, 2000",Hindi,,Tatineni Rama Rao,Rambha,Laxmikant Berde,"Viju Shah, Ghulam Ali",Taran Adarsh,https://www.bollywoodhungama.com/movie/beti-no-1/critic-review/
Jis Desh Mein Ganga Rehta Hai,Govinda,negative,2.0,2000,"December 15, 2000",Hindi,"Comedy, Musical",Mahesh Manjrekar,Sonali Bendre,Rinke Khanna,Anand Raj Anand,Taran Adarsh,https://www.bollywoodhungama.com/movie/jis-desh-mein-ganga-rehta-hai/critic-review/
Joru Ka Ghulam,Govinda,negative,2.5,2000,"December 15, 2000",Hindi,Comedy,Shakeel Noorani,Twinkle Khanna,Rushika Reikhi,Aadesh Shrivastav,Taran Adarsh,https://www.bollywoodhungama.com/movie/joru-ka-ghulam/critic-review/
Kunwara,Govinda,negative,2.5,2000,"December 15, 2000",Hindi,"Comedy, Drama, Romance",David Dhawan,Urmila Matondkar,Aasif Sheikh,Aadesh Shrivastav,Taran Adarsh,https://www.bollywoodhungama.com/movie/kunwara/critic-review/
Shikari,Govinda,negative,1.5,2000,"December 15, 2000",Hindi,Thriller,N Chandra,Karisma Kapoor,Arun Bali,Aadesh Shrivastav,Taran Adarsh,https://www.bollywoodhungama.com/movie/shikari-3/critic-review/
Jodi No.1,Govinda,negative,2.0,2001,"April 13, 2001",Hindi,Comedy,David Dhawan,Sanjay Dutt,Twinkle Khanna,"Himesh Reshammiya, Anand Raj Anand",Taran Adarsh,https://www.bollywoodhungama.com/movie/jodi-no-1/critic-review/
Albela,Govinda,negative,1.0,2001,"April 19, 2001",Hindi,Comedy,Deepak Sareen,Aishwarya Rai Bachchan,Maya Alagh,"Jatin Pandit, Lalit Pandit",Taran Adarsh,https://www.bollywoodhungama.com/movie/albela-3/critic-review/
Aamdani Athanni Kharcha Rupaiya,Govinda,negative,1.5,2001,"December 22, 2001",Hindi,Comedy,K Raghavendra Rao,Juhi Chawla,Raju Srivastava,,Taran Adarsh,https://www.bollywoodhungama.com/movie/aamdani-athanni-kharcha-rupaiya/critic-review/
Kyonkii Main Jhuth Nahi bolta,Govinda,negative,2.5,2001,"September 21, 2001",Hindi,"Comedy, Drama",David Dhawan,Sushmita Sen,Jibraan Khan,Anand Raj Anand,Taran Adarsh,https://www.bollywoodhungama.com/movie/kyonkii-main-jhuth-nahi-bolta/critic-review/
Chalo Ishq Ladaaye,Govinda,negative,1.5,2002,"December 26, 2002",Hindi,"Comedy, Romance",Aziz Sajawal,Rani Mukerji,Mink Brar,,Taran Adarsh,https://www.bollywoodhungama.com/movie/chalo-ishq-ladaaye/critic-review/
Waah Tera Kya Kehna,Govinda,negative,1.0,2002,"November 1, 2002",Hindi,"Romance, Comedy",Manoj Agarwal,Raveena Tandon,Preeti Jhangiani,,Taran Adarsh,https://www.bollywoodhungama.com/movie/waah-tera-kya-kehna/critic-review/
Ek Aur Ek Gyarah,Govinda,negative,1.5,2003,"March 28, 2003",Hindi,Comedy,David Dhawan,Sanjay Dutt,Nandini Singh,"Shankar Mahadevan, Ehsaan Noorani, Loy Mendonsa",Taran Adarsh,https://www.bollywoodhungama.com/movie/ek-aur-ek-gyarah-2/critic-review/
Ssukh,Govinda,negative,1.0,2005,"June 18, 2005",Hindi,,Kirti Kumar,Chunky Pandey,Mahesh Anand,,Taran Adarsh,https://www.bollywoodhungama.com/movie/ssukh/critic-review/
Money Hai Toh Honey Hai,Govinda,negative,1.0,2008,"July 25, 2008",Hindi,Comedy,Ganesh Acharya,Celina Jaitly,Shruti Sharma,Sony Chandy,Taran Adarsh,https://www.bollywoodhungama.com/movie/money-hai-toh-honey-hai/critic-review/
Do Knot Disturb,Govinda,positive,3.5,2009,"October 2, 2009",Hindi,Comedy,David Dhawan,Lara Dutta,Riteish Deshmukh,"Nadeem Saifee, Shravan Kumar Rathod",Taran Adarsh,https://www.bollywoodhungama.com/movie/do-knot-disturb/critic-review/
Loot,Govinda,negative,1.5,2011,"November 4, 2011",Hindi,,Rajnish Raj Thakur,Shweta Bhardwaj,Suniel Shetty,"Shamir Tandon, Mika Singh, Shravan Sinha",Taran Adarsh,https://www.bollywoodhungama.com/movie/loot/critic-review/
FryDay,Govinda,negative,2.5,2018,"October 12, 2018",Hindi,Comedy,Abhishek Dogra,Varun Sharma,Prabhleen Sandhu,"Ankit Tiwari, Milind Gaba",Bollywood Hungama News Network,https://www.bollywoodhungama.com/movie/fry-day/critic-review/
Out Of Control,Riteish Deshmukh,negative,2.0,2003,"November 22, 2003",Hindi,"Drama, Romance","Ramanjit Juneja, Apurva Asrani",Hrishitaa Bhatt,Brande Roderick,Anand Raj Anand,Taran Adarsh,https://www.bollywoodhungama.com/movie/out-of-control/critic-review/
Bardaasht,Riteish Deshmukh,negative,2.5,2004,"April 23, 2004",Hindi,Drama,E Niwas Productions,Bobby Deol,Lara Dutta,Himesh Reshammiya,Taran Adarsh,https://www.bollywoodhungama.com/movie/bardaasht/critic-review/
Kyaa Kool Hai Hum,Riteish Deshmukh,negative,3.0,2005,"May 6, 2005",Hindi,"Comedy, Adult, Romance",Sangeeth Sivan,Tusshar Kapoor,Neha Dhupia,Anu Malik,Taran Adarsh,https://www.bollywoodhungama.com/movie/kyaa-kool-hai-hum/critic-review/
Malamaal Weekly,Riteish Deshmukh,negative,1.5,2006,"March 10, 2006",Hindi,"Comedy, Drama",Priyadarshan,Paresh Rawal,Reema Sen,Uttankk V.Vorra,Taran Adarsh,https://www.bollywoodhungama.com/movie/malamaal-weekly/critic-review/
De Taali,Riteish Deshmukh,negative,1.5,2008,"June 20, 2008",Hindi,"Drama, Social",E Niwas Productions,Aftab Shivdasani,Rimi Sen,"Shekhar Ravjianii, Vishal Dadlani",Taran Adarsh,https://www.bollywoodhungama.com/movie/de-taali/critic-review/
Jaane Kahan Se Aayi Hai,Riteish Deshmukh,negative,2.5,2010,"April 9, 2010",Hindi,"Comedy, Fantasy, Romance, Social",Milap Zaveri,Jacqueline Fernandez,Ruslaan Mumtaz,"Wajid, Sajid",Taran Adarsh,https://www.bollywoodhungama.com/movie/jaane-kahan-se-aayi-hai/critic-review/
Kyaa Super Kool Hain Hum,Riteish Deshmukh,positive,3.5,2012,"July 26, 2012",Hindi,"Comedy, Adult",Sachin Yardi,Tusshar Kapoor,Neha Sharma,"Shankar Mahadevan, Ehsaan Noorani, Jigar Saraiya, Sachin Sanghvi, Loy Mendonsa, Meet Bros Anjjan",Taran Adarsh,https://www.bollywoodhungama.com/movie/kyaa-super-kool-hain-hum/critic-review/
Tere Naal Love Ho Gaya,Riteish Deshmukh,negative,3.0,2012,"February 24, 2012",Hindi,Romance,Mandeep Kumar,Genelia D'Souza,Gurmeet Sajan,"Jigar Saraiya, Sachin Sanghvi",Taran Adarsh,https://www.bollywoodhungama.com/movie/tere-naal-love-ho-gaya/critic-review/
Grand Masti,Riteish Deshmukh,positive,3.5,2013,"September 13, 2013",Hindi,"Adult, Comedy",Indra Kumar,Aftab Shivdasani,Vivek Oberoi,"Anand Raj Anand, Sanjeev Rathod, Darshan Rathod",Taran Adarsh,https://www.bollywoodhungama.com/movie/grand-masti/critic-review/
Humshakals,Riteish Deshmukh,negative,1.5,2014,"June 20, 2014",Hindi,Comedy,Sajid Khan,Saif Ali Khan,Bipasha Basu,Himesh Reshammiya,Taran Adarsh,https://www.bollywoodhungama.com/movie/humshakals/critic-review/
Bangistan,Riteish Deshmukh,negative,1.5,2015,"August 7, 2015",Hindi,"Comedy, Drama",Karan Anshuman,Pulkit Samrat,Jacqueline Fernandez,Ram Sampath,Bollywood Hungama News Network,https://www.bollywoodhungama.com/movie/bangistan/critic-review/
Banjo,Riteish Deshmukh,negative,1.0,2016,"September 28, 2016",Hindi,Musical,Ravi Jadhav,Nargis Fakhri,Dharmesh Yelande,"Shekhar Ravjianii, Vishal Dadlani",Bollywood Hungama News Network,https://www.bollywoodhungama.com/movie/banjo/critic-review/
Kyaa Kool Hain Hum 3,Riteish Deshmukh,negative,1.5,2016,"January 22, 2016",Hindi,"Adult, Comedy",Umesh Ghadge,Tusshar Kapoor,Aftab Shivdasani,"Wajid, Sajid",Bollywood Hungama News Network,https://www.bollywoodhungama.com/movie/kyaa-kool-hain-hum-3/critic-review/
Bank Chor,Riteish Deshmukh,negative,1.5,2017,"June 16, 2017",Hindi,Comedy,Bumpy,Rhea Chakraborty,Vivek Oberoi,"Kailash Kher, Baba Sehgal, Rochak Kohli, Sri Sriram, Sameer Tandon",Bollywood Hungama News Network,https://www.bollywoodhungama.com/movie/bankchor/critic-review/
Visfot,Riteish Deshmukh,negative,2.5,2024,"September 6, 2024",Hindi,"Action, Thriller",Kookie V Gulati,Fardeen Khan,Krystle D'Souza,,Bollywood Hungama News Network,https://www.bollywoodhungama.com/movie/visfot/critic-review/
Mastiii 4,Riteish Deshmukh,negative,2.0,2025,"November 21, 2025",Hindi,"Adult, Comedy",Milap Zaveri,Vivek Oberoi,Aftab Shivdasani,"Sanjeev Darshan, Meet Bros",Bollywood Hungama News Network,https://www.bollywoodhungama.com/movie/mastiii-4/critic-review/
Raja Shivaji,Riteish Deshmukh,positive,4.0,2026,"May 1, 2026",Hindi,"Historical, Drama",Riteish Deshmukh,Genelia Deshmukh,Sanjay Dutt,"Ajay Gogavale, Atul Gogavale",Bollywood Hungama News Network,https://www.bollywoodhungama.com/movie/raja-shivaji/critic-review/
Miss Lovely,Nawazuddin Siddiqui,negative,3.0,2014,"January 17, 2014",Hindi,Drama,Ashim Ahluwalia,Niharika Singh,Rashmi Pitre,Nazia Hassan,Bollywood Hungama News Network,https://www.bollywoodhungama.com/movie/miss-lovely/critic-review/
Manjhi The Mountain Man,Nawazuddin Siddiqui,negative,2.5,2015,"August 21, 2015",Hindi,Drama,Ketan Mehta,Radhika Apte,Urmila Mahanta,Sandesh Sandilya,Bollywood Hungama News Network,https://www.bollywoodhungama.com/movie/manjhi-the-mountain-man/critic-review/
Freaky Ali,Nawazuddin Siddiqui,negative,2.0,2016,"September 9, 2016",Hindi,Drama,Sohail Khan,Amy Jackson,Arbaaz Khan,"Sajid, Wajid",Bollywood Hungama News Network,https://www.bollywoodhungama.com/movie/freaky-ali/critic-review/
Raman Raghav 2.0,Nawazuddin Siddiqui,negative,2.5,2016,"June 24, 2016",Hindi,Drama,Anurag Kashyap,Vicky Kaushal,Sobhita Dhulipala,Ram Sampath,Bollywood Hungama News Network,https://www.bollywoodhungama.com/movie/raman-raghav-2-0/critic-review/
Babumoshai Bandookbaaz,Nawazuddin Siddiqui,negative,2.0,2017,"August 24, 2017",Hindi,"Action, Drama",Kushan Nandy,Bidita Bag,Divya Dutta,"Gaurav Dagaonkar, Debojyoti Mishra",Bollywood Hungama News Network,https://www.bollywoodhungama.com/movie/babumoshai-bandookbaaz/critic-review/
Manto,Nawazuddin Siddiqui,negative,1.5,2018,"September 21, 2018",Hindi,"Drama, Biographical, Period",Nandita Das,Rasika Dugal,Tahir Raj Bhasin,Sneha Khanwalkar,Bollywood Hungama News Network,https://www.bollywoodhungama.com/movie/manto/critic-review/
Motichoor Chaknachoor,Nawazuddin Siddiqui,negative,2.0,2019,"November 15, 2019",Hindi,"Comedy, Drama",Debamitra Biswal,Athiya Shetty,Vibha Chibbar,"Ramji Gulati, Arjuna Harjai, Amjad-Nadeem, Siddharth Amit Bhavsar, Bharath - Hitarth",Bollywood Hungama News Network,https://www.bollywoodhungama.com/movie/motichoor-chaknachoor/critic-review/
Photograph,Nawazuddin Siddiqui,negative,2.0,2019,"March 14, 2019",Hindi,"Drama, Romance",Ritesh Batra,Sanya Malhotra,Farrukh Jaffer,,Bollywood Hungama News Network,https://www.bollywoodhungama.com/movie/photograph/critic-review/
Thackeray,Nawazuddin Siddiqui,positive,3.5,2019,"January 25, 2019",Hindi,"Biographical, Drama",Abhijit Panse,Amrita Rao,Mukund Gosavi,Rohan Rohan,Bollywood Hungama News Network,https://www.bollywoodhungama.com/movie/thackeray/critic-review/
Raat Akeli Hai,Nawazuddin Siddiqui,negative,2.0,2020,"August 1, 2020",Hindi,"Drama, Thriller",Honey Trehan,Radhika Apte,Aditya Srivastav,Sneha Khanwalkar,Bollywood Hungama News Network,https://www.bollywoodhungama.com/movie/raat-akeli-hai/critic-review/
Jogira Sara Ra Ra,Nawazuddin Siddiqui,negative,2.0,2023,"May 26, 2023",Hindi,"Romance, Comedy",Kushan Nandy,Neha Sharma,Mimoh Chakraborty,"Tanishk Bagchi, Meet Bros",Bollywood Hungama News Network,https://www.bollywoodhungama.com/movie/jogira-sara-ra-ra/critic-review/
Haddi,Nawazuddin Siddiqui,negative,2.0,2023,"September 7, 2023",Hindi,"Crime, Drama",Akshat Ajay Sharma,Anurag Kashyap,Mohammed Zeeshan Ayyub,Rohan Rohan,Bollywood Hungama News Network,https://www.bollywoodhungama.com/movie/haddi/critic-review/
Rautu Ka Raaz,Nawazuddin Siddiqui,negative,2.0,2024,"June 28, 2024",Hindi,"Crime, Suspense",Anand Surapur,Rajesh Kumar,Atul Tiwari,Zeb Bangash,Bollywood Hungama News Network,https://www.bollywoodhungama.com/movie/rautu-ka-raaz/critic-review/
Costao,Nawazuddin Siddiqui,negative,2.5,2025,"April 30, 2025",Hindi,"Biographical, Drama",Sejal Shah,Priya Bapat,Kishore Kumar G.,"Ajay Jayanthi, Ketan Sodha",Bollywood Hungama News Network,https://www.bollywoodhungama.com/movie/costao/critic-review/
Raat Akeli Hai: The Bansal Murders,Nawazuddin Siddiqui,negative,2.5,2025,"December 19, 2025",Hindi,"Suspense, Thriller",Honey Trehan,Chitrangda Singh,Radhika Apte,,Bollywood Hungama News Network,https://www.bollywoodhungama.com/movie/raat-akeli-hai-bansal-murders/critic-review/
Main Actor Nahin Hoon,Nawazuddin Siddiqui,negative,2.0,2026,"May 8, 2026",Hindi,Drama,Aditya Kripalani,Chitrangada Satarupa,Naveen Kasturia,Rabbi Shergill,Bollywood Hungama News Network,https://www.bollywoodhungama.com/movie/main-actor-nahin-hoon/critic-review/
Naam Shabana,Taapsee Pannu,negative,3.0,2017,"March 29, 2017",Hindi,"Action, Thriller",Shivam Nair,Manoj Bajpayee,Akshay Kumar,"Meet Bros, Rochak Kohli",Bollywood Hungama News Network,https://www.bollywoodhungama.com/movie/naam-shabana/critic-review/
Manmarziyaan,Taapsee Pannu,negative,3.0,2018,"September 13, 2018",Hindi,"Drama, Romance",Anurag Kashyap,Vicky Kaushal,Abhishek Bachchan,Amit Trivedi,Bollywood Hungama News Network,https://www.bollywoodhungama.com/movie/manmarziyaan/critic-review/
Dil Juunglee,Taapsee Pannu,negative,1.5,2018,"March 9, 2018",Hindi,Comedy,Aleya Sen,Saqib Saleem,Abhilash Thapliyal,"Guru Randhawa, Rajat Nagpal, Tanishk Bagchi, Toshi Sabri, Abhishek Arora",Bollywood Hungama News Network,https://www.bollywoodhungama.com/movie/dil-juunglee/critic-review/
Mulk,Taapsee Pannu,positive,3.5,2018,"August 2, 2018",Hindi,"Social, Action, Crime, Drama, Family, Patriotic",Anubhav Sinha,Rishi Kapoor,Prateik Babbar,"Prasad Sasthe, Anurag Saikia",Bollywood Hungama News Network,https://www.bollywoodhungama.com/movie/mulk/critic-review/
Badla,Taapsee Pannu,negative,3.0,2019,"March 8, 2019",Hindi,"Action, Suspense, Thriller",Sujoy Ghosh,Amitabh Bachchan,Tony Luke,"Clinton Cerejo, Armaan Malik, Amaal Mallik, Anupam Roy",Bollywood Hungama News Network,https://www.bollywoodhungama.com/movie/badla-3/critic-review/
Game Over,Taapsee Pannu,negative,2.0,2019,"June 14, 2019",Hindi,Horror,Ashwin Saravanan,Vinodhini,Anish Kuruvilla,,Bollywood Hungama News Network,https://www.bollywoodhungama.com/movie/game-over-2/critic-review/
Saand Ki Aankh,Taapsee Pannu,negative,3.0,2019,"October 21, 2019",Hindi,"Drama, Action, Biographical",Tushar Hiranandani,Bhumi Pednekar,Vineet Kumar Singh,Vishal Mishra,Bollywood Hungama News Network,https://www.bollywoodhungama.com/movie/saand-ki-aankh/critic-review/
Thappad,Taapsee Pannu,positive,4.0,2020,"February 27, 2020",Hindi,"Drama, Family, Social",Anubhav Sinha,Pavail Gulati,Dia Mirza,Anurag Saikia,Bollywood Hungama News Network,https://www.bollywoodhungama.com/movie/thappad/critic-review/
Haseen Dillruba,Taapsee Pannu,negative,2.5,2021,"July 2, 2021",Hindi,"Suspense, Thriller",Vinil Mathew,Vikrant Massey,Harshvardhan Rane,Amit Trivedi,Bollywood Hungama News Network,https://www.bollywoodhungama.com/movie/haseen-dillruba/critic-review/
Rashmi Rocket,Taapsee Pannu,negative,3.0,2021,"October 14, 2021",Hindi,"Sports, Drama",Akarsh Khurana,Priyanshu Painyuli,Abhishek Banerjee,Amit Trivedi,Bollywood Hungama News Network,https://www.bollywoodhungama.com/movie/rashmi-rocket/critic-review/
Blurr,Taapsee Pannu,negative,2.5,2022,"December 9, 2022",Hindi,"Suspense, Thriller",Ajay Bahl,Gulshan Devaiah,Sumit Nijhawan,"Aditya Pushkarna, Shivangi Bhayana",Bollywood Hungama News Network,https://www.bollywoodhungama.com/movie/blurr/critic-review/
Do Baaraa,Taapsee Pannu,negative,2.0,2022,"August 19, 2022",Hindi,"Suspense, Thriller",Anurag Kashyap,Pavail Gulati,Nassar,"Gaurav Chatterji, Shor Police",Bollywood Hungama News Network,https://www.bollywoodhungama.com/movie/do-baaraa/critic-review/
Looop Lapeta,Taapsee Pannu,negative,2.5,2022,"February 4, 2022",Hindi,"Crime, Comedy",Aakash Bhatia,Tahir Raj Bhasin,Shreya Dhanwanthary,"Sidhant Mago, Mayank Mehra, Rahul Pais, Nariman Khambata, Santanu Ghatak",Bollywood Hungama News Network,https://www.bollywoodhungama.com/movie/looop-lapeta/critic-review/
Shabaash Mithu,Taapsee Pannu,negative,3.0,2022,"July 15, 2022",Hindi,"Biographical, Sports",Srijit Mukherjee,Vijay Raaz,Brijendra Kala,Amit Trivedi,Bollywood Hungama News Network,https://www.bollywoodhungama.com/movie/shabaash-mithu/critic-review/
Phir Aayi Hasseen Dillruba,Taapsee Pannu,negative,3.0,2024,"August 9, 2024",Hindi,"Suspense, Thriller",Jayprad Desai,Vikrant Massey,Sunny Kaushal,"Anurag Saikia, Sachet Tandon, Parampara Tandon",Bollywood Hungama News Network,https://www.bollywoodhungama.com/movie/phir-aayi-hasseen-dillruba/critic-review/
Assi,Taapsee Pannu,positive,3.5,2026,"February 19, 2026",Hindi,"Crime, Thriller",Anubhav Sinha,Kani Kusruti,Revathi,"Ranjit Barot, Rochak Kohli",Bollywood Hungama News Network,https://www.bollywoodhungama.com/movie/assi/critic-review/
Hamara Dil Aapke Paas Hai,Anil Kapoor,positive,4.0,2000,"December 15, 2000",Hindi,"Comedy, Romance",Satish Kaushik,Aishwarya Rai Bachchan,Virendra,"Sanjeev Rathod, Darshan Rathod",Taran Adarsh,https://www.bollywoodhungama.com/movie/hamara-dil-aapke-paas-hai/critic-review/
Karobaar,Anil Kapoor,negative,1.0,2000,"December 15, 2000",Hindi,Drama,Rakesh Roshan,Rishi Kapoor,Juhi Chawla,Rajesh Roshan,Taran Adarsh,https://www.bollywoodhungama.com/movie/karobaar/critic-review/
Nayak,Anil Kapoor,negative,1.0,2001,"September 5, 2001",Hindi,"Action, Drama",S Shankar,Rani Mukerji,Pooja Batra,A. R. Rahman,Taran Adarsh,https://www.bollywoodhungama.com/movie/nayak/critic-review/
Badhaai Ho Badhaai,Anil Kapoor,negative,1.0,2002,"June 14, 2002",Hindi,"Comedy, Drama, Musical",Satish Kaushik,Shilpa Shetty,Kirti Reddy,Anu Malik,Taran Adarsh,https://www.bollywoodhungama.com/movie/badhaai-ho-badhaai/critic-review/
Rishtey,Anil Kapoor,negative,2.0,2002,"December 6, 2002",Hindi,,,Shilpa Shetty,Karisma Kapoor,"Sanjeev Rathod, Darshan Rathod",Taran Adarsh,https://www.bollywoodhungama.com/movie/rishtey/critic-review/
Calcutta Mail,Anil Kapoor,negative,1.5,2003,"September 5, 2003",Hindi,Thriller,Sudhir Mishra,Rani Mukerji,Akhil Mishra,"Viju Shah, Anand Raj Anand",Taran Adarsh,https://www.bollywoodhungama.com/movie/calcutta-mail/critic-review/
Musafir,Anil Kapoor,positive,4.0,2004,"December 10, 2004",Hindi,"Drama, Action",Sanjay Gupta,Sanjay Dutt,Aditya Pancholi,"Shekhar Ravjianii, Vishal Dadlani",Taran Adarsh,https://www.bollywoodhungama.com/movie/musafir-3/critic-review/
Chocolate,Anil Kapoor,negative,1.5,2005,"September 16, 2005",Hindi,"Suspense, Crime",Vivek Agnihotri,Tanushree Dutta,Irrfan Khan,Pritam Chakraborty,Taran Adarsh,https://www.bollywoodhungama.com/movie/chocolate/critic-review/
My Wife's Murder,Anil Kapoor,negative,2.5,2005,"August 19, 2005",Hindi,Thriller,Philip,Suchitra Krishnamoorthi,Manish Khanna,,Taran Adarsh,https://www.bollywoodhungama.com/movie/my-wifes-murder/critic-review/
Black and White,Anil Kapoor,negative,3.0,2008,"March 7, 2008",Hindi,Social,Subhash Ghai,Shefali Shah,Anurag Sinha,Sukhwinder Singh,Taran Adarsh,https://www.bollywoodhungama.com/movie/black-white/critic-review/
No Problem,Anil Kapoor,negative,1.5,2010,"December 10, 2010",Hindi,"Comedy, Drama",Anees Bazmee,Akshaye Khanna,Kangana Ranaut,"Pritam Chakraborty, Anand Raj Anand, Wajid, Sajid",Taran Adarsh,https://www.bollywoodhungama.com/movie/no-problem/critic-review/
Fanney Khan,Anil Kapoor,positive,3.5,2018,"August 3, 2018",Hindi,"Family, Drama",Atul Manjrekar,Aishwarya Rai Bachchan,Rajkummar Rao,"Amit Trivedi, Tanishk Bagchi",Bollywood Hungama News Network,https://www.bollywoodhungama.com/movie/fanney-khan/critic-review/
Ek Ladki Ko Dekha Toh Aisa Laga,Anil Kapoor,negative,2.5,2019,"February 1, 2019",Hindi,"Drama, Romance",Shelly Chopra Dhar,Sonam Kapoor Ahuja,Rajkummar Rao,Rochak Kohli,Bollywood Hungama News Network,https://www.bollywoodhungama.com/movie/ek-ladki-ko-dekha-toh-aisa-laga/critic-review/
Thar,Anil Kapoor,positive,3.5,2022,"May 6, 2022",Hindi,"Crime, Thriller",Raj Singh Chaudhary,Harsh Varrdhan Kapoor,Fatima Sana Shaikh,Ajay Jayanthi,Bollywood Hungama News Network,https://www.bollywoodhungama.com/movie/thar/critic-review/
Subedaar,Anil Kapoor,negative,2.5,2026,"March 5, 2026",Hindi,"Action, Drama",Suresh Triveni,Radhikka Madan,Saurabh Shukla,"IP Singh, Rohan Vinayak, Rutvik Talashilkar, Shubham Shirule, Akshay Raheja, Ana Rehman, Agram",Bollywood Hungama News Network,https://www.bollywoodhungama.com/movie/subedaar/critic-review/
Bichhoo,Bobby Deol,negative,2.0,2000,"December 15, 2000",Hindi,"Action, Crime, Drama, Thriller",Guddu Dhanoa,Rani Mukerji,Mahavir Shah,Anand Raj Anand,Taran Adarsh,https://www.bollywoodhungama.com/movie/bichhoo/critic-review/
Hum To Mohabbat Karega,Bobby Deol,negative,1.5,2000,"December 15, 2000",Hindi,"Action, Comedy, Romance, Thriller",Kundan Shah,Karisma Kapoor,Vijay Kashyap,Anu Malik,Taran Adarsh,https://www.bollywoodhungama.com/movie/hum-to-mohabbat-karega/critic-review/
Ajnabee,Bobby Deol,negative,1.5,2001,"September 20, 2001",Hindi,"Crime, Thriller","Mustan Burmawalla, Abbas Burmawalla",Akshay Kumar,Kareena Kapoor Khan,Anu Malik,Taran Adarsh,https://www.bollywoodhungama.com/movie/ajnabee/critic-review/
Aashiq,Bobby Deol,negative,1.0,2001,"June 25, 2001",Hindi,Romance,Indra Kumar,Karisma Kapoor,Mrinal Kulkarni,,Taran Adarsh,https://www.bollywoodhungama.com/movie/aashiq-2/critic-review/
23rd March 1931 Shaheed,Bobby Deol,negative,1.5,2002,"June 7, 2002",Hindi,Social,Guddu Dhanoa,Sunny Deol,Garry,,Taran Adarsh,https://www.bollywoodhungama.com/movie/23rd-march-1931-shaheed/critic-review/
Chor Machaye Shor,Bobby Deol,negative,1.0,2002,"August 30, 2002",Hindi,Comedy,David Dhawan,Bipasha Basu,Shekhar Suman,,Taran Adarsh,https://www.bollywoodhungama.com/movie/chor-machaye-shor-2/critic-review/
Humraaz,Bobby Deol,negative,3.0,2002,"July 5, 2002",Hindi,"Drama, Romance, Thriller","Mustan Burmawalla, Abbas Burmawalla",Akshaye Khanna,Ameesha Patel,Himesh Reshammiya,Taran Adarsh,https://www.bollywoodhungama.com/movie/humraaz/critic-review/
Kranti,Bobby Deol,negative,1.0,2002,"March 9, 2002",Hindi,"Action, Drama",Naresh Malhotra,Ameesha Patel,Ankush Mohit,"Jatin Pandit, Lalit Pandit",Taran Adarsh,https://www.bollywoodhungama.com/movie/kranti-2/critic-review/
Kismat,Bobby Deol,negative,1.5,2004,"February 20, 2004",Hindi,,Guddu Dhanoa,Priyanka Chopra Jonas,Amit Behl,Anand Raj Anand,Taran Adarsh,https://www.bollywoodhungama.com/movie/kismat-3/critic-review/
Barsaat,Bobby Deol,negative,1.5,2005,"August 19, 2005",Hindi,"Drama, Romance",Suneel Darshan,Priyanka Chopra Jonas,Bipasha Basu,"Nadeem Saifee, Shravan Kumar Rathod",Taran Adarsh,https://www.bollywoodhungama.com/movie/barsaat-3/critic-review/
Humko Tumse Pyaar Hai,Bobby Deol,negative,2.0,2006,"February 24, 2006",Hindi,"Romance, Social, Thriller",Bunty Soorma,Ameesha Patel,Achint Kaur,Anand Raj Anand,Taran Adarsh,https://www.bollywoodhungama.com/movie/humko-tumse-pyaar-hai/critic-review/
Nanhe Jaisalmer,Bobby Deol,negative,1.5,2007,"September 14, 2007",Hindi,Social,Samir Karnik,Dwij Yadav,Prateeksha Lonkar,Himesh Reshammiya,Taran Adarsh,https://www.bollywoodhungama.com/movie/nanhe-jaisalmer/critic-review/
Ek - The Power of One,Bobby Deol,negative,2.0,2009,"March 27, 2009",Hindi,"Action, Social",Sangeeth Sivan,Shriya Saran,Nana Patekar,Pritam Chakraborty,Taran Adarsh,https://www.bollywoodhungama.com/movie/ek-the-power-of-one/critic-review/
Vaada raha i promise,Bobby Deol,negative,1.5,2009,"September 11, 2009",Hindi,Drama,Samir Karnik,Sanjeev Mehra,Kangana Ranaut,"Gourav Das Gupta, Monty Sharma, Sharib Sabri, Toshi Sabri, Rahul Seth, Sandy, Babbu Mann, Sanjoy Chowdhury",Taran Adarsh,https://www.bollywoodhungama.com/movie/vaada-raha-i-promise/critic-review/
Bandar,Bobby Deol,negative,3.0,2026,"June 5, 2026",Hindi,"Crime, Drama",Anurag Kashyap,Sanya Malhotra,Sapna Pabbi,"Amit Trivedi, Sapan Jagmohan, Payal Dev, Aditya Dev, Vishal Mishra, Shivahari Varma, Sickflip, Blurface",Bollywood Hungama News Network,https://www.bollywoodhungama.com/movie/bandar/critic-review/
Pyaar Ishq Aur Mohabbat,Arjun Rampal,negative,1.0,2001,"August 2, 2001",Hindi,"Musical, Romance",Rajiv Rai,Eesha Koppikhar,Aftab Shivdasani,Viju Shah,Taran Adarsh,https://www.bollywoodhungama.com/movie/pyaar-ishq-aur-mohabbat/critic-review/
Deewaanapan,Arjun Rampal,negative,2.0,2001,"November 16, 2001",Hindi,Drama,Asshu Trikha,Dia Mirza,Somesh Agarwal,Aadesh Shrivastav,Taran Adarsh,https://www.bollywoodhungama.com/movie/deewaanapan/critic-review/
Moksha: Salvation,Arjun Rampal,negative,1.0,2001,"November 28, 2001",Hindi,"Drama, Thriller",,Manisha Koirala,Aksha Pardesani,"Rajesh Roshan, Salim Merchant, Sulaiman Merchant",Taran Adarsh,https://www.bollywoodhungama.com/movie/moksha-salvation/critic-review/
Dil Ka Rishta,Arjun Rampal,negative,1.5,2003,"January 17, 2003",Hindi,Romance,Naresh Malhotra,Aishwarya Rai Bachchan,Sheetal Bedi,"Nadeem Saifee, Shravan Kumar Rathod",Taran Adarsh,https://www.bollywoodhungama.com/movie/dil-ka-rishta/critic-review/
Asambhav,Arjun Rampal,negative,1.0,2004,"July 23, 2004",Hindi,,Rajiv Rai,Priyanka Chopra Jonas,Surendra Singh,,Taran Adarsh,https://www.bollywoodhungama.com/movie/asambhav-2/critic-review/
Yakeen,Arjun Rampal,negative,2.0,2005,"July 1, 2005",Hindi,,Girish Dhamija,Priyanka Chopra Jonas,Saurabh Shukla,Himesh Reshammiya,Taran Adarsh,https://www.bollywoodhungama.com/movie/yakeen/critic-review/
I See You,Arjun Rampal,negative,1.5,2006,"December 29, 2006",Hindi,"Romance, Drama",Vivek Agrawal,Vipasha Agarwal,Sonali Kulkarni,"Shekhar Ravjianii, Vishal Dadlani",Taran Adarsh,https://www.bollywoodhungama.com/movie/i-see-you/critic-review/
Fox,Arjun Rampal,negative,1.5,2009,"September 4, 2009",Hindi,"Action, Suspense",Deepak Tijori,Sunny Deol,Udita Goswami,Monty Sharma,Taran Adarsh,https://www.bollywoodhungama.com/movie/fox/critic-review/
Heroine,Arjun Rampal,positive,3.5,2012,"September 20, 2012",Hindi,"Social, Adult, Drama",Madhur Bhandarkar,Kareena Kapoor Khan,Randeep Hooda,"Salim Merchant, Sulaiman Merchant",Taran Adarsh,https://www.bollywoodhungama.com/movie/heroine/critic-review/
Inkaar,Arjun Rampal,negative,3.0,2013,"January 18, 2013",Hindi,"Crime, Romance",Sudhir Mishra,Chitrangda Singh,Jai Prakash Mishra,Shantanu Moitra,Taran Adarsh,https://www.bollywoodhungama.com/movie/inkaar-3/critic-review/
Daddy,Arjun Rampal,negative,2.0,2017,"September 8, 2017",Hindi,Drama,Ashim Ahluwalia,Farhan Akhtar,Aishwarya Rajesh,"Sajid, Wajid",Bollywood Hungama News Network,https://www.bollywoodhungama.com/movie/daddy-2/critic-review/
Paltan,Arjun Rampal,negative,2.5,2018,"September 7, 2018",Hindi,Drama,J P Dutta,Jackie Shroff,Esha Gupta,Anu Malik,Bollywood Hungama News Network,https://www.bollywoodhungama.com/movie/paltan/critic-review/
Shakalaka Boom Boom,Kangana Ranaut,negative,3.0,2007,"April 6, 2007",Hindi,"Drama, Musical, Social",Suneel Darshan,Bobby Deol,Nikhil Patil,Himesh Reshammiya,Taran Adarsh,https://www.bollywoodhungama.com/movie/shakalaka-boom-boom/critic-review/
Rajjo,Kangana Ranaut,negative,2.5,2013,"November 15, 2013",Hindi,Drama,Vishwas Patil,Gulaab Sangamnerkar,Kritika Chaudhary,"Uttam Singh, Gurmeet Singh",Taran Adarsh,https://www.bollywoodhungama.com/movie/rajjo/critic-review/
Rangoon,Kangana Ranaut,positive,4.0,2017,"February 23, 2017",Hindi,"Drama, Action, Romance",Vishal Bhardwaj,Saif Ali Khan,Shahid Kapoor,Vishal Bhardwaj,Taran Adarsh,https://www.bollywoodhungama.com/movie/rangoon/critic-review/
Simran,Kangana Ranaut,negative,2.5,2017,"September 15, 2017",Hindi,Drama,Hansal Mehta,Soham Shah,Rupinder Nagra,"Sachin Sanghvi, Jigar Saraiya",Bollywood Hungama News Network,https://www.bollywoodhungama.com/movie/simran/critic-review/
Judgementall Hai Kya,Kangana Ranaut,negative,3.0,2019,"July 26, 2019",Hindi,"Action, Crime, Drama, Suspense, Thriller",Prakash Kovelamudi,Rajkummar Rao,Amyra Dastur,"Daniel.B.George, Arjuna Harjai, Tanishk Bagchi, Rachita Arora, Prakhar Vihaan",Bollywood Hungama News Network,https://www.bollywoodhungama.com/movie/judgementall-hai-kya/critic-review/
Manikarnika - The Queen Of Jhansi,Kangana Ranaut,positive,3.5,2019,"January 24, 2019",Hindi,"Period, Historical","Kangana Ranaut, Krish",Jisshu Sengupta,Danny Denzongpa,"Shankar Mahadevan, Ehsaan Noorani, Loy Mendonsa",Bollywood Hungama News Network,https://www.bollywoodhungama.com/movie/manikarnika-queen-jhansi/critic-review/
Panga,Kangana Ranaut,negative,3.0,2020,"January 23, 2020",Hindi,"Drama, Comedy, Family, Social, Sports",Ashwiny Iyer Tiwari,Jassie Gill,Richa Chadha,"Shankar Mahadevan, Ehsaan Noorani, Loy Mendonsa",Bollywood Hungama News Network,https://www.bollywoodhungama.com/movie/panga/critic-review/
Thalaivii,Kangana Ranaut,positive,3.5,2021,"September 8, 2021",Hindi,"Biographical, Period",A. L. Vijay,Arvind Swami,Madhoo,G.V.Prakash Kumar,Bollywood Hungama News Network,https://www.bollywoodhungama.com/movie/thalaivi/critic-review/
Dhaakad,Kangana Ranaut,negative,1.5,2022,"May 20, 2022",Hindi,"Action, Drama",Razneesh Ghai,Arjun Rampal,Divya Dutta,"Shankar Mahadevan, Ehsaan Noorani, Loy Mendonsa, Dhruv Ghanekar, Sneha Khanwalkar",Bollywood Hungama News Network,https://www.bollywoodhungama.com/movie/dhaakad/critic-review/
Tejas,Kangana Ranaut,negative,2.0,2023,"October 27, 2023",Hindi,"Action, Patriotic",Sarvesh Mewara,Anshul Chauhan,Varun Mitra,Shashwat Sachdev,Bollywood Hungama News Network,https://www.bollywoodhungama.com/movie/tejas/critic-review/
Emergency,Kangana Ranaut,negative,3.0,2025,"January 17, 2025",Hindi,"Historical, Drama",Kangana Ranaut,Anupam Kher,Shreyas Talpade,"Arko, G.V.Prakash Kumar",Bollywood Hungama News Network,https://www.bollywoodhungama.com/movie/emergency/critic-review/
Bharat Bhhagya Viddhaata,Kangana Ranaut,negative,2.0,2026,"June 12, 2026",Hindi,"Thriller, Drama",Manoj Tapadia,Girija Oak,Smita Tambe,"Aman Panth, Krsna Solo",Bollywood Hungama News Network,https://www.bollywoodhungama.com/movie/bharat-bhhagya-viddhaata/critic-review/
No One Killed Jessica,Vidya Balan,positive,4.0,2011,"January 5, 2011",Hindi,"Crime, Thriller",Rajkumar Gupta,Rani Mukerji,Yogendra Tikku,Amit Trivedi,Taran Adarsh,https://www.bollywoodhungama.com/movie/no-one-killed-jessica/critic-review/
Bobby Jasoos,Vidya Balan,negative,2.0,2014,"July 4, 2014",Hindi,,Samar Shaikh,Ali Fazal,Ranjana Chilani,Shantanu Moitra,Taran Adarsh,https://www.bollywoodhungama.com/movie/bobby-jasoos/critic-review/
Kahaani 2,Vidya Balan,positive,3.5,2016,"December 2, 2016",Hindi,"Drama, Thriller",Sujoy Ghosh,Arjun Rampal,Tunisha Sharma,Clinton Cerejo,Bollywood Hungama News Network,https://www.bollywoodhungama.com/movie/kahaani-2/critic-review/
Begum Jaan,Vidya Balan,negative,3.0,2017,"April 13, 2017",Hindi,Drama,Srijit Mukherjee,Gauahar Khan,Pallavi Sharda,Anu Malik,Taran Adarsh,https://www.bollywoodhungama.com/movie/begum-jaan/critic-review/
Tumhari Sulu,Vidya Balan,positive,3.5,2017,"November 17, 2017",Hindi,"Comedy, Drama",Suresh Triveni,Manav Kaul,Master Abhishek Sharma,"Guru Randhawa, Rajat Nagpal, Tanishk Bagchi, Laxmikant-Pyarelal, Amartya Rahut, Shantanu Ghatak",Bollywood Hungama News Network,https://www.bollywoodhungama.com/movie/tumhari-sulu/critic-review/
Shakuntala Devi,Vidya Balan,positive,3.5,2020,"July 31, 2020",Hindi,"Biographical, Drama",Anu Menon,Sanya Malhotra,Jisshu Sengupta,"Sachin Sanghvi, Jigar Saraiya",Bollywood Hungama News Network,https://www.bollywoodhungama.com/movie/shakuntala-devi/critic-review/
Sherni,Vidya Balan,negative,2.0,2021,"June 18, 2021",Hindi,"Thriller, Action",Amit Masurkar,Vijay Raaz,Neeraj Kabi,"Utkarsh Dhotekar, Bandish Projekt",Bollywood Hungama News Network,https://www.bollywoodhungama.com/movie/sherni-2/critic-review/
Jalsa,Vidya Balan,negative,2.5,2022,"March 18, 2022",Hindi,"Drama, Thriller",Suresh Triveni,Shefali Shah,Mohammed Iqbal Khan,Gaurav Chatterji,Bollywood Hungama News Network,https://www.bollywoodhungama.com/movie/jalsa-2/critic-review/
Neeyat,Vidya Balan,negative,2.0,2023,"July 7, 2023",Hindi,"Crime, Thriller",Anu Menon,Ram Kapoor,Shahana Goswami,Mikey McCleary,Bollywood Hungama News Network,https://www.bollywoodhungama.com/movie/neeyat-2/critic-review/
Do Aur Do Pyaar,Vidya Balan,negative,2.0,2024,"April 19, 2024",Hindi,"Family, Drama",Shirsha Guha Thakurta,Pratik Gandhi,Ileana D'Cruz,Subhajit Mukherjee,Bollywood Hungama News Network,https://www.bollywoodhungama.com/movie/do-aur-do-pyaar/critic-review/
Love Ke Liye Kuch Bhi Karega,Aftab Shivdasani,negative,2.0,2001,"June 28, 2001",Hindi,Comedy,E Niwas,Saif Ali Khan,Fardeen Khan,"Wajid, Vishal Bhardwaj, Sajid",Taran Adarsh,https://www.bollywoodhungama.com/movie/love-ke-liye-kuch-bhi-karega/critic-review/
Kasoor,Aftab Shivdasani,negative,2.5,2001,"January 29, 2001",Hindi,"Romance, Suspense, Thriller",Vikram Bhatt,Lisa Ray,Sucheta Paushe,"Nadeem Saifee, Shravan Kumar Rathod",Taran Adarsh,https://www.bollywoodhungama.com/movie/kasoor/critic-review/
Kya Yehi Pyaar Hai,Aftab Shivdasani,negative,1.0,2002,"March 21, 2002",Hindi,Romance,K Murali Mohan Rao,Ameesha Patel,Jackie Shroff,"Wajid, Sajid",Taran Adarsh,https://www.bollywoodhungama.com/movie/kya-yehi-pyaar-hai/critic-review/
Koi Aap Sa,Aftab Shivdasani,negative,1.0,2005,"October 14, 2005",Hindi,Romance,Partho Mitra,Himanshu Mallik,Dipannita Sharma,Himesh Reshammiya,Taran Adarsh,https://www.bollywoodhungama.com/movie/koi-aap-sa/critic-review/
Jaane Hoga Kya,Aftab Shivdasani,negative,1.0,2006,"September 1, 2006",Hindi,Action,"Glenn Baretto, Ankush",Bipasha Basu,Yogesh Thakar,"Wajid, Nikhil, Sajid, Vinay",Taran Adarsh,https://www.bollywoodhungama.com/movie/jaane-hoga-kya/critic-review/
Ankahee,Aftab Shivdasani,negative,3.0,2006,"May 19, 2006",Hindi,"Romance, Thriller",Vikram Bhatt,Esha Deol,Ameesha Patel,Pritam Chakraborty,Taran Adarsh,https://www.bollywoodhungama.com/movie/ankahee/critic-review/
Darwaza Bandh Rakho,Aftab Shivdasani,negative,2.0,2006,"August 4, 2006",Hindi,"Comedy, Crime, Drama, Thriller",J. D. Chakravarthy,Manisha Koirala,Chunky Pandey,"Amar Mohile, Nitin Raikwar",Taran Adarsh,https://www.bollywoodhungama.com/movie/darwaza-bandh-rakho/critic-review/
Aloo Chaat,Aftab Shivdasani,negative,1.5,2009,"March 20, 2009",Hindi,Comedy,Robby Grewal,Aamna Shariff,Chandan Anand,"Xulfi, RDB, Vipin Mishra, Mehfuz Maruf",Taran Adarsh,https://www.bollywoodhungama.com/movie/aloo-chaat/critic-review/
Great Grand Masti,Aftab Shivdasani,negative,2.0,2016,"July 14, 2016",Hindi,"Adult, Comedy",Indra Kumar,Riteish Deshmukh,Vivek Oberoi,"Sharib Sabri, Toshi Sabri, Superbia, Sanjeev Rathod, Darshan Rathod",Bollywood Hungama News Network,https://www.bollywoodhungama.com/movie/great-grand-masti/critic-review/
Sehar,Arshad Warsi,negative,1.0,2005,"July 29, 2005",Hindi,"Action, Crime, Drama",Kabeer Kaushik,Punit Johari,Sanjay Mehra,,Taran Adarsh,https://www.bollywoodhungama.com/movie/sehar/critic-review/
Hum Tum Aur Ghost,Arshad Warsi,negative,2.0,2010,"March 26, 2010",Hindi,"Comedy, Social",Kabeer Kaushik,Dia Mirza,Sandhya Mridul,"Shankar Mahadevan, Ehsaan Noorani, Loy Mendonsa",Taran Adarsh,https://www.bollywoodhungama.com/movie/hum-tum-aur-ghost/critic-review/
Jolly LLB,Arshad Warsi,positive,3.5,2013,"March 13, 2013",Hindi,"Comedy, Drama",Subhash Kapoor,Amrita Rao,Neha Gupta,Krsna,Taran Adarsh,https://www.bollywoodhungama.com/movie/jolly-l-l-b/critic-review/
Rabba Main Kya Karoon,Arshad Warsi,negative,2.5,2013,"August 2, 2013",Hindi,"Comedy, Romance",Amrit Sagar,Tahira Kochchar,Akash Chopra,"Salim Merchant, Sulaiman Merchant",Bollywood Hungama News Network,https://www.bollywoodhungama.com/movie/rabba-main-kya-karoon/critic-review/
Guddu Rangeela,Arshad Warsi,negative,2.5,2015,"July 3, 2015",Hindi,,Subhash Kapoor,Amit Sadh,Aditi Rao Hydari,"Amit Trivedi, Subhash Kapoor",Bollywood Hungama News Network,https://www.bollywoodhungama.com/movie/guddu-rangeela/critic-review/
The Legend of Michael Mishra,Arshad Warsi,negative,1.5,2016,"August 5, 2016",Hindi,Comedy,Manish Jha,Aditi Rao Hydari,Boman Irani,"Meet Bros Anjjan, Abhinav Bansal, Som-Raul, Siddharth Rishi, Ujjwal-Nikhil",Bollywood Hungama News Network,https://www.bollywoodhungama.com/movie/the-legend-of-michael-mishra/critic-review/
Fraud Saiyaan,Arshad Warsi,negative,1.5,2019,"January 18, 2019",Hindi,Comedy,Sourabh Shrivastava,Deepali Pansare,Elli AvrRam,Sohail Sen,Bollywood Hungama News Network,https://www.bollywoodhungama.com/movie/fraud-saiyaan/critic-review/
Bhagwat - Chapter One: Raakshas,Arshad Warsi,negative,2.0,2025,"October 17, 2025",Hindi,"Crime, Thriller",Akshay Shere,Jitendra Kumar,Ayesha Kaduskar,Dewal Prashar,Bollywood Hungama News Network,https://www.bollywoodhungama.com/movie/bhagwat-chapter-one-raakshas/critic-review/
Ajab Prem Ki Ghazab Kahani,Ranbir Kapoor,positive,4.0,2009,"November 6, 2009",Hindi,"Romance, Comedy",Rajkumar Santoshi,Katrina Kaif,Rati Shankar Tripathi,Pritam Chakraborty,Taran Adarsh,https://www.bollywoodhungama.com/movie/ajab-prem-ki-ghazab-kahani/critic-review/
Anjaana Anjaani,Ranbir Kapoor,positive,4.0,2010,"October 29, 2010",Hindi,"Romance, Social",Siddharth Anand,Priyanka Chopra Jonas,Sucheta Khanna,"Shekhar Ravjianii, Vishal Dadlani",Taran Adarsh,https://www.bollywoodhungama.com/movie/anjaana-anjaani/critic-review/
Barfi,Ranbir Kapoor,positive,4.0,2012,"September 12, 2012",Hindi,"Comedy, Drama",Anurag Basu,Priyanka Chopra Jonas,Ileana D'Cruz,Pritam Chakraborty,Taran Adarsh,https://www.bollywoodhungama.com/movie/barfi/critic-review/
Yeh Jawaani Hai Deewani,Ranbir Kapoor,positive,4.0,2013,"May 31, 2013",Hindi,Romance,Ayan Mukerji,Deepika Padukone,Evelyn Sharma,Pritam Chakraborty,Taran Adarsh,https://www.bollywoodhungama.com/movie/yeh-jawaani-hai-deewani/critic-review/
Roy,Ranbir Kapoor,positive,3.5,2015,"February 13, 2015",Hindi,"Drama, Romance, Thriller",Vikramjit Singh,Arjun Rampal,Jacqueline Fernandez,"Ankit Tiwari, Meet Bros Anjjan, Amaal Mallik",Bollywood Hungama News Network,https://www.bollywoodhungama.com/movie/roy/critic-review/
Ae Dil Hai Mushkil,Ranbir Kapoor,positive,4.0,2016,"October 28, 2016",Hindi,Drama,Karan Johar,Anushka Sharma,Aishwarya Rai Bachchan,Pritam Chakraborty,Bollywood Hungama News Network,https://www.bollywoodhungama.com/movie/ae-dil-hai-mushkil/critic-review/
Jagga Jasoos,Ranbir Kapoor,negative,2.0,2017,"July 14, 2017",Hindi,"Comedy, Thriller",Anurag Basu,Katrina Kaif,Saswata Chatterjee,Pritam Chakraborty,Bollywood Hungama News Network,https://www.bollywoodhungama.com/movie/jagga-jasoos/critic-review/
Shamshera,Ranbir Kapoor,negative,1.5,2022,"July 22, 2022",Hindi,"Action, Drama",Karan Malhotra,Sanjay Dutt,Vaani Kapoor,Mithoon,Bollywood Hungama News Network,https://www.bollywoodhungama.com/movie/shamshera/critic-review/
Lootera,Sonakshi Sinha,positive,4.0,2013,"July 3, 2013",Hindi,"Romance, Drama",Vikramaditya Motwane,Ranveer Singh,Vikrant Massey,Amit Trivedi,Taran Adarsh,https://www.bollywoodhungama.com/movie/lootera/critic-review/
Akira,Sonakshi Sinha,negative,2.0,2016,"September 2, 2016",Hindi,Action,A. R. Murugadoss,Konkona Sen Sharma,Anurag Kashyap,"Vishal Dadlani, Shekhar Ravjianii",Bollywood Hungama News Network,https://www.bollywoodhungama.com/movie/akira/critic-review/
Noor,Sonakshi Sinha,negative,3.0,2017,"April 21, 2017",Hindi,"Drama, Social",Sunhil Sippy,Kanan Gill,Shibani Dandekar,"Amaal Mallik, R.D.Burman, Badshah",Bollywood Hungama News Network,https://www.bollywoodhungama.com/movie/noor/critic-review/
Happy Phirr Bhag Jayegi,Sonakshi Sinha,negative,3.0,2018,"August 24, 2018",Hindi,Comedy,Mudassar Aziz,Diana Penty,Jimmy Sheirgill,Sohail Sen,Bollywood Hungama News Network,https://www.bollywoodhungama.com/movie/happy-phirr-bhag-jayegi/critic-review/
Welcome To New York,Sonakshi Sinha,negative,2.0,2018,"February 23, 2018",Hindi,Comedy,Chakri Toleti,Diljit Dosanjh,Riteish Deshmukh,"Meet Bros, Shamir Tandon, Sajid, Wajid",Bollywood Hungama News Network,https://www.bollywoodhungama.com/movie/welcome-to-new-york/critic-review/
Kakuda,Sonakshi Sinha,negative,3.0,2024,"July 11, 2024",Hindi,"Horror, Comedy",Aditya Sarpotdar,Riteish Deshmukh,Saqib Saleem,Gulraj Singh,Bollywood Hungama News Network,https://www.bollywoodhungama.com/movie/kakuda/critic-review/
Nikita Roy,Sonakshi Sinha,negative,1.5,2025,"July 18, 2025",Hindi,"Horror, Thriller",Kussh S Sinha,Suhail Nayyar,Arjun Rampal,Abhinav Shekhar,Bollywood Hungama News Network,https://www.bollywoodhungama.com/movie/nikita-roy/critic-review/
System,Sonakshi Sinha,negative,3.0,2026,"May 22, 2026",Hindi,"Crime, Thriller",Ashwiny Iyer Tiwari,Jyotika,Ashutosh Gowariker,"Ana Rehman, Savera",Bollywood Hungama News Network,https://www.bollywoodhungama.com/movie/system/critic-review/
Aaghaaz,Suniel Shetty,negative,1.0,2000,"December 15, 2000",Hindi,"Action, Crime, Drama, Romance",Yogesh Ishwar,Sushmita Sen,Akshay Anand,Anu Malik,Taran Adarsh,https://www.bollywoodhungama.com/movie/aaghaaz/critic-review/
Ehsaas - A Feeling,Suniel Shetty,negative,2.0,2001,"November 30, 2001",Hindi,Drama,Mahesh Manjrekar,Neha,Master Mayank Tandon,Anand Raj Anand,Taran Adarsh,https://www.bollywoodhungama.com/movie/ehsaas-a-feeling/critic-review/
Ittefaq,Suniel Shetty,negative,1.0,2001,"September 14, 2001",Hindi,Thriller,Sanjay Khanna,Pooja Batra,Varun Vardhan,,Taran Adarsh,https://www.bollywoodhungama.com/movie/ittefaq/critic-review/
Kuch Khatti Kuch Meethi,Suniel Shetty,negative,2.0,2001,"January 16, 2001",Hindi,Comedy,Rahul Rawail,Kajol,Mayur,,Taran Adarsh,https://www.bollywoodhungama.com/movie/kuch-khatti-kuch-meethi/critic-review/
Officer,Suniel Shetty,negative,1.0,2001,"February 2, 2001",Hindi,"Action, Crime, Drama",Naeem Sha,Raveena Tandon,Tej Sapru,,Taran Adarsh,https://www.bollywoodhungama.com/movie/officer/critic-review/
Yeh Teraa Ghar Yeh Meraa Ghar,Suniel Shetty,negative,1.0,2001,"October 12, 2001",Hindi,"Comedy, Drama",Priyadarshan,Mahima Choudhary,Master Aditi,,Taran Adarsh,https://www.bollywoodhungama.com/movie/yeh-teraa-ghar-yeh-meraa-ghar/critic-review/
Delhi Safari,Suniel Shetty,negative,3.0,2012,"October 17, 2012",Hindi,"Family, Comedy",Nikkhil Advani,Urmila Matondkar,Govinda,"Shankar Mahadevan, Ehsaan Noorani, Loy Mendonsa",Taran Adarsh,https://www.bollywoodhungama.com/movie/delhi-safari/critic-review/
Mere Dost Picture Abhi Baki Hai,Suniel Shetty,negative,1.5,2012,"July 20, 2012",Hindi,Comedy,Rajnish Raj Thakur,Shayan Munshi,Udita Goswami,"Sukhwinder Singh, Rajendra Shiv, Parvez Qadar, Subash Pradhan",Taran Adarsh,https://www.bollywoodhungama.com/movie/mere-dost-picture-abhi-baki-hai/critic-review/
Kidnap,Imran Khan,negative,2.0,2008,"October 2, 2008",Hindi,"Action, Thriller",Sanjay Gadhvi,Minissha Lamba,Sanjay Dutt,"Pritam Chakraborty, Sandeep Vyas, Sanjeev Vyas",Taran Adarsh,https://www.bollywoodhungama.com/movie/kidnap/critic-review/
Break Ke Baad,Imran Khan,negative,1.5,2010,"November 26, 2010",Hindi,"Romance, Social",Danish Aslam,Deepika Padukone,Neelu Kohli,"Shekhar Ravjianii, Vishal Dadlani",Taran Adarsh,https://www.bollywoodhungama.com/movie/break-ke-baad/critic-review/
Mere Brother Ki Dulhan,Imran Khan,positive,4.0,2011,"September 9, 2011",Hindi,"Drama, Comedy, Romance",Ali Abbas Zafar,Katrina Kaif,Ali Zafar,Sohail Sen,Taran Adarsh,https://www.bollywoodhungama.com/movie/mere-brother-ki-dulhan/critic-review/
Ek Main Aur Ekk Tu,Imran Khan,positive,4.0,2012,"February 8, 2012",Hindi,,Shakun Batra,Kareena Kapoor Khan,Dena Lewis,Amit Trivedi,Taran Adarsh,https://www.bollywoodhungama.com/movie/ek-main-aur-ekk-tu/critic-review/
Once Upon Ay Time In Mumbai Dobaara,Imran Khan,negative,2.5,2013,"August 15, 2013",Hindi,,Milan Luthria,Sonakshi Sinha,Akshay Kumar,"Pritam Chakraborty, Anupam Amod",Taran Adarsh,https://www.bollywoodhungama.com/movie/once-upon-ay-time-in-mumbai-dobaara/critic-review/
Gori Tere Pyaar Mein,Imran Khan,positive,3.5,2013,"November 22, 2013",Hindi,"Romance, Drama",Punit Malhotra,Kareena Kapoor Khan,Bhamini Oza,"Shekhar Ravjianii, Vishal Dadlani",Taran Adarsh,https://www.bollywoodhungama.com/movie/gori-tere-pyaar-mein/critic-review/
Katti Batti,Imran Khan,negative,2.0,2015,"September 18, 2015",Hindi,"Comedy, Romance",Nikhil Advani,Kangana Ranaut,Jiten Mookhey,"Shankar Mahadevan, Ehsaan Noorani, Loy Mendonsa",Bollywood Hungama News Network,https://www.bollywoodhungama.com/movie/katti-batti/critic-review/
Aiyyaa,Rani Mukerji,positive,3.5,2012,"October 11, 2012",Hindi,"Comedy, Romance",Sachin Kundalkar,Prithviraj,Chandrakant Kale,Amit Trivedi,Taran Adarsh,https://www.bollywoodhungama.com/movie/aiyyaa/critic-review/
Mardaani,Rani Mukerji,negative,3.0,2014,"August 22, 2014",Hindi,"Action, Crime",Pradeep Sarkar,Tahir Raj Bhasin,Avneet Kaur,"Salim Merchant, Sulaiman Merchant",Taran Adarsh,https://www.bollywoodhungama.com/movie/mardaani/critic-review/
Hichki,Rani Mukerji,negative,3.0,2018,"March 23, 2018",Hindi,"Drama, Comedy, Social",Siddharth P. Malhotra,Supriya Pilgaonkar,Sachin Pilgaonkar,Jasleen Royal,Bollywood Hungama News Network,https://www.bollywoodhungama.com/movie/hichki/critic-review/
Mardaani 2,Rani Mukerji,positive,3.5,2019,"December 13, 2019",Hindi,"Action, Crime",Gopi Puthran,Tejaswi Singh Ahlawat,Pratyaksh Rajbhatt,,Bollywood Hungama News Network,https://www.bollywoodhungama.com/movie/mardaani-2/critic-review/
Bunty Aur Babli 2,Rani Mukerji,negative,1.5,2021,"November 19, 2021",Hindi,"Comedy, Crime",Varun V. Sharma,Saif Ali Khan,Siddhant Chaturvedi,"Shankar Mahadevan, Ehsaan Noorani, Loy Mendonsa",Bollywood Hungama News Network,https://www.bollywoodhungama.com/movie/bunty-aur-babli-2/critic-review/
Mrs. Chatterjee Vs Norway,Rani Mukerji,negative,3.0,2023,"March 17, 2023",Hindi,"Biographical, Drama",Ashima Chibber,Anirban Bhattacharya,Jim Sarbh,Amit Trivedi,Bollywood Hungama News Network,https://www.bollywoodhungama.com/movie/mrs-chatterjee-vs-norway/critic-review/
Mardaani 3,Rani Mukerji,positive,3.5,2026,"January 30, 2026",Hindi,"Action, Crime",Abhiraj K. Minawala,Janki Bodiwala,Mallika Prasad Sinha,Sarthak Kalyani,Bollywood Hungama News Network,https://www.bollywoodhungama.com/movie/mardaani-3/critic-review/
Fashion,Priyanka Chopra Jonas,positive,3.5,2008,"October 29, 2008",Hindi,,Madhur Bhandarkar,Arbaaz Khan,Rakshanda Khan,"Salim Merchant, Sulaiman Merchant",Taran Adarsh,https://www.bollywoodhungama.com/movie/fashion/critic-review/
7 Khoon Maaf,Priyanka Chopra Jonas,negative,3.0,2011,"February 18, 2011",Hindi,Social,Vishal Bhardwaj,John Abraham,Irrfan Khan,Vishal Bhardwaj,Taran Adarsh,https://www.bollywoodhungama.com/movie/7-khoon-maaf/critic-review/
Mary Kom,Priyanka Chopra Jonas,positive,4.0,2014,"September 3, 2014",Hindi,"Drama, Biographical, Sports",Omung Kumar,Darshan Kumaar,Daksha Sharma,"Shivam, Shashi Suman",Bollywood Hungama News Network,https://www.bollywoodhungama.com/movie/mary-kom/critic-review/
Bajirao Mastani,Priyanka Chopra Jonas,positive,4.0,2015,"December 18, 2015",Hindi,"Historical, Drama",Sanjay Leela Bhansali,Deepika Padukone,Arvinder Gill,Sanjay Leela Bhansali,Taran Adarsh,https://www.bollywoodhungama.com/movie/bajirao-mastani/critic-review/
Jai Gangaajal,Priyanka Chopra Jonas,negative,3.0,2016,"March 4, 2016",Hindi,"Action, Drama",Prakash Jha,Ankush Bali,Salone Mehta,"Salim Merchant, Sulaiman Merchant",Bollywood Hungama News Network,https://www.bollywoodhungama.com/movie/jai-gangaajal/critic-review/
The Sky Is Pink,Priyanka Chopra Jonas,negative,2.5,2019,"October 11, 2019",Hindi,"Family, Drama",Shonali Bose,Farhan Akhtar,Zaira Wasim,"Pritam Chakraborty, Meghdeep Bose, Sunny M.R",Bollywood Hungama News Network,https://www.bollywoodhungama.com/movie/the-sky-is-pink/critic-review/
Ek Villain,Sidharth Malhotra,positive,4.0,2014,"June 25, 2014",Hindi,"Action, Romance",Mohit Suri,Shraddha Kapoor,Riteish Deshmukh,"Mithoon, Ankit Tiwari, DJ Shadow, Rabbi Ahmed, Adnan Dhool",Taran Adarsh,https://www.bollywoodhungama.com/movie/ek-villain/critic-review/
Baar Baar Dekho,Sidharth Malhotra,negative,2.0,2016,"September 9, 2016",Hindi,Comedy,Nitya Mehra,Katrina Kaif,Sarika,"Amaal Mallik, Arko, Badshah, Bilal Saeed, Jasleen Royal, Abhijit Vaghani",Bollywood Hungama News Network,https://www.bollywoodhungama.com/movie/baar-baar-dekho/critic-review/
Ittefaq,Sidharth Malhotra,negative,2.0,2017,"November 3, 2017",Hindi,Thriller,Abhay Chopra,Sonakshi Sinha,Akshaye Khanna,"Amaal Mallik, Tanishk Bagchi, Bappi Lahiri",Bollywood Hungama News Network,https://www.bollywoodhungama.com/movie/ittefaq-3/critic-review/
Aiyaary,Sidharth Malhotra,negative,2.0,2018,"February 16, 2018",Hindi,"Action, Drama, Thriller",Neeraj Pandey,Manoj Bajpayee,Pooja Chopra,"Rochak Kohli, Ankit Tiwari",Bollywood Hungama News Network,https://www.bollywoodhungama.com/movie/aiyaary/critic-review/
Marjaavaan,Sidharth Malhotra,positive,3.5,2019,"November 15, 2019",Hindi,"Action, Drama, Romance",Milap Zaveri,Riteish Deshmukh,Tara Sutaria,"Tanishk Bagchi, Meet Bros, Payal Dev",Bollywood Hungama News Network,https://www.bollywoodhungama.com/movie/marjaavaan/critic-review/
Yodha,Sidharth Malhotra,negative,3.0,2024,"March 15, 2024",Hindi,"Action, Drama","Sagar Ambre, Pushkar Ojha",Raashii Khanna,Tanuj Virwani,"Aditya Dev, Vishal Mishra, Tanishk Bagchi, John Stewart Eduri, Jaani, B Praak",Bollywood Hungama News Network,https://www.bollywoodhungama.com/movie/yodha-2/critic-review/
Dil Chahta Hai,Aamir Khan,negative,2.0,2001,"August 6, 2001",Hindi,"Musical, Drama",Farhan Akhtar,Akshaye Khanna,Saif Ali Khan,"Shankar Mahadevan, Ehsaan Noorani, Loy Mendonsa",Taran Adarsh,https://www.bollywoodhungama.com/movie/dil-chahta-hai/critic-review/
Mangal Pandey - The Rising,Aamir Khan,positive,4.0,2005,"August 12, 2005",Hindi,"Drama, Action",Ketan Mehta,Rani Mukerji,Ameesha Patel,A.R. Rahman,Taran Adarsh,https://www.bollywoodhungama.com/movie/mangal-pandey-the-rising/critic-review/
3 Idiots,Aamir Khan,positive,4.5,2009,"December 21, 2009",Hindi,"Comedy, Drama",Rajkumar Hirani,Kareena Kapoor Khan,R Madhavan,Shantanu Moitra,Taran Adarsh,https://www.bollywoodhungama.com/movie/3-idiots/critic-review/
Dhoom 3,Aamir Khan,positive,4.5,2013,"December 20, 2013",Hindi,"Action, Thriller",Vijay Krishna Acharya,Katrina Kaif,Uday Chopra,"Pritam Chakraborty, Julius Packiam",Taran Adarsh,https://www.bollywoodhungama.com/movie/dhoom-3/critic-review/
Laal Singh Chaddha,Aamir Khan,negative,2.0,2022,"August 11, 2022",Hindi,"Family, Drama",Advait Chandan,Kareena Kapoor Khan,Mona Singh,Pritam Chakraborty,Bollywood Hungama News Network,https://www.bollywoodhungama.com/movie/laal-singh-chaddha/critic-review/
Yeh Zindagi Ka Safar,Jimmy Sheirgill,negative,1.0,2001,"November 13, 2001",Hindi,Romance,Tanuja Chandra,Ameesha Patel,Nafisa Ali,Dabboo Malik,Taran Adarsh,https://www.bollywoodhungama.com/movie/yeh-zindagi-ka-safar/critic-review/
Rehguzar,Jimmy Sheirgill,negative,1.0,2006,"November 17, 2006",Hindi,Social,Faruq Masudi,Saloni Aswani,Qawi Khan,Aadesh Shrivastav,Taran Adarsh,https://www.bollywoodhungama.com/movie/rehguzar/critic-review/
Tom Dick and Harry,Jimmy Sheirgill,negative,1.0,2006,"May 12, 2006",Hindi,"Comedy, Romance",Deepak Tijori,Anuj Sawhney,Dino Morea,Himesh Reshammiya,Taran Adarsh,https://www.bollywoodhungama.com/movie/tom-dick-and-harry/critic-review/
Darr @The Mall,Jimmy Sheirgill,negative,2.0,2014,"February 21, 2014",Hindi,Horror,Pawan Kripalani,Nushrat Bharucha,Baby Anadya Sharma,"Shankar Mahadevan, Ehsaan Noorani, Loy Mendonsa",Bollywood Hungama News Network,https://www.bollywoodhungama.com/movie/darr-the-mall/critic-review/
Fugly,Jimmy Sheirgill,negative,3.0,2014,"June 13, 2014",Hindi,,Kabir Sadanand,Mohit Marwah,Kiara Advani,"Yo Yo Honey Singh, Raftaar, Prashant Vadhyar",Taran Adarsh,https://www.bollywoodhungama.com/movie/fugly/critic-review/
Encounter - The Killing,Naseeruddin Shah,negative,1.5,2002,"August 9, 2002",Hindi,"Crime, Drama",Ajay Phansekar,Rahul Mahendale,Sanjeev Dabholkar,,Taran Adarsh,https://www.bollywoodhungama.com/movie/encounter-the-killing/critic-review/
A Wednesday,Naseeruddin Shah,positive,4.0,2008,"September 2, 2008",Hindi,Social,Neeraj Pandey,Anupam Kher,Deepal Shaw,Sanjoy Chowdhury,Taran Adarsh,https://www.bollywoodhungama.com/movie/a-wednesday/critic-review/
Ishqiya,Naseeruddin Shah,positive,4.0,2010,"January 28, 2010",Hindi,"Crime, Romance",Abhishek Chaubey,Vidya Balan,Arshad Warsi,Vishal Bhardwaj,Taran Adarsh,https://www.bollywoodhungama.com/movie/ishqiya/critic-review/
Dedh Ishqiya,Naseeruddin Shah,positive,4.0,2014,"January 8, 2014",Hindi,"Romance, Social, Thriller",Abhishek Chaubey,Huma Qureshi,Arshad Warsi,Vishal Bhardwaj,Taran Adarsh,https://www.bollywoodhungama.com/movie/dedh-ishqiya/critic-review/
Ramprasad Ki Tehrvi,Naseeruddin Shah,negative,2.0,2020,"December 31, 2020",Hindi,"Comedy, Drama",Seema Pahwa,Supriya Pathak,Konkona Sen Sharma,Sagar Desai,Bollywood Hungama News Network,https://www.bollywoodhungama.com/movie/ramprasad-ki-tehrvi/critic-review/
Hungama,Akshaye Khanna,negative,2.0,2003,"July 31, 2003",Hindi,"Action, Comedy, Drama, Romance",Priyadarshan,Rimi Sen,Aftab Shivdasani,,Taran Adarsh,https://www.bollywoodhungama.com/movie/hungama/critic-review/
Hulchul,Akshaye Khanna,negative,3.0,2004,"November 26, 2004",Hindi,Comedy,Priyadarshan,Kareena Kapoor Khan,Arshad Warsi,Vidyasagar,Taran Adarsh,https://www.bollywoodhungama.com/movie/hulchul-2/critic-review/
Aap Ki Khatir,Akshaye Khanna,negative,2.0,2006,"August 25, 2006",Hindi,"Romance, Comedy",Dharmesh Darshan,Priyanka Chopra Jonas,Bhumicka Singh,Himesh Reshammiya,Taran Adarsh,https://www.bollywoodhungama.com/movie/aap-ki-khatir/critic-review/
Naqaab,Akshaye Khanna,negative,3.0,2007,"July 13, 2007",Hindi,"Drama, Action, Thriller","Mustan Burmawalla, Abbas Burmawalla",Bobby Deol,Raina Sachiin Joshi,Pritam Chakraborty,Taran Adarsh,https://www.bollywoodhungama.com/movie/naqaab/critic-review/
Finding Fanny,Arjun Kapoor,negative,3.0,2014,"September 10, 2014",Hindi,Drama,Homi Adajania,Deepika Padukone,Anjali Patil,"Jigar Saraiya, Sachin Sanghvi, Mathias Duplessy",Bollywood Hungama News Network,https://www.bollywoodhungama.com/movie/finding-fanny/critic-review/
Mubarakan,Arjun Kapoor,negative,3.0,2017,"July 28, 2017",Hindi,Comedy,Anees Bazmee,Anil Kapoor,Ileana D'Cruz,"Amaal Mallik, Rishi Rich, Yash Anand, Gourov Roshin",Bollywood Hungama News Network,https://www.bollywoodhungama.com/movie/mubarakan/critic-review/
Panipat,Arjun Kapoor,negative,3.0,2019,"December 5, 2019",Hindi,"Historical, Drama",Ashutosh Gowariker,Sanjay Dutt,Kriti Sanon,"Ajay Gogavale, Atul Gogavale",Bollywood Hungama News Network,https://www.bollywoodhungama.com/movie/panipat/critic-review/
Kuttey,Arjun Kapoor,negative,3.0,2023,"January 13, 2023",Hindi,"Action, Crime",Aasmaan Bhardwaj,Tabu,Naseeruddin Shah,Vishal Bhardwaj,Bollywood Hungama News Network,https://www.bollywoodhungama.com/movie/kuttey/critic-review/
Karthik Calling Karthik,Deepika Padukone,negative,2.5,2010,"February 26, 2010",Hindi,"Romance, Suspense",Vijay Lalwani,Farhan Akhtar,Ram Kapoor,"Shankar Mahadevan, Ehsaan Noorani, Loy Mendonsa",Taran Adarsh,https://www.bollywoodhungama.com/movie/karthik-calling-karthik/critic-review/
Padmaavat,Deepika Padukone,positive,4.5,2018,"January 23, 2018",Hindi,"Historical, Drama",Sanjay Leela Bhansali,Shahid Kapoor,Ranveer Singh,Sanjay Leela Bhansali,Taran Adarsh,https://www.bollywoodhungama.com/movie/padmaavat/critic-review/
Chhapaak,Deepika Padukone,negative,2.5,2020,"January 9, 2020",Hindi,"Drama, Biographical",Meghna Gulzar,Vikrant Massey,Vishal Dahiya,"Shankar Mahadevan, Ehsaan Noorani, Loy Mendonsa",Bollywood Hungama News Network,https://www.bollywoodhungama.com/movie/chhapaak/critic-review/
Gehraiyaan,Deepika Padukone,negative,3.0,2022,"February 11, 2022",Hindi,"Romance, Drama",Shakun Batra,Ananya Panday,Siddhant Chaturvedi,"Oaff, Savera",Bollywood Hungama News Network,https://www.bollywoodhungama.com/movie/gehraiyaan/critic-review/
36 China Town,Kareena Kapoor Khan,negative,1.5,2006,"May 5, 2006",Hindi,"Social, Thriller","Mustan Burmawalla, Abbas Burmawalla",Shahid Kapoor,Anuraag Prapanna,Himesh Reshammiya,Taran Adarsh,https://www.bollywoodhungama.com/movie/36-china-town/critic-review/
Veere Di Wedding,Kareena Kapoor Khan,positive,3.5,2018,"June 1, 2018",Hindi,"Drama, Comedy",Shashanka Ghosh,Sonam Kapoor Ahuja,Swara Bhaskar,"Vishal Mishra, Shashwat Sachdev, White Noise, Qaran",Bollywood Hungama News Network,https://www.bollywoodhungama.com/movie/veere-di-wedding/critic-review/
Jaane Jaan,Kareena Kapoor Khan,negative,3.0,2023,"September 21, 2023",Hindi,"Crime, Thriller",Sujoy Ghosh,Jaideep Ahlawat,Vijay Varma,"Sachin Sanghvi, Jigar Saraiya",Bollywood Hungama News Network,https://www.bollywoodhungama.com/movie/jaane-jaan/critic-review/
Crew,Kareena Kapoor Khan,positive,3.5,2024,"March 28, 2024",Hindi,"Comedy, Drama",Rajesh Krishnan,Tabu,Kriti Sanon,"Diljit Dosanjh, IP Singh, Badshah, Vishal Mishra, Akshay Raheja, Bharg",Bollywood Hungama News Network,https://www.bollywoodhungama.com/movie/crew/critic-review/
Goliyon Ki Raasleela Ram-leela,Ranveer Singh,positive,4.5,2013,"November 14, 2013",Hindi,"Action, Drama, Romance",Sanjay Leela Bhansali,Deepika Padukone,Virendra Pandey,Sanjay Leela Bhansali,Taran Adarsh,https://www.bollywoodhungama.com/movie/goliyon-ki-raasleela-ram-leela/critic-review/
Gunday,Ranveer Singh,positive,3.5,2014,"February 14, 2014",Hindi,"Action, Romance",Ali Abbas Zafar,Arjun Kapoor,Priyanka Chopra Jonas,Sohail Sen,Taran Adarsh,https://www.bollywoodhungama.com/movie/gunday/critic-review/
Dil Dhadakne Do,Ranveer Singh,positive,3.5,2015,"June 4, 2015",Hindi,"Romance, Family",Zoya Akhtar,Anushka Sharma,Farhan Akhtar,"Shankar Mahadevan, Ehsaan Noorani, Loy Mendonsa",Bollywood Hungama News Network,https://www.bollywoodhungama.com/movie/dil-dhadakne-do/critic-review/
83,Ranveer Singh,positive,4.0,2021,"December 20, 2021",Hindi,"Biographical, Sports",Kabir Khan,Deepika Padukone,Kapil Dev,Pritam Chakraborty,Taran Adarsh,https://www.bollywoodhungama.com/movie/83/critic-review/
Badlapur,Varun Dhawan,positive,3.5,2015,"February 19, 2015",Hindi,"Drama, Social",Sriram Raghavan,Yami Gautam Dhar,Nawazuddin Siddiqui,"Sachin Sanghvi, Jigar Saraiya",Bollywood Hungama News Network,https://www.bollywoodhungama.com/movie/badlapur/critic-review/
Judwaa 2,Varun Dhawan,positive,3.5,2017,"September 29, 2017",Hindi,"Comedy, Action",David Dhawan,Jacqueline Fernandez,Taapsee Pannu,"Wajid, Sajid, Anu Malik, Sandeep Shirodkar, Meet Bros",Bollywood Hungama News Network,https://www.bollywoodhungama.com/movie/judwaa-2/critic-review/
Kalank,Varun Dhawan,negative,2.0,2019,"April 17, 2019",Hindi,"Drama, Period, Romance",Abhishek Varman,Alia Bhatt,Sonakshi Sinha,Pritam Chakraborty,Bollywood Hungama News Network,https://www.bollywoodhungama.com/movie/kalank/critic-review/
Jugjugg Jeeyo,Varun Dhawan,positive,4.0,2022,"June 22, 2022",Hindi,"Comedy, Family",Raj Mehta,Kiara Advani,Anil Kapoor,"Kavita Seth, Mithoon, Tanishk Bagchi, Atul Sharma, Kanishk Seth, Diesby, Pozy, Abrar-ul-Haq, Vishal Shelke",Taran Adarsh,https://www.bollywoodhungama.com/movie/jugjugg-jeeyo/critic-review/
Khosla Ka Ghosla,Anupam Kher,negative,2.0,2006,"September 22, 2006",Hindi,"Comedy, Drama",Dibakar Banerjee,Vinay Pathak,Rajendra Sethi,"Dhruv Ghanekar, Bapi, Tutul",Taran Adarsh,https://www.bollywoodhungama.com/movie/khosla-ka-ghosla/critic-review/
Nakshatra,Anupam Kher,negative,1.0,2010,"October 29, 2010",Hindi,"Romance, Thriller",Mohan Savalkar,Milind Soman,Mahru,"Sameer Sen, Harry Anand, DJ Sheizwood",Taran Adarsh,https://www.bollywoodhungama.com/movie/nakshatra/critic-review/
The Accidental Prime Minister,Anupam Kher,negative,2.0,2019,"January 11, 2019",Hindi,"Biographical, Drama",Vijay Ratnakar Gutte,Akshaye Khanna,Arjun Mathur,"Sudip Roy, Dj Sumit Sethi, Sadhu S. Tiwari",Bollywood Hungama News Network,https://www.bollywoodhungama.com/movie/accidental-prime-minister/critic-review/
Pankh,Bipasha Basu,negative,1.0,2010,"April 2, 2010",Hindi,Drama,Sudipto Chattopadhyaya,Maradona Rebello,Raj Magnani,Raju Singh,Taran Adarsh,https://www.bollywoodhungama.com/movie/pankh/critic-review/
Creature,Bipasha Basu,positive,4.0,2014,"September 11, 2014",Hindi,"Horror, Thriller",Vikram Bhatt,Imran Abbas,Krunal Pandit,"Mithoon, Tony Kakkar",Bollywood Hungama News Network,https://www.bollywoodhungama.com/movie/creature/critic-review/
Alone,Bipasha Basu,negative,2.0,2015,"January 16, 2015",Hindi,"Horror, Drama",Bhushan Patel,Karan Singh Grover,Nilima Priya,"Mithoon, Raghav Sachar, Jeet Ganguly, Ankit Tiwari, Dr. Zeus",Bollywood Hungama News Network,https://www.bollywoodhungama.com/movie/alone/critic-review/
Mumbai Meri Jaan,R Madhavan,negative,3.0,2008,"August 22, 2008",Hindi,"Social, Drama",Nishikant Kamat,Irrfan Khan,Kay Kay Menon,,Taran Adarsh,https://www.bollywoodhungama.com/movie/mumbai-meri-jaan/critic-review/
Jodi Breakers,R Madhavan,negative,3.0,2012,"February 24, 2012",Hindi,Romance,Ashwini Chaudhary,Bipasha Basu,Mazhar Syed,"Salim Merchant, Sulaiman Merchant",Taran Adarsh,https://www.bollywoodhungama.com/movie/jodi-breakers/critic-review/
Rocketry - The Nambi Effect,R Madhavan,negative,3.0,2022,"June 30, 2022",Hindi,"Biographical, Sci-Fi",R Madhavan,Nambi Narayanan,Shah Rukh Khan,,Bollywood Hungama News Network,https://www.bollywoodhungama.com/movie/rocketry-nambi-effect/critic-review/
Mere Yaar Ki Shaadi Hai,Uday Chopra,negative,2.0,2002,"June 7, 2002",Hindi,"Drama, Romance",Sanjay Gadhvi,Jimmy Sheirgill,Tulip Joshi,Pritam Chakraborty,Taran Adarsh,https://www.bollywoodhungama.com/movie/mere-yaar-ki-shaadi-hai/critic-review/
Supari,Uday Chopra,negative,1.0,2003,"June 20, 2003",Hindi,"Crime, Drama",Padam Kumar,Nauheed Cyrusi,Irrfan Khan,"Sandesh Shandilya, Shekhar Ravjianii, Vishal Dadlani",Taran Adarsh,https://www.bollywoodhungama.com/movie/supari/critic-review/
Pyaar Impossible,Uday Chopra,negative,3.0,2010,"January 8, 2010",Hindi,"Comedy, Romance, Social",Jugal Hansraj,Priyanka Chopra Jonas,Saidah Jules,"Salim Merchant, Sulaiman Merchant",Taran Adarsh,https://www.bollywoodhungama.com/movie/pyaar-impossible/critic-review/
