movie_id,movie_title,lead_actor,release_date,critic,director,prior_tier,split,is_positive,prior_n_films,has_history,prior_mean,prior_adj_mean,prior_std,prior_positive_rate,prior_last3_mean,prior_last5_mean,prior_momentum,prior_mean_vs_era,days_since_prev_film,era_prior_mean,tier_unproven,tier_promising,tier_proven_weak,tier_proven_positive,release_month,n_genres,genre_action,genre_adult,genre_biographical,genre_comedy,genre_crime,genre_drama,genre_family,genre_horror,genre_musical,genre_patriotic,genre_romance,genre_social,genre_sports,genre_suspense,genre_thriller,genre_other
0,Aaghaaz,Suniel Shetty,2000-12-15,Taran Adarsh,Yogesh Ishwar,unproven,train,0,0,0,3.0,3.0,0.9,0.0,3.0,3.0,0.0,3.0,365.0,3.0,1,0,0,0,12,4,1,0,0,0,1,1,0,0,0,0,1,0,0,0,0,0
1,Beti No 1,Govinda,2000-12-15,Taran Adarsh,Tatineni Rama Rao,unproven,train,0,0,0,3.0,3.0,0.9,0.0,3.0,3.0,0.0,3.0,365.0,3.0,1,0,0,0,12,0,0,0,0,0,0,0,0,0,0,0,0,0,0,0,0,0
2,Bichhoo,Bobby Deol,2000-12-15,Taran Adarsh,Guddu Dhanoa,unproven,train,0,0,0,3.0,3.0,0.9,0.0,3.0,3.0,0.0,3.0,365.0,3.0,1,0,0,0,12,4,1,0,0,0,1,1,0,0,0,0,0,0,0,0,1,0
3,Chal Mere Bhai,Sanjay Dutt,2000-12-15,Taran Adarsh,David Dhawan,unproven,train,0,0,0,3.0,3.0,0.9,0.0,3.0,3.0,0.0,3.0,365.0,3.0,1,0,0,0,12,4,1,0,0,0,0,1,0,0,1,0,1,0,0,0,0,0
4,Deewane,Ajay Devgn,2000-12-15,Taran Adarsh,Harry Baweja,unproven,train,0,0,0,3.0,3.0,0.9,0.0,3.0,3.0,0.0,3.0,365.0,3.0,1,0,0,0,12,1,0,0,0,0,0,0,0,0,0,0,1,0,0,0,0,0
5,Dhaai Akshar Prem Ke,Abhishek Bachchan,2000-12-15,Taran Adarsh,Raj Kanwar,unproven,train,0,0,0,3.0,3.0,0.9,0.0,3.0,3.0,0.0,3.0,365.0,3.0,1,0,0,0,12,2,0,0,0,0,0,1,0,0,0,0,1,0,0,0,0,0
6,Dil Pe Mat Le Yaar,Manoj Bajpayee,2000-12-15,Taran Adarsh,Hansal Mehta,unproven,train,0,0,0,3.0,3.0,0.9,0.0,3.0,3.0,0.0,3.0,365.0,3.0,1,0,0,0,12,2,0,0,0,0,0,1,0,0,0,0,0,0,0,0,0,1
7,Fiza,Hrithik Roshan,2000-12-15,Taran Adarsh,Khalid Mohamed,unproven,train,0,0,0,3.0,3.0,0.9,0.0,3.0,3.0,0.0,3.0,365.0,3.0,1,0,0,0,12,2,0,0,0,0,0,1,0,0,0,0,0,1,0,0,0,0
8,Hamara Dil Aapke Paas Hai,Anil Kapoor,2000-12-15,Taran Adarsh,Satish Kaushik,unproven,train,1,0,0,3.0,3.0,0.9,0.0,3.0,3.0,0.0,3.0,365.0,3.0,1,0,0,0,12,2,0,0,0,1,0,0,0,0,0,0,1,0,0,0,0,0
9,Har Dil Jo Pyaar Karega,Salman Khan,2000-12-15,Taran Adarsh,Raj Kanwar,unproven,train,1,0,0,3.0,3.0,0.9,0.0,3.0,3.0,0.0,3.0,365.0,3.0,1,0,0,0,12,3,0,0,0,0,0,1,0,0,1,0,1,0,0,0,0,0
10,Hum To Mohabbat Karega,Bobby Deol,2000-12-15,Taran Adarsh,Kundan Shah,unproven,train,0,0,0,3.0,3.0,0.9,0.0,3.0,3.0,0.0,3.0,365.0,3.0,1,0,0,0,12,4,1,0,0,1,0,0,0,0,0,0,1,0,0,0,1,0
11,Jis Desh Mein Ganga Rehta Hai,Govinda,2000-12-15,Taran Adarsh,Mahesh Manjrekar,unproven,train,0,0,0,3.0,3.0,0.9,0.0,3.0,3.0,0.0,3.0,365.0,3.0,1,0,0,0,12,2,0,0,0,1,0,0,0,0,1,0,0,0,0,0,0,0
12,Joru Ka Ghulam,Govinda,2000-12-15,Taran Adarsh,Shakeel Noorani,unproven,train,0,0,0,3.0,3.0,0.9,0.0,3.0,3.0,0.0,3.0,365.0,3.0,1,0,0,0,12,1,0,0,0,1,0,0,0,0,0,0,0,0,0,0,0,0
13,Josh,Shah Rukh Khan,2000-12-15,Taran Adarsh,Mansoor Khan,unproven,train,0,0,0,3.0,3.0,0.9,0.0,3.0,3.0,0.0,3.0,365.0,3.0,1,0,0,0,12,3,1,0,0,0,0,1,0,0,0,0,1,0,0,0,0,0
14,Jung,Sanjay Dutt,2000-12-15,Taran Adarsh,Sanjay Gupta,unproven,train,0,0,0,3.0,3.0,0.9,0.0,3.0,3.0,0.0,3.0,365.0,3.0,1,0,0,0,12,2,1,0,0,0,0,1,0,0,0,0,0,0,0,0,0,0
15,Kahi Pyaar Na Ho Jaaye,Salman Khan,2000-12-15,Taran Adarsh,K Murali Mohan Rao,unproven,train,0,0,0,3.0,3.0,0.9,0.0,3.0,3.0,0.0,3.0,365.0,3.0,1,0,0,0,12,2,0,0,0,1,0,0,0,0,0,0,1,0,0,0,0,0
16,Karobaar,Anil Kapoor,2000-12-15,Taran Adarsh,Rakesh Roshan,unproven,train,0,0,0,3.0,3.0,0.9,0.0,3.0,3.0,0.0,3.0,365.0,3.0,1,0,0,0,12,1,0,0,0,0,0,1,0,0,0,0,0,0,0,0,0,0
17,Kunwara,Govinda,2000-12-15,Taran Adarsh,David Dhawan,unproven,train,0,0,0,3.0,3.0,0.9,0.0,3.0,3.0,0.0,3.0,365.0,3.0,1,0,0,0,12,3,0,0,0,1,0,1,0,0,0,0,1,0,0,0,0,0
18,Kurukshetra,Sanjay Dutt,2000-12-15,Taran Adarsh,Mahesh Manjrekar,unproven,train,0,0,0,3.0,3.0,0.9,0.0,3.0,3.0,0.0,3.0,365.0,3.0,1,0,0,0,12,2,1,0,0,0,0,1,0,0,0,0,0,0,0,0,0,0
19,Mission Kashmir,Sanjay Dutt,2000-12-15,Taran Adarsh,Vidhu Vinod Chopra,unproven,train,0,0,0,3.0,3.0,0.9,0.0,3.0,3.0,0.0,3.0,365.0,3.0,1,0,0,0,12,1,0,0,0,0,0,1,0,0,0,0,0,0,0,0,0,0
20,Mohabbatein,Shah Rukh Khan,2000-12-15,Taran Adarsh,Aditya Chopra,unproven,train,0,0,0,3.0,3.0,0.9,0.0,3.0,3.0,0.0,3.0,365.0,3.0,1,0,0,0,12,3,0,0,0,0,0,1,0,0,1,0,1,0,0,0,0,0
21,Refugee,Abhishek Bachchan,2000-12-15,Taran Adarsh,J P Dutta,unproven,train,0,0,0,3.0,3.0,0.9,0.0,3.0,3.0,0.0,3.0,365.0,3.0,1,0,0,0,12,3,0,0,0,0,0,1,0,0,0,0,1,1,0,0,0,0
22,Shikari,Govinda,2000-12-15,Taran Adarsh,N Chandra,unproven,train,0,0,0,3.0,3.0,0.9,0.0,3.0,3.0,0.0,3.0,365.0,3.0,1,0,0,0,12,1,0,0,0,0,0,0,0,0,0,0,0,0,0,0,1,0
23,Champion,Sunny Deol,2000-12-22,Taran Adarsh,Padam Kumar,unproven,train,0,0,0,2.4651162790697674,1.9454545454545453,0.7071067811865476,0.08695652173913043,2.4651162790697674,2.4651162790697674,0.0,2.4651162790697674,365.0,2.4651162790697674,1,0,0,0,12,1,0,0,0,0,1,0,0,0,0,0,0,0,0,0,0,0
24,Raju Chacha,Ajay Devgn,2000-12-30,Taran Adarsh,Anil Devgan,unproven,train,0,1,1,2.5,2.0625,0.7071067811865476,0.0,2.5,2.5,0.0,1.977272727272727,15.0,2.477272727272727,1,0,0,0,12,1,0,0,0,0,0,0,0,0,0,0,0,1,0,0,0,0
25,Farz,Sunny Deol,2001-01-11,Taran Adarsh,Raj Kanwar,unproven,train,0,1,1,3.0,2.11328125,0.6795135108534063,0.0,3.0,3.0,0.0,3.0237726098191215,20.0,2.488888888888889,1,0,0,0,1,2,1,0,0,0,0,1,0,0,0,0,0,0,0,0,0,0
26,Zubeidaa,Manoj Bajpayee,2001-01-15,Taran Adarsh,Shyam Benegal,unproven,train,1,1,1,1.5,1.94140625,0.7071067811865476,0.0,1.5,1.5,0.0,0.9565217391304346,31.0,2.4565217391304346,1,0,0,0,1,3,0,0,1,0,0,1,0,0,1,0,0,0,0,0,0,0
27,Kuch Khatti Kuch Meethi,Suniel Shetty,2001-01-16,Taran Adarsh,Rahul Rawail,unproven,train,0,1,1,1.0,2.0078125,0.8838834764831844,0.0,1.0,1.0,0.0,0.4893617021276597,32.0,2.4893617021276597,1,0,0,0,1,1,0,0,0,1,0,0,0,0,0,0,0,0,0,0,0,0
28,Kasoor,Aftab Shivdasani,2001-01-29,Taran Adarsh,Vikram Bhatt,unproven,train,0,0,0,2.4791666666666665,2.1166666666666667,0.7071067811865476,0.10714285714285714,2.4791666666666665,2.4791666666666665,0.0,2.4791666666666665,25.5,2.4791666666666665,1,0,0,0,1,3,0,0,0,0,0,0,0,0,0,0,1,0,0,1,1,0
29,Officer,Suniel Shetty,2001-02-02,Taran Adarsh,Naeem Sha,unproven,train,0,2,1,1.5,2.070135746606335,0.7071067811865476,0.0,1.5,1.5,0.0,1.2349109856708642,17.0,2.479591836734694,1,0,0,0,2,3,1,0,0,0,1,1,0,0,0,0,0,0,0,0,0,0
30,Chori Chori Chupke Chupke,Salman Khan,2001-03-08,Taran Adarsh,"Mustan Burmawalla, Abbas Burmawalla",unproven,train,1,2,1,2.25,2.1470588235294117,1.7677669529663689,0.5,2.25,2.25,0.0,1.7000000000000002,83.0,2.45,1,0,0,0,3,1,0,0,0,0,0,0,0,0,0,0,0,1,0,0,0,0
31,One 2 Ka 4,Shah Rukh Khan,2001-03-30,Taran Adarsh,K Shashilal Nair,unproven,train,0,2,1,2.75,2.245475113122172,0.3535533905932738,0.0,2.75,2.75,0.0,2.230392156862745,105.0,2.480392156862745,1,0,0,0,3,3,1,0,0,1,0,1,0,0,0,0,0,0,0,0,0,0
32,Jodi No.1,Govinda,2001-04-13,Taran Adarsh,David Dhawan,unproven,train,0,5,1,1.9,2.075,0.6519202405202649,0.0,2.1666666666666665,1.9,0.2666666666666666,1.351923076923077,119.0,2.451923076923077,1,0,0,0,4,1,0,0,0,1,0,0,0,0,0,0,0,0,0,0,0,0
33,Albela,Govinda,2001-04-19,Taran Adarsh,Deepak Sareen,unproven,train,0,6,1,1.9166666666666667,2.072344322344322,0.5845225972250061,0.0,2.0,2.1,0.08333333333333326,1.4514090469279148,6.0,2.443396226415094,1,0,0,0,4,1,0,0,0,1,0,0,0,0,0,0,0,0,0,0,0,0
34,Gadar - Ek Prem Katha,Sunny Deol,2001-06-12,Taran Adarsh,Anil Sharma,unproven,train,0,2,1,2.0,2.10989010989011,1.4142135623730951,0.0,2.0,2.0,0.0,1.9396640826873384,152.0,2.4166666666666665,1,0,0,0,6,4,1,0,0,0,0,1,0,0,0,1,0,0,0,0,0,1
35,Aashiq,Bobby Deol,2001-06-25,Taran Adarsh,Indra Kumar,unproven,train,0,2,1,1.75,2.1031027795733674,0.3535533905932738,0.0,1.75,1.75,0.0,1.1772727272727272,192.0,2.4272727272727272,1,0,0,0,6,1,0,0,0,0,0,0,0,0,0,0,1,0,0,0,0,0
36,Love Ke Liye Kuch Bhi Karega,Aftab Shivdasani,2001-06-28,Taran Adarsh,E Niwas,unproven,train,0,1,1,2.5,2.154017857142857,1.0408329997330663,0.0,2.5,2.5,0.0,2.422619047619048,150.0,2.4017857142857144,1,0,0,0,6,1,0,0,0,1,0,0,0,0,0,0,0,0,0,0,0,0
37,Bas Itna Sa Khwaab Hai,Abhishek Bachchan,2001-07-06,Taran Adarsh,Goldie Behl,unproven,train,0,2,1,1.75,2.069166127989657,1.0606601717798212,0.0,1.75,1.75,0.0,1.1447368421052633,203.0,2.3947368421052633,1,0,0,0,7,1,0,0,0,0,0,0,0,0,0,0,1,0,0,0,0,0
38,Aks,Manoj Bajpayee,2001-07-13,Taran Adarsh,Rakeysh Omprakash Mehra,unproven,train,0,2,1,2.75,2.1924692954104716,1.7677669529663689,0.5,2.75,2.75,0.0,2.409670164917541,179.0,2.3879310344827585,1,0,0,0,7,1,0,0,0,0,0,0,0,0,0,0,0,0,0,0,1,0
39,Pyaar Ishq Aur Mohabbat,Arjun Rampal,2001-08-02,Taran Adarsh,Rajiv Rai,unproven,train,0,0,0,2.3813559322033897,2.0989010989010985,0.7354346985062605,0.10256410256410256,2.3813559322033897,2.3813559322033897,0.0,2.3813559322033897,94.0,2.3813559322033897,1,0,0,0,8,2,0,0,0,0,0,0,0,0,1,0,1,0,0,0,0,0
40,Dil Chahta Hai,Aamir Khan,2001-08-06,Taran Adarsh,Farhan Akhtar,unproven,train,0,0,0,2.3583333333333334,2.020408163265306,0.7354346985062605,0.1,2.3583333333333334,2.3583333333333334,0.0,2.3583333333333334,94.0,2.3583333333333334,1,0,0,0,8,2,0,0,0,0,0,1,0,0,1,0,0,0,0,0,0,0
41,Yeh Raaste Hai Pyaar Ke,Ajay Devgn,2001-08-09,Taran Adarsh,Deepak Shivdasani,unproven,train,0,2,1,2.75,2.1050420168067223,0.3535533905932738,0.0,2.75,2.75,0.0,2.3638226527570794,222.0,2.3524590163934427,1,0,0,0,8,2,0,0,0,0,0,1,0,0,0,0,1,0,0,0,0,0
42,Lajja,Ajay Devgn,2001-08-29,Taran Adarsh,Rajkumar Santoshi,unproven,train,0,3,1,2.5,2.08531746031746,0.5,0.0,2.5,2.5,0.0,2.2368636123263306,20.0,2.346774193548387,1,0,0,0,8,4,0,0,0,0,1,1,0,0,1,0,1,0,0,0,0,0
43,Nayak,Anil Kapoor,2001-09-05,Taran Adarsh,S Shankar,unproven,train,0,2,1,2.5,2.0609243697478985,2.1213203435596424,0.5,2.5,2.5,0.0,1.8492063492063493,264.0,2.3492063492063493,1,0,0,0,9,2,1,0,0,0,0,1,0,0,0,0,0,0,0,0,0,0
44,Ittefaq,Suniel Shetty,2001-09-14,Taran Adarsh,Sanjay Khanna,unproven,train,0,3,1,1.3333333333333333,1.8630952380952377,0.5773502691896257,0.0,1.3333333333333333,1.3333333333333333,0.0,1.005140487045882,224.0,2.328125,1,0,0,0,9,1,0,0,0,0,0,0,0,0,0,0,0,0,0,0,1,0
45,Ajnabee,Bobby Deol,2001-09-20,Taran Adarsh,"Mustan Burmawalla, Abbas Burmawalla",unproven,train,0,3,1,1.5,1.886243386243386,0.5,0.0,1.5,1.5,0.0,0.9986013986013984,87.0,2.3076923076923075,1,0,0,0,9,2,0,0,0,0,1,0,0,0,0,0,0,0,0,0,1,0
46,Kyonkii Main Jhuth Nahi bolta,Govinda,2001-09-21,Taran Adarsh,David Dhawan,unproven,train,0,7,1,1.7857142857142858,1.9069264069264067,0.6362090102803518,0.0,1.5,1.9,-0.2857142857142858,1.2389803592633781,155.0,2.2954545454545454,1,0,0,0,9,2,0,0,0,1,0,1,0,0,0,0,0,0,0,0,0,0
47,Yeh Teraa Ghar Yeh Meraa Ghar,Suniel Shetty,2001-10-12,Taran Adarsh,Priyadarshan,unproven,train,0,4,1,1.25,1.8179824561403508,0.5,0.0,1.3333333333333333,1.25,0.08333333333333326,0.9742378279709787,28.0,2.298507462686567,1,0,0,0,10,2,0,0,0,1,0,1,0,0,0,0,0,0,0,0,0,0
48,Rehnaa Hai Terre Dil Mein,Saif Ali Khan,2001-10-19,Taran Adarsh,Gautam Menon,unproven,train,0,0,0,2.2794117647058822,1.966111111111111,0.7354346985062605,0.08333333333333333,2.2794117647058822,2.2794117647058822,0.0,2.2794117647058822,105.0,2.2794117647058822,1,0,0,0,10,1,0,0,0,0,0,0,0,0,1,0,0,0,0,0,0,0
49,Asoka,Shah Rukh Khan,2001-10-26,Taran Adarsh,Santosh Sivan,unproven,train,0,3,1,2.1666666666666665,1.9752604166666667,1.0408329997330663,0.0,2.1666666666666665,2.1666666666666665,0.0,1.6079852230747371,210.0,2.2681159420289854,1,0,0,0,10,3,1,0,1,0,0,0,0,0,0,0,1,0,0,0,0,0
50,Indian,Sunny Deol,2001-10-26,Taran Adarsh,N Mahajan,unproven,train,0,3,1,2.3333333333333335,2.0030381944444446,1.1547005383792515,0.0,2.3333333333333335,2.3333333333333335,0.0,2.1445586638205443,136.0,2.2681159420289854,1,0,0,0,10,1,1,0,0,0,0,0,0,0,0,0,0,0,0,0,0,0
51,Yeh Zindagi Ka Safar,Jimmy Sheirgill,2001-11-13,Taran Adarsh,Tanuja Chandra,unproven,train,0,0,0,2.267605633802817,1.9369791666666667,0.7354346985062605,0.0784313725490196,2.267605633802817,2.267605633802817,0.0,2.267605633802817,119.0,2.267605633802817,1,0,0,0,11,1,0,0,0,0,0,0,0,0,0,0,1,0,0,0,0,0
52,Deewaanapan,Arjun Rampal,2001-11-16,Taran Adarsh,Asshu Trikha,unproven,train,0,1,1,1.0,1.8267463235294117,0.7354346985062605,0.0,1.0,1.0,0.0,0.8686440677966103,106.0,2.25,1,0,0,0,11,1,0,0,0,0,0,1,0,0,0,0,0,0,0,0,0,0
53,Moksha: Salvation,Arjun Rampal,2001-11-28,Taran Adarsh,,unproven,train,0,2,1,1.5,1.8628892733564015,0.7071067811865476,0.0,1.5,1.5,0.0,1.4308973763640587,12.0,2.2465753424657535,1,0,0,0,11,2,0,0,0,0,0,1,0,0,0,0,0,0,0,0,1,0
54,Ehsaas - A Feeling,Suniel Shetty,2001-11-30,Taran Adarsh,Mahesh Manjrekar,unproven,train,0,5,1,1.2,1.7261029411764706,0.44721359549995804,0.0,1.0,1.2,-0.19999999999999996,0.9106125294199456,49.0,2.22972972972973,1,0,0,0,11,1,0,0,0,0,0,1,0,0,0,0,0,0,0,0,0,0
55,Kabhi Khushi Kabhie Gham,Shah Rukh Khan,2001-12-11,Taran Adarsh,Karan Johar,unproven,train,1,4,1,2.25,1.9810371517027865,0.8660254037844386,0.0,2.1666666666666665,2.25,-0.08333333333333348,1.789539641943734,46.0,2.2266666666666666,1,0,0,0,12,2,0,0,0,0,0,1,1,0,0,0,0,0,0,0,0,0
56,Aamdani Athanni Kharcha Rupaiya,Govinda,2001-12-22,Taran Adarsh,K Raghavendra Rao,unproven,train,0,8,1,1.875,1.9146419437340152,0.6408699444616557,0.0,1.8333333333333333,1.9,-0.04166666666666674,1.3577322162693317,92.0,2.2565789473684212,1,0,0,0,12,1,0,0,0,1,0,0,0,0,0,0,0,0,0,0,0,0
57,Haan Maine Bhi Pyaar Kiya,Abhishek Bachchan,2002-02-15,Taran Adarsh,Dharmesh Darshan,unproven,train,0,3,1,1.8333333333333333,1.9166666666666667,0.7637626158259734,0.0,1.8333333333333333,1.8333333333333333,0.0,1.2818409660514924,224.0,2.2467532467532467,1,0,0,0,2,1,0,0,0,0,0,0,0,0,0,0,1,0,0,0,0,0
58,Kranti,Bobby Deol,2002-03-09,Taran Adarsh,Naresh Malhotra,unproven,train,0,4,1,1.5,1.8324303405572753,0.408248290463863,0.0,1.3333333333333333,1.5,-0.16666666666666674,1.0470279720279723,170.0,2.230769230769231,1,0,0,0,3,2,1,0,0,0,0,1,0,0,0,0,0,0,0,0,0,0
59,Kya Yehi Pyaar Hai,Aftab Shivdasani,2002-03-21,Taran Adarsh,K Murali Mohan Rao,unproven,train,0,2,1,2.25,1.9545847750865055,0.3535533905932738,0.0,2.25,2.25,0.0,2.024713682941531,266.0,2.2151898734177213,1,0,0,0,3,1,0,0,0,0,0,0,0,0,0,0,1,0,0,0,0,0
60,Company,Ajay Devgn,2002-04-10,Taran Adarsh,Ram Gopal Varma,unproven,train,0,4,1,2.5,2.0189628482972135,0.408248290463863,0.0,2.5,2.5,0.0,2.155873515696361,224.0,2.2,1,0,0,0,4,5,1,0,0,1,1,1,0,0,0,0,0,0,0,0,1,0
61,Aap Mujhe Achche Lagne Lage,Hrithik Roshan,2002-04-19,Taran Adarsh,Vikram Bhatt,unproven,train,0,1,1,1.5,1.871783088235294,0.75,0.0,1.5,1.5,0.0,0.7098765432098766,490.0,2.2098765432098766,1,0,0,0,4,3,1,0,0,0,0,1,0,0,0,0,1,0,0,0,0,0
62,Na Tum Jaano Na Hum,Hrithik Roshan,2002-05-09,Taran Adarsh,Arjun Sablok,unproven,train,0,2,1,1.5,1.8499134948096885,0.0,0.0,1.5,1.5,0.0,1.0962812405901836,20.0,2.201219512195122,1,0,0,0,5,1,0,0,0,0,0,0,0,0,0,0,1,0,0,0,0,0
63,Hum Tumhare Hain Sanam,Shah Rukh Khan,2002-05-24,Taran Adarsh,K.S. Adhiyaman,unproven,train,0,5,1,2.7,2.090073529411765,1.2549900398011133,0.2,2.6666666666666665,2.7,-0.03333333333333366,2.291712034840128,164.0,2.1867469879518073,1,0,0,0,5,2,0,0,0,0,0,1,0,0,0,0,1,0,0,0,0,0
64,Hum Kisi Se Kum Nahin,Ajay Devgn,2002-05-31,Taran Adarsh,David Dhawan,unproven,train,0,5,1,2.6,2.0525735294117644,0.4183300132670378,0.0,2.5,2.6,-0.10000000000000009,2.297317860176136,51.0,2.1726190476190474,1,0,0,0,5,2,0,0,0,1,0,0,0,0,0,0,1,0,0,0,0,0
65,23rd March 1931 Shaheed,Bobby Deol,2002-06-07,Taran Adarsh,Guddu Dhanoa,unproven,train,0,5,1,1.4,1.7518382352941178,0.4183300132670378,0.0,1.1666666666666667,1.4,-0.23333333333333317,0.983323735088441,90.0,2.176470588235294,1,0,0,0,6,1,0,0,0,0,0,0,0,0,0,0,0,1,0,0,0,0
66,Mere Yaar Ki Shaadi Hai,Uday Chopra,2002-06-07,Taran Adarsh,Sanjay Gadhvi,unproven,train,0,0,0,2.176470588235294,1.8691176470588238,0.7285533905932737,0.07692307692307693,2.176470588235294,2.176470588235294,0.0,2.176470588235294,112.5,2.176470588235294,1,0,0,0,6,2,0,0,0,0,0,1,0,0,0,0,1,0,0,0,0,0
67,Badhaai Ho Badhaai,Anil Kapoor,2002-06-14,Taran Adarsh,Satish Kaushik,unproven,train,0,3,1,2.0,1.8977623456790123,1.7320508075688772,0.3333333333333333,2.0,2.0,0.0,1.3835978835978833,282.0,2.1666666666666665,1,0,0,0,6,3,0,0,0,1,0,1,0,0,1,0,0,0,0,0,0,0
68,Humraaz,Bobby Deol,2002-07-05,Taran Adarsh,"Mustan Burmawalla, Abbas Burmawalla",unproven,train,0,6,1,1.4166666666666667,1.735780423280423,0.3763863263545405,0.0,1.3333333333333333,1.3,-0.08333333333333348,1.046374948580831,28.0,2.153409090909091,1,0,0,0,7,3,0,0,0,0,0,1,0,0,0,0,1,0,0,0,1,0
69,Devdas,Shah Rukh Khan,2002-07-12,Taran Adarsh,Sanjay Leela Bhansali,unproven,train,0,6,1,2.4166666666666665,2.03047052154195,1.3197221929886103,0.16666666666666666,2.6666666666666665,2.4,0.25,2.052601056062906,49.0,2.162921348314607,1,0,0,0,7,2,0,0,0,0,0,1,0,0,0,0,1,0,0,0,0,0
70,Sharaarat,Abhishek Bachchan,2002-07-12,Taran Adarsh,Gurudev Bhalla,unproven,train,0,4,1,1.625,1.8231516290726815,0.75,0.0,1.8333333333333333,1.625,0.20833333333333326,1.1275488260999793,147.0,2.162921348314607,1,0,0,0,7,2,0,0,0,1,0,1,0,0,0,0,0,0,0,0,0,0
71,Om Jai Jagadish,Abhishek Bachchan,2002-07-19,Taran Adarsh,Anupam Kher,unproven,train,0,5,1,1.6,1.7975198412698412,0.6519202405202649,0.0,1.5,1.6,-0.10000000000000009,1.1819748554225193,7.0,2.142857142857143,1,0,0,0,7,0,0,0,0,0,0,0,0,0,0,0,0,0,0,0,0,0
72,Yeh Hai Jalwa,Salman Khan,2002-07-26,Taran Adarsh,David Dhawan,unproven,train,0,3,1,2.8333333333333335,2.0281084656084656,1.607275126832159,0.6666666666666666,2.8333333333333335,2.8333333333333335,0.0,2.1579710144927535,505.0,2.141304347826087,1,0,0,0,7,3,0,0,0,1,0,1,0,0,0,0,1,0,0,0,0,0
73,Encounter - The Killing,Naseeruddin Shah,2002-08-09,Taran Adarsh,Ajay Phansekar,unproven,train,0,0,0,2.1344086021505375,1.8485449735449737,0.6985861702644509,0.0684931506849315,2.1344086021505375,2.1344086021505375,0.0,2.1344086021505375,106.0,2.1344086021505375,1,0,0,0,8,2,0,0,0,0,1,1,0,0,0,0,0,0,0,0,0,0
74,Mujhse Dosti Karoge,Hrithik Roshan,2002-08-09,Taran Adarsh,Kunal Kohli,unproven,train,0,3,1,1.3333333333333333,1.7626763668430336,0.2886751345948129,0.0,1.3333333333333333,1.3333333333333333,0.0,0.9973765836822046,92.0,2.1344086021505375,1,0,0,0,8,1,0,0,0,0,0,0,0,0,0,0,1,0,0,0,0,0
75,Chor Machaye Shor,Bobby Deol,2002-08-30,Taran Adarsh,David Dhawan,unproven,train,0,7,1,1.6428571428571428,1.7676008202323992,0.6900655593423543,0.0,1.8333333333333333,1.6,0.19047619047619047,1.2878446244158317,56.0,2.1157894736842104,1,0,0,0,8,1,0,0,0,1,0,0,0,0,0,0,0,0,0,0,0,0
76,Hathyar,Sanjay Dutt,2002-10-18,Taran Adarsh,Mahesh Manjrekar,unproven,train,0,4,1,2.0,1.8591462208151963,0.7071067811865476,0.0,2.3333333333333335,2.0,0.3333333333333335,1.1041666666666665,672.0,2.1041666666666665,1,0,0,0,10,1,1,0,0,0,0,0,0,0,0,0,0,0,0,0,0,0
77,Deewangee,Ajay Devgn,2002-10-25,Taran Adarsh,Anees Bazmee,unproven,train,0,6,1,2.5833333333333335,2.039227533118511,0.3763863263545405,0.0,2.6666666666666665,2.6,0.08333333333333304,2.261571952699554,147.0,2.1030927835051547,1,0,0,0,10,1,0,0,0,0,0,0,0,0,0,0,1,0,0,0,0,0
78,Waah Tera Kya Kehna,Govinda,2002-11-01,Taran Adarsh,Manoj Agarwal,unproven,train,0,9,1,1.8333333333333333,1.8255991541353385,0.6123724356957945,0.0,1.6666666666666667,1.7,-0.16666666666666652,1.2241036575693975,314.0,2.107142857142857,1,0,0,0,11,2,0,0,0,1,0,0,0,0,0,0,1,0,0,0,0,0
79,Karz - The Burden of Truth,Sunny Deol,2002-12-06,Taran Adarsh,Harry Baweja,unproven,train,0,4,1,2.25,1.9078205381875737,0.9574271077563381,0.0,2.0,2.25,-0.25,1.936262651796019,406.0,2.095959595959596,1,0,0,0,12,1,0,0,0,0,0,1,0,0,0,0,0,0,0,0,0,0
80,Rishtey,Anil Kapoor,2002-12-06,Taran Adarsh,,unproven,train,0,4,1,1.75,1.802557380292837,1.5,0.25,1.0,1.75,-0.75,1.216991341991342,175.0,2.095959595959596,1,0,0,0,12,0,0,0,0,0,0,0,0,0,0,0,0,0,0,0,0,0
81,Chalo Ishq Ladaaye,Govinda,2002-12-26,Taran Adarsh,Aziz Sajawal,unproven,train,0,10,1,1.75,1.7867857142857144,0.6346477588219923,0.0,1.6666666666666667,1.6,-0.08333333333333326,1.1836593455606896,55.0,2.089108910891089,1,0,0,0,12,2,0,0,0,1,0,0,0,0,0,0,1,0,0,0,0,0
82,Dil Ka Rishta,Arjun Rampal,2003-01-17,Taran Adarsh,Naresh Malhotra,unproven,train,0,3,1,1.3333333333333333,1.730650015189489,0.5773502691896257,0.0,1.3333333333333333,1.3333333333333333,0.0,1.124022908443619,415.0,2.0833333333333335,1,0,0,0,1,1,0,0,0,0,0,0,0,0,0,0,1,0,0,0,0,0
83,Jism,John Abraham,2003-01-17,Taran Adarsh,Amit Saxena,unproven,train,0,0,0,2.0833333333333335,1.8101133515607202,0.6452368883130316,0.06097560975609756,2.0833333333333335,2.0833333333333335,0.0,2.0833333333333335,119.0,2.0833333333333335,1,0,0,0,1,2,0,0,0,0,0,1,0,0,0,0,1,0,0,0,0,0
84,Ek Aur Ek Gyarah,Govinda,2003-03-28,Taran Adarsh,David Dhawan,unproven,train,0,11,1,1.7272727272727273,1.7817448176823176,0.6067798762169179,0.0,1.3333333333333333,1.5,-0.39393939393939403,1.2002317529053421,92.0,2.076923076923077,1,0,0,0,3,1,0,0,0,1,0,0,0,0,0,0,0,0,0,0,0,0
85,The Hero,Sunny Deol,2003-04-11,Taran Adarsh,Anil Sharma,unproven,train,0,5,1,2.1,1.890558035714286,0.8944271909999159,0.0,2.1666666666666665,2.1,0.06666666666666643,1.8244790969057907,126.0,2.0714285714285716,1,0,0,0,4,3,1,0,0,0,0,1,0,0,0,0,0,0,0,0,1,0
86,Ishq Vishk,Shahid Kapoor,2003-05-09,Taran Adarsh,Ken Ghosh,unproven,train,0,0,0,2.0707547169811322,1.8199107142857145,0.6452368883130316,0.05813953488372093,2.0707547169811322,2.0707547169811322,0.0,2.0707547169811322,122.5,2.0707547169811322,1,0,0,0,5,2,0,0,0,0,0,1,0,0,0,0,1,0,0,0,0,0
87,Armaan,Amitabh Bachchan,2003-05-17,Taran Adarsh,Honey Irani,unproven,train,0,0,0,2.0794392523364484,1.8761054421768708,0.6452368883130316,0.05747126436781609,2.0794392523364484,2.0794392523364484,0.0,2.0794392523364484,122.5,2.0794392523364484,1,0,0,0,5,1,0,0,0,0,0,1,0,0,0,0,0,0,0,0,0,0
88,Chalte Chalte,Shah Rukh Khan,2003-06-13,Taran Adarsh,Aziz Mirza,unproven,train,1,7,1,2.2142857142857144,1.9720520956316412,1.318368399991155,0.14285714285714285,2.1666666666666665,2.0,-0.047619047619047894,1.8133822023848152,336.0,2.074074074074074,1,0,0,0,6,1,0,0,0,0,0,0,0,0,0,0,1,0,0,0,0,0
89,Supari,Uday Chopra,2003-06-20,Taran Adarsh,Padam Kumar,unproven,train,0,1,1,2.0,1.8746702516233766,0.6452368883130316,0.0,2.0,2.0,0.0,1.9106853750674584,378.0,2.0871559633027523,1,0,0,0,6,2,0,0,0,0,1,1,0,0,0,0,0,0,0,0,0,0
90,Main Prem Ki Diwani Hoon,Hrithik Roshan,2003-06-27,Taran Adarsh,Sooraj Barjatya,unproven,train,1,4,1,1.25,1.7186218386876282,0.28867513459481287,0.0,1.1666666666666667,1.25,-0.08333333333333326,0.940896562883843,322.0,2.077272727272727,1,0,0,0,6,3,0,0,0,0,0,1,0,0,1,0,1,0,0,0,0,0
91,Saaya,John Abraham,2003-07-04,Taran Adarsh,Anurag Basu,unproven,train,0,1,1,2.0,1.8725395698051948,0.7071067811865476,0.0,2.0,2.0,0.0,2.0067567567567566,168.0,2.09009009009009,1,0,0,0,7,0,0,0,0,0,0,0,0,0,0,0,0,0,0,0,0,0
92,Qayamat,Ajay Devgn,2003-07-11,Taran Adarsh,Harry Baweja,unproven,train,0,7,1,2.5714285714285716,2.0813717532467533,0.3450327796711771,0.0,2.6666666666666665,2.5,0.0952380952380949,2.2773617473801773,259.0,2.0848214285714284,1,0,0,0,7,1,1,0,0,0,0,0,0,0,0,0,0,0,0,0,0,0
93,Chori Chori,Ajay Devgn,2003-07-31,Taran Adarsh,Milan Luthria,unproven,train,0,8,1,2.5,2.075716403162055,0.3779644730092272,0.0,2.3333333333333335,2.5,-0.16666666666666652,2.2419408968464034,20.0,2.084070796460177,1,0,0,0,7,0,0,0,0,0,0,0,0,0,0,0,0,0,0,0,0,0
94,Hungama,Akshaye Khanna,2003-07-31,Taran Adarsh,Priyadarshan,unproven,train,0,0,0,2.084070796460177,1.8494318181818181,0.6926040610584081,0.07526881720430108,2.084070796460177,2.084070796460177,0.0,2.084070796460177,147.0,2.084070796460177,1,0,0,0,7,4,1,0,0,1,0,1,0,0,0,0,1,0,0,0,0,0
95,Koi Mil Gaya,Hrithik Roshan,2003-08-08,Taran Adarsh,Rakesh Roshan,unproven,train,0,5,1,1.7,1.811548913043478,1.036822067666386,0.2,1.8333333333333333,1.7,0.1333333333333333,1.449357566512608,42.0,2.0739130434782607,1,0,0,0,8,2,1,0,0,0,0,0,0,0,0,0,0,0,0,0,0,1
96,Tere Naam,Salman Khan,2003-08-15,Taran Adarsh,Satish Kaushik,unproven,train,0,4,1,2.5,1.9904176201372998,1.4719601443879744,0.5,2.1666666666666665,2.5,-0.3333333333333335,1.9297601199400298,385.0,2.0775862068965516,1,0,0,0,8,1,0,0,0,0,0,0,0,0,0,0,1,0,0,0,0,0
97,Footpath,Emraan Hashmi,2003-08-16,Taran Adarsh,Vikram Bhatt,unproven,train,0,0,0,2.0854700854700856,1.8588768115942031,0.6926040610584081,0.07216494845360824,2.0854700854700856,2.0854700854700856,0.0,2.0854700854700856,141.5,2.0854700854700856,1,0,0,0,8,1,0,0,0,0,0,1,0,0,0,0,0,0,0,0,0,0
98,Mumbai Se Aaya Mera Dost,Abhishek Bachchan,2003-08-22,Taran Adarsh,Apoorva Lakhia,unproven,train,0,6,1,1.6666666666666667,1.7932787698412698,0.6055300708194984,0.0,1.5,1.8,-0.16666666666666674,1.2559637112378947,399.0,2.080508474576271,1,0,0,0,8,4,1,0,0,1,0,0,0,0,0,0,1,0,0,0,0,1
99,Gangaajal,Ajay Devgn,2003-08-29,Taran Adarsh,Prakash Jha,unproven,train,0,9,1,2.3333333333333335,2.0268322172619047,0.6123724356957945,0.0,1.8333333333333333,2.2,-0.5000000000000002,2.095506919504133,29.0,2.0756302521008405,1,0,0,0,8,1,0,0,0,0,0,1,0,0,0,0,0,0,0,0,0,0
100,Calcutta Mail,Anil Kapoor,2003-09-05,Taran Adarsh,Sudhir Mishra,unproven,train,0,5,1,1.8,1.831156994047619,1.30384048104053,0.2,1.3333333333333333,1.8,-0.4666666666666668,1.3526334776334779,273.0,2.075,1,0,0,0,9,1,0,0,0,0,0,0,0,0,0,0,0,0,0,0,1,0
101,Kuch Naa Kaho,Abhishek Bachchan,2003-09-05,Taran Adarsh,Rohan Sippy,unproven,train,0,7,1,1.6428571428571428,1.7783245400432899,0.5563486402641868,0.0,1.6666666666666667,1.6,0.023809523809523947,1.2853175636276386,14.0,2.075,1,0,0,0,9,2,0,0,0,1,0,0,0,0,0,0,1,0,0,0,0,0
102,Zameen,Ajay Devgn,2003-09-26,Taran Adarsh,Rohit Shetty,unproven,train,0,10,1,2.3,2.0232291666666664,0.5868938953886337,0.0,1.6666666666666667,2.0,-0.6333333333333331,2.0758997459446826,28.0,2.0655737704918034,1,0,0,0,9,2,1,0,0,0,0,1,0,0,0,0,0,0,0,0,0,0
103,Baghban,Amitabh Bachchan,2003-10-02,Taran Adarsh,Ravi Chopra,unproven,train,0,1,1,1.5,1.8200313683712122,0.6926040610584081,0.0,1.5,1.5,0.0,1.4937314793708687,138.0,2.073170731707317,1,0,0,0,10,2,0,0,0,0,0,1,1,0,0,0,0,0,0,0,0,0
104,Khel,Sunny Deol,2003-10-02,Taran Adarsh,Yusuf Khan,unproven,train,0,6,1,2.0833333333333335,1.9105000901875901,0.8010409893798611,0.0,1.8333333333333333,1.9,-0.2500000000000002,1.8554747410335712,174.0,2.073170731707317,1,0,0,0,10,2,1,0,0,0,0,0,0,0,0,0,1,0,0,0,0,0
105,Pinjar,Manoj Bajpayee,2003-10-24,Taran Adarsh,Dr Chandrakprakash Dwivedi,unproven,train,0,3,1,2.5,1.9594061898749398,1.3228756555322954,0.3333333333333333,2.5,2.5,0.0,1.9571824087956025,833.0,2.072,1,0,0,0,10,2,0,0,0,0,0,1,0,0,0,0,0,1,0,0,0,0
106,Out Of Control,Riteish Deshmukh,2003-11-22,Taran Adarsh,"Ramanjit Juneja, Apurva Asrani",unproven,train,0,0,0,2.0793650793650795,1.856495761183261,0.6781013409302687,0.0660377358490566,2.0793650793650795,2.0793650793650795,0.0,2.0793650793650795,142.5,2.0793650793650795,1,0,0,0,11,2,0,0,0,0,0,1,0,0,0,0,1,0,0,0,0,0
107,Kal Ho Naa Ho,Shah Rukh Khan,2003-11-25,Taran Adarsh,Nikhil Advani,unproven,train,1,8,1,2.375,2.040588650479955,1.3024701806293193,0.25,1.8333333333333333,2.5,-0.5416666666666667,2.0288755104929543,165.0,2.078740157480315,1,0,0,0,11,3,0,0,0,1,0,1,0,0,0,0,1,0,0,0,0,0
108,Munnabhai MBBS,Sanjay Dutt,2003-12-19,Taran Adarsh,Rajkumar Hirani,unproven,train,1,5,1,2.0,1.902093614718615,0.6123724356957945,0.0,2.3333333333333335,2.0,0.3333333333333335,1.2729166666666667,427.0,2.09375,1,0,0,0,12,2,0,0,0,1,0,1,0,0,0,0,0,0,0,0,0,0
109,LOC Kargil,Abhishek Bachchan,2003-12-25,Taran Adarsh,J P Dutta,unproven,train,1,8,1,1.625,1.7909509693205343,0.5175491695067657,0.0,1.6666666666666667,1.5,0.04166666666666674,1.3418040309648815,111.0,2.104651162790698,1,0,0,0,12,2,1,0,0,0,0,1,0,0,0,0,0,0,0,0,0,0
110,Plan,Sanjay Dutt,2004-01-09,Taran Adarsh,Hriday Shetty,unproven,train,0,6,1,2.25,1.9928669346526486,0.8215838362577492,0.16666666666666666,2.6666666666666665,2.5,0.4166666666666665,1.6695779914529916,21.0,2.1192307692307693,1,0,0,0,1,2,1,0,0,0,0,0,0,0,0,0,0,0,0,0,1,0
111,Ek Hasina Thi,Saif Ali Khan,2004-01-14,Taran Adarsh,Sriram Raghavan,unproven,train,0,1,1,1.5,1.864298566017316,0.7319250547113999,0.0,1.5,1.5,0.0,1.3389088459811407,817.0,2.118320610687023,1,0,0,0,1,2,0,0,0,0,1,0,0,0,0,0,0,0,0,0,1,0
112,Aetbaar,Amitabh Bachchan,2004-01-22,Taran Adarsh,Vikram Bhatt,unproven,train,0,2,1,1.75,1.898751591545709,0.3535533905932738,0.0,1.75,1.75,0.0,1.7986950079781172,112.0,2.125,1,0,0,0,1,3,0,0,0,0,0,1,0,0,1,0,1,0,0,0,0,0
113,Maqbool,Irrfan Khan,2004-01-28,Taran Adarsh,Vishal Bhardwaj,unproven,train,0,0,0,2.1315789473684212,1.9352518037518036,0.7598457809222139,0.08849557522123894,2.1315789473684212,2.1315789473684212,0.0,2.1315789473684212,142.5,2.1315789473684212,1,0,0,0,1,2,0,0,0,0,1,1,0,0,0,0,0,0,0,0,0,0
114,Paap,John Abraham,2004-01-28,Taran Adarsh,Pooja Bhatt,unproven,train,0,2,1,1.75,1.91345747389865,0.3535533905932738,0.0,1.75,1.75,0.0,1.7948672356567095,208.0,2.1315789473684212,1,0,0,0,1,3,1,0,0,0,0,0,0,0,0,0,1,0,0,0,1,0
115,Rudraksh,Sanjay Dutt,2004-02-13,Taran Adarsh,Mani Shankar,unproven,train,0,7,1,2.2142857142857144,2.045401095117004,0.7559289460184544,0.14285714285714285,2.5,2.5,0.2857142857142856,1.7345874033374034,35.0,2.137037037037037,1,0,0,0,2,2,0,0,0,0,0,0,0,0,0,0,0,0,0,0,0,1
116,Kismat,Bobby Deol,2004-02-20,Taran Adarsh,Guddu Dhanoa,unproven,train,0,8,1,1.5625,1.823796221894048,0.6781013409302687,0.0,1.8333333333333333,1.6,0.27083333333333326,1.268427513856113,539.0,2.1323529411764706,1,0,0,0,2,0,0,0,0,0,0,0,0,0,0,0,0,0,0,0,0,0
117,Murder,Emraan Hashmi,2004-04-01,Taran Adarsh,Anurag Basu,unproven,train,0,1,1,1.5,1.9339566683316685,0.7538932124844091,0.0,1.5,1.5,0.0,1.5422671408072866,229.0,2.127737226277372,1,0,0,0,4,2,0,0,0,0,0,1,0,0,0,0,0,0,0,0,1,0
118,Masti,Ajay Devgn,2004-04-09,Taran Adarsh,,unproven,train,1,11,1,2.3636363636363638,2.149076884653808,0.5954371961386479,0.0,2.0,2.1,-0.36363636363636376,2.228393060472401,196.0,2.1340579710144927,1,0,0,0,4,2,0,1,0,1,0,0,0,0,0,0,0,0,0,0,0,0
119,Yeh Lamhe Judaai Ke,Shah Rukh Khan,2004-04-09,Taran Adarsh,Birendra Nath Tiwari,unproven,train,0,9,1,2.5555555555555554,2.203166625041625,1.3333333333333333,0.3333333333333333,2.8333333333333335,2.8,0.2777777777777781,2.3032071561945817,136.0,2.1340579710144927,1,0,0,0,4,1,0,0,0,0,0,1,0,0,0,0,0,0,0,0,0,0
120,Bardaasht,Riteish Deshmukh,2004-04-23,Taran Adarsh,E Niwas Productions,unproven,train,0,1,1,2.0,1.9900555173992671,0.7637626158259733,0.0,2.0,2.0,0.0,2.056349206349206,153.0,2.1357142857142857,1,0,0,0,4,1,0,0,0,0,0,1,0,0,0,0,0,0,0,0,0,0
121,Main Hoon Na,Shah Rukh Khan,2004-04-27,Taran Adarsh,Farah Khan,unproven,train,1,10,1,2.4,2.159404761904762,1.3498971154211057,0.3,2.8333333333333335,2.1,0.43333333333333357,2.1771263419010563,18.0,2.1382978723404253,1,0,0,0,4,5,1,0,0,1,0,1,0,0,1,0,1,0,0,0,0,0
122,Lakeer,John Abraham,2004-05-14,Taran Adarsh,Ahmed Khan,unproven,train,0,3,1,2.0,2.003835285085285,0.5,0.0,2.0,2.0,0.0,2.0497409937736104,107.0,2.1514084507042255,1,0,0,0,5,3,1,0,0,0,0,1,0,0,0,0,1,0,0,0,0,0
123,Run,Abhishek Bachchan,2004-05-14,Taran Adarsh,Jeeva,unproven,train,0,9,1,1.8888888888888888,1.961209797147297,0.927960727138337,0.1111111111111111,2.3333333333333335,2.1,0.44444444444444464,1.6839164265489779,141.0,2.1514084507042255,1,0,0,0,5,2,1,0,0,0,0,0,0,0,0,0,1,0,0,0,0,0
124,Yuva,Ajay Devgn,2004-05-21,Taran Adarsh,Mani Ratnam,unproven,train,0,12,1,2.4583333333333335,2.2043612251945586,0.6556860852757533,0.08333333333333333,2.8333333333333335,2.3,0.375,2.3426634455296527,42.0,2.142361111111111,1,0,0,0,5,2,0,0,0,0,1,1,0,0,0,0,0,0,0,0,0,0
125,Hum Tum,Saif Ali Khan,2004-06-03,Taran Adarsh,Kunal Kohli,unproven,train,0,2,1,2.25,2.0266490673730493,1.0606601717798212,0.0,2.25,2.25,0.0,2.1856165709242372,141.0,2.1344827586206896,1,0,0,0,6,4,0,0,0,1,0,1,0,0,1,0,1,0,0,0,0,0
126,Dev,Amitabh Bachchan,2004-06-11,Taran Adarsh,Govind Nihalani,unproven,train,0,3,1,2.1666666666666665,2.0278395038010424,0.7637626158259733,0.0,2.1666666666666665,2.1666666666666665,0.0,2.211116306688608,141.0,2.136986301369863,1,0,0,0,6,1,0,0,0,0,0,1,0,0,0,0,0,0,0,0,0,0
127,Lakshya,Hrithik Roshan,2004-06-18,Taran Adarsh,Farhan Akhtar,unproven,train,0,6,1,1.8333333333333333,1.9512891717562046,0.9831920802501751,0.16666666666666666,2.3333333333333335,1.9,0.5000000000000002,1.6866060170509536,315.0,2.1360544217687076,1,0,0,0,6,2,1,0,0,0,0,0,0,0,0,1,0,0,0,0,0,0
128,Deewaar - Lets bring our heroes home,Amitabh Bachchan,2004-06-25,Taran Adarsh,Milan Luthria,unproven,train,0,4,1,2.125,2.0280009295697554,0.6291528696058958,0.0,2.3333333333333335,2.125,0.20833333333333348,2.1598644421601065,14.0,2.1385135135135136,1,0,0,0,6,2,1,0,0,0,0,1,0,0,0,0,0,0,0,0,0,0
129,Garv,Salman Khan,2004-07-09,Taran Adarsh,Puneet Issar,unproven,train,0,5,1,2.6,2.156648960014345,1.2942179105544784,0.4,2.8333333333333335,2.6,0.2333333333333334,2.210517191068895,329.0,2.1442953020134228,1,0,0,0,7,1,1,0,0,0,0,0,0,0,0,0,0,0,0,0,0,0
130,Asambhav,Arjun Rampal,2004-07-23,Taran Adarsh,Rajiv Rai,unproven,train,0,4,1,1.375,1.8749138850353426,0.47871355387816905,0.0,1.5,1.375,0.125,1.2813505146660473,553.0,2.1466666666666665,1,0,0,0,7,0,0,0,0,0,0,0,0,0,0,0,0,0,0,0,0,0
131,Mujhse Shaadi Karogi,Salman Khan,2004-07-28,Taran Adarsh,David Dhawan,unproven,train,1,6,1,2.5833333333333335,2.1704806945191564,1.1583033569262702,0.3333333333333333,2.3333333333333335,2.4,-0.25,2.253541871559442,19.0,2.1390728476821192,1,0,0,0,7,2,0,0,0,1,0,0,0,0,0,0,1,0,0,0,0,0
132,Kyun Ho Gaya Na,Amitabh Bachchan,2004-08-13,Taran Adarsh,Samir Karnik,unproven,train,0,5,1,2.3,2.0848426413330263,0.6708203932499369,0.0,2.6666666666666665,2.3,0.3666666666666667,2.340693829688256,49.0,2.151315789473684,1,0,0,0,8,2,0,0,0,1,0,0,0,0,0,0,1,0,0,0,0,0
133,Fida,Shahid Kapoor,2004-08-20,Taran Adarsh,Ken Ghosh,unproven,train,0,1,1,3.0,2.06999560935859,0.7454059014742609,0.0,3.0,3.0,0.0,3.0763041065482795,469.0,2.1470588235294117,1,0,0,0,8,3,0,0,0,0,0,0,0,0,0,0,1,0,0,0,1,1
134,Dhoom,Abhishek Bachchan,2004-08-27,Taran Adarsh,Sanjay Gadhvi,unproven,train,0,10,1,1.8,1.9132587284510363,0.9189365834726815,0.1,2.1666666666666665,2.0,0.3666666666666665,1.6102202292937506,105.0,2.146103896103896,1,0,0,0,8,2,1,0,0,0,0,0,0,0,0,0,0,0,0,0,1,0
135,Phir Milenge,Salman Khan,2004-08-27,Taran Adarsh,Revathi,unproven,train,0,7,1,2.7857142857142856,2.242339464148905,1.185226520443204,0.42857142857142855,3.1666666666666665,3.0,0.38095238095238093,2.5100669383298704,30.0,2.146103896103896,1,0,0,0,8,1,0,0,0,0,0,1,0,0,0,0,0,0,0,0,0,0
136,Rakht,Abhishek Bachchan,2004-09-03,Taran Adarsh,Mahesh Manjrekar,unproven,train,0,11,1,1.7727272727272727,1.8931928525123791,0.8764598212022148,0.09090909090909091,2.1666666666666665,1.9,0.3939393939393938,1.5919168251654812,7.0,2.1378205128205128,1,0,0,0,9,2,0,0,0,0,0,0,0,1,0,0,0,0,0,0,1,0
137,Dil Ne Jise Apna Kahaa,Salman Khan,2004-09-10,Taran Adarsh,Atul Agnihotri,unproven,train,0,8,1,2.625,2.206868660882039,1.1877349391654208,0.375,2.6666666666666665,2.5,0.04166666666666652,2.3778320634697723,14.0,2.140127388535032,1,0,0,0,9,1,0,0,0,0,0,0,0,0,0,0,1,0,0,0,0,0
138,Madhoshi,John Abraham,2004-09-24,Taran Adarsh,Tanveer Khan,unproven,train,0,4,1,2.0,1.9851534261959365,0.408248290463863,0.0,2.0,2.0,0.0,2.025137800955096,133.0,2.1392405063291138,1,0,0,0,9,3,0,0,0,0,0,1,0,0,1,0,1,0,0,0,0,0
139,Tumsa Nahin Dekha,Emraan Hashmi,2004-09-24,Taran Adarsh,Anurag Basu,unproven,train,0,2,1,2.25,2.0128185351601644,1.0606601717798212,0.0,2.25,2.25,0.0,2.282636850455385,176.0,2.1392405063291138,1,0,0,0,9,0,0,0,0,0,0,0,0,0,0,0,0,0,0,0,0,0
140,Inteqam,Manoj Bajpayee,2004-10-29,Taran Adarsh,Pankaj Parashar,unproven,train,0,4,1,2.625,2.106104843199985,1.1086778913041726,0.25,3.0,2.625,0.375,2.277136806596702,371.0,2.13125,1,0,0,0,10,1,0,0,0,0,0,1,0,0,0,0,0,0,0,0,0,0
141,Naach,Abhishek Bachchan,2004-11-12,Taran Adarsh,Ram Gopal Varma,unproven,train,0,12,1,1.8333333333333333,1.901055260029619,0.8616404368553292,0.08333333333333333,1.6666666666666667,2.1,-0.16666666666666652,1.6539935127323167,70.0,2.124223602484472,1,0,0,0,11,0,0,0,0,0,0,0,0,0,0,0,0,0,0,0,0,0
142,Hulchul,Akshaye Khanna,2004-11-26,Taran Adarsh,Priyadarshan,unproven,train,0,1,1,2.0,1.9571061950869642,0.7440238091428449,0.0,2.0,2.0,0.0,2.0362995739101932,484.0,2.1203703703703702,1,0,0,0,11,1,0,0,0,1,0,0,0,0,0,0,0,0,0,0,0,0
143,Musafir,Anil Kapoor,2004-12-10,Taran Adarsh,Sanjay Gupta,unproven,train,1,6,1,1.75,1.9096266980882366,1.1726039399558574,0.16666666666666666,1.5,1.3,-0.25,1.4279614358602086,462.0,2.125766871165644,1,0,0,0,12,2,1,0,0,0,0,1,0,0,0,0,0,0,0,0,0,0
144,Raincoat,Ajay Devgn,2004-12-24,Taran Adarsh,Rituparno Ghosh,unproven,train,0,13,1,2.3461538461538463,2.1531285792961614,0.7467879938056768,0.07692307692307693,2.5,2.1,0.15384615384615374,2.23421565286748,217.0,2.1371951219512195,1,0,0,0,12,1,0,0,0,0,0,1,0,0,0,0,0,0,0,0,0,0
145,Dil Maange More,Shahid Kapoor,2004-12-31,Taran Adarsh,Ananth Narayan Mahadevan,unproven,train,0,2,1,2.5,2.0430662851477335,0.7071067811865476,0.0,2.5,2.5,0.0,2.5213962600477586,133.0,2.1303030303030304,1,0,0,0,12,1,0,0,0,0,0,0,0,0,0,0,1,0,0,0,0,0
146,Kyaa Kool Hai Hum,Riteish Deshmukh,2005-05-06,Taran Adarsh,Sangeeth Sivan,unproven,train,0,2,1,2.25,2.0079984118445653,0.3535533905932738,0.0,2.25,2.25,0.0,2.271978389749474,378.0,2.1295180722891565,1,0,0,0,5,3,0,1,0,1,0,0,0,0,0,0,1,0,0,0,0,0
147,Jo Bole So Nihaal,Sunny Deol,2005-05-13,Taran Adarsh,Rahul Rawail,unproven,train,0,7,1,2.0714285714285716,2.012736535026745,0.7319250547113999,0.0,1.8333333333333333,2.1,-0.23809523809523836,1.9376810138150422,589.0,2.1347305389221556,1,0,0,0,5,2,1,0,0,1,0,0,0,0,0,0,0,0,0,0,0,0
148,Bunty Aur Babli,Abhishek Bachchan,2005-05-27,Taran Adarsh,Shaad Ali,unproven,train,0,13,1,1.8076923076923077,1.903968227285535,0.8301220175989577,0.07692307692307693,1.8333333333333333,2.1,0.02564102564102555,1.654829017327044,196.0,2.136904761904762,1,0,0,0,5,5,1,0,0,1,1,1,0,0,0,0,0,0,0,0,0,1
149,Silsiilay,Shah Rukh Khan,2005-06-17,Taran Adarsh,Khalid Mohamed,unproven,train,0,11,1,2.5454545454545454,2.223016566766567,1.3684762594679063,0.36363636363636365,3.0,2.7,0.4545454545454546,2.337680351335091,416.0,2.133136094674556,1,0,0,0,6,2,0,0,0,0,0,1,0,0,0,0,0,1,0,0,0,0
150,Ssukh,Govinda,2005-06-18,Taran Adarsh,Kirti Kumar,unproven,train,0,12,1,1.7083333333333333,1.8610432777099444,0.5822500764406575,0.0,1.3333333333333333,1.6,-0.375,1.2777011279460355,813.0,2.1294117647058823,1,0,0,0,6,0,0,0,0,0,0,0,0,0,0,0,0,0,0,0,0,0
151,Sarkar,Amitabh Bachchan,2005-07-01,Taran Adarsh,Ram Gopal Varma,unproven,train,1,6,1,2.1666666666666665,2.0341301708059953,0.6831300510639732,0.0,2.1666666666666665,2.3,0.0,2.1720694194770553,322.0,2.1228070175438596,1,0,0,0,7,2,0,0,0,0,0,1,0,0,0,0,0,1,0,0,0,0
152,Yakeen,Arjun Rampal,2005-07-01,Taran Adarsh,Girish Dhamija,unproven,train,0,5,1,1.3,1.8108366793462949,0.4472135954999579,0.0,1.1666666666666667,1.3,-0.1333333333333333,1.2012207626100309,343.0,2.1228070175438596,1,0,0,0,7,0,0,0,0,0,0,0,0,0,0,0,0,0,0,0,0,0
153,Dus,Abhishek Bachchan,2005-07-08,Taran Adarsh,Anubhav Sinha,unproven,train,0,14,1,1.7857142857142858,1.8928941858318515,0.8017837257372732,0.07142857142857142,1.8333333333333333,1.6,0.04761904761904745,1.6369228433671301,42.0,2.1300578034682083,1,0,0,0,7,2,1,0,0,0,0,1,0,0,0,0,0,0,0,0,0,0
154,Maine Pyaar Kyun Kiya,Salman Khan,2005-07-15,Taran Adarsh,David Dhawan,unproven,train,0,9,1,2.5555555555555554,2.2042572144735604,1.130388330520878,0.3333333333333333,2.5,2.6,-0.05555555555555536,2.3250336793767965,308.0,2.1293103448275863,1,0,0,0,7,1,0,0,0,1,0,0,0,0,0,0,0,0,0,0,0,0
155,Viruddh,Amitabh Bachchan,2005-07-22,Taran Adarsh,Mahesh Manjrekar,unproven,train,0,7,1,2.357142857142857,2.110355189682113,0.8017837257372732,0.14285714285714285,2.6666666666666665,2.6,0.3095238095238093,2.373252484865045,21.0,2.1342857142857143,1,0,0,0,7,2,0,0,0,0,0,1,1,0,0,0,0,0,0,0,0,0
156,7 1/2 Phere,Irrfan Khan,2005-07-29,Taran Adarsh,Ishan Trivedi,unproven,train,0,1,1,2.5,2.0296358789447733,0.7538932124844091,0.0,2.5,2.5,0.0,2.507625598086124,548.0,2.1392045454545454,1,0,0,0,7,1,0,0,0,1,0,0,0,0,0,0,0,0,0,0,0,0
157,Sehar,Arshad Warsi,2005-07-29,Taran Adarsh,Kabeer Kaushik,unproven,train,0,0,0,2.1392045454545454,1.9982782708744249,0.7538932124844091,0.09615384615384616,2.1392045454545454,2.1392045454545454,0.0,2.1392045454545454,147.0,2.1392045454545454,1,0,0,0,7,3,1,0,0,0,1,1,0,0,0,0,0,0,0,0,0,0
158,Mangal Pandey - The Rising,Aamir Khan,2005-08-12,Taran Adarsh,Ketan Mehta,unproven,train,1,1,1,2.0,1.9550428834283002,0.7440238091428449,0.0,2.0,2.0,0.0,1.773689138576779,1467.0,2.1320224719101124,1,0,0,0,8,2,1,0,0,0,0,1,0,0,0,0,0,0,0,0,0,0
159,Barsaat,Bobby Deol,2005-08-19,Taran Adarsh,Suneel Darshan,unproven,train,0,9,1,1.5555555555555556,1.8265100704336816,0.6346477588219923,0.0,1.8333333333333333,1.6,0.2777777777777777,1.3042629494765112,546.0,2.142458100558659,1,0,0,0,8,2,0,0,0,0,0,1,0,0,0,0,1,0,0,0,0,0
160,My Wife's Murder,Anil Kapoor,2005-08-19,Taran Adarsh,Philip,unproven,train,0,7,1,2.0714285714285716,2.01528371320038,1.3671311638052945,0.2857142857142857,2.5,1.9,0.4285714285714284,1.8120867458446226,252.0,2.142458100558659,1,0,0,0,8,1,0,0,0,0,0,0,0,0,0,0,0,0,0,0,1,0
161,No Entry,Salman Khan,2005-08-26,Taran Adarsh,Anees Bazmee,unproven,train,1,10,1,2.6,2.2345166870166873,1.0749676997731399,0.3,2.1666666666666665,2.6,-0.43333333333333357,2.4041039445120833,42.0,2.1408839779005526,1,0,0,0,8,1,0,0,0,1,0,0,0,0,0,0,0,0,0,0,0,0
162,Aashiq Banaya Aapne,Emraan Hashmi,2005-09-02,Taran Adarsh,Aditya Datt,unproven,train,0,3,1,2.0,1.9949095400484294,0.8660254037844386,0.0,2.0,2.0,0.0,2.0308690423261244,343.0,2.1483516483516483,1,0,0,0,9,2,0,0,0,0,0,0,0,0,0,0,1,0,0,0,1,0
163,Chocolate,Anil Kapoor,2005-09-16,Taran Adarsh,Vivek Agnihotri,unproven,train,0,8,1,2.125,2.0334557753036013,1.2747548783981961,0.25,2.6666666666666665,2.2,0.5416666666666665,1.8976943047876262,28.0,2.1420765027322406,1,0,0,0,9,2,0,0,0,0,1,0,0,0,0,0,0,0,0,1,0,0
164,Salaam Namaste,Saif Ali Khan,2005-09-16,Taran Adarsh,Siddharth Anand,unproven,train,1,3,1,2.3333333333333335,2.0427490462212687,0.7637626158259733,0.0,2.3333333333333335,2.3333333333333335,0.0,2.2980047913943755,470.0,2.1420765027322406,1,0,0,0,9,0,0,0,0,0,0,0,0,0,0,0,0,0,0,0,0,0
165,Dil Jo Bhi Kahey,Amitabh Bachchan,2005-09-23,Taran Adarsh,Romesh Sharma,unproven,train,0,8,1,2.4375,2.150538437676119,0.7763237542601484,0.125,2.6666666666666665,2.6,0.22916666666666652,2.4659588586198486,63.0,2.1486486486486487,1,0,0,0,9,1,0,0,0,0,0,0,0,0,0,0,1,0,0,0,0,0
166,Koi Aap Sa,Aftab Shivdasani,2005-10-14,Taran Adarsh,Partho Mitra,unproven,train,0,3,1,1.8333333333333333,1.9669174275655754,0.7637626158259733,0.0,1.8333333333333333,1.8333333333333333,0.0,1.613113872199213,1303.0,2.1451612903225805,1,0,0,0,10,1,0,0,0,0,0,0,0,0,0,0,1,0,0,0,0,0
167,Kyon Ki,Salman Khan,2005-11-02,Taran Adarsh,Priyadarshan,unproven,train,0,11,1,2.6818181818181817,2.2803374213630625,1.0552897060221726,0.36363636363636365,2.8333333333333335,2.8,0.15151515151515182,2.501884313901876,68.0,2.1390374331550803,1,0,0,0,11,1,0,0,0,0,0,1,0,0,0,0,0,0,0,0,0,0
168,Shaadi No.1,Sanjay Dutt,2005-11-03,Taran Adarsh,David Dhawan,unproven,train,0,8,1,2.125,2.031915615248949,0.7440238091428449,0.125,2.3333333333333335,2.3,0.20833333333333348,1.7038652387555313,629.0,2.1356382978723403,1,0,0,0,11,1,0,0,0,1,0,0,0,0,0,0,0,0,0,0,0,0
169,Kalyug,Emraan Hashmi,2005-12-09,Taran Adarsh,Mohit Suri,unproven,train,0,4,1,1.75,1.9329654263864793,0.8660254037844386,0.0,1.8333333333333333,1.75,0.08333333333333326,1.75972076831358,98.0,2.134920634920635,1,0,0,0,12,2,0,0,0,0,0,1,0,0,0,0,0,1,0,0,0,0
170,Bluffmaster,Abhishek Bachchan,2005-12-16,Taran Adarsh,Rohan Sippy,proven_weak,train,0,15,1,1.8,1.893655881155881,0.7745966692414834,0.06666666666666667,1.6666666666666667,1.8,-0.1333333333333333,1.6679122889376043,161.0,2.136842105263158,0,0,1,0,12,2,1,0,0,0,0,0,0,0,0,0,0,0,0,0,1,0
171,Vaah Life Ho Toh Aisi,Shahid Kapoor,2005-12-23,Taran Adarsh,Mahesh Manjrekar,unproven,train,0,3,1,2.3333333333333335,2.044403320444987,0.5773502691896258,0.0,2.3333333333333335,2.3333333333333335,0.0,2.3508023297986167,357.0,2.1335078534031413,1,0,0,0,12,3,0,0,0,1,0,0,0,0,0,0,1,0,0,0,0,1
172,Shikhar,Ajay Devgn,2005-12-30,Taran Adarsh,John Mathew Matthan,unproven,train,0,14,1,2.25,2.114565790212342,0.8026398751811233,0.07142857142857142,1.8333333333333333,2.1,-0.41666666666666674,2.1442789366638215,371.0,2.1354166666666665,1,0,0,0,12,4,0,0,0,0,0,1,0,0,1,0,1,0,0,0,1,0
173,Jawani Diwani - A Youthful Joyride,Emraan Hashmi,2006-01-06,Taran Adarsh,Manish Sharma,unproven,train,0,5,1,1.9,1.9647315069190072,0.8215838362577492,0.0,1.6666666666666667,1.9,-0.23333333333333317,1.9049803320618353,28.0,2.1321243523316062,1,0,0,0,1,2,0,0,0,1,0,0,0,0,0,0,1,0,0,0,0,0
174,Zinda,John Abraham,2006-01-12,Taran Adarsh,Sanjay Gupta,unproven,train,0,5,1,1.9,1.9605648402523403,0.4183300132670378,0.0,2.0,1.9,0.10000000000000009,1.9071583942287775,475.0,2.1262886597938144,1,0,0,0,1,1,0,0,0,0,0,0,0,0,0,0,0,0,0,0,1,0
175,Aksar,Emraan Hashmi,2006-02-03,Taran Adarsh,Ananth Narayan Mahadevan,unproven,train,0,6,1,1.75,1.915264574490765,0.8215838362577492,0.0,1.5,1.8,-0.25,1.7476669500276154,28.0,2.1256410256410256,1,0,0,0,2,3,0,0,0,0,0,1,0,0,0,0,1,0,0,0,1,0
176,Humko Tumse Pyaar Hai,Bobby Deol,2006-02-24,Taran Adarsh,Bunty Soorma,unproven,train,0,10,1,1.55,1.8080285917785914,0.5986094998689324,0.0,1.3333333333333333,1.7,-0.21666666666666679,1.3038275335620377,189.0,2.122448979591837,1,0,0,0,2,3,0,0,0,0,0,0,0,0,0,0,1,1,0,0,1,0
177,Taxi Number 9211,John Abraham,2006-02-24,Taran Adarsh,Milan Luthria,unproven,train,1,6,1,1.9166666666666667,1.9619387997364184,0.3763863263545405,0.0,1.8333333333333333,1.9,-0.08333333333333348,1.9187923149886705,43.0,2.122448979591837,1,0,0,0,2,2,0,0,0,0,0,0,0,0,0,0,0,1,0,0,1,0
178,Malamaal Weekly,Riteish Deshmukh,2006-03-10,Taran Adarsh,Priyadarshan,unproven,train,0,3,1,2.5,2.0749501912696355,0.5,0.0,2.5,2.5,0.0,2.513922066331705,308.0,2.128787878787879,1,0,0,0,3,2,0,0,0,1,0,1,0,0,0,0,0,0,0,0,0,0
179,Darna Zaroori Hai,Amitabh Bachchan,2006-04-28,Taran Adarsh,"Ram Gopal Varma, Sajid Khan, Manish Gupta, Prawaal Raman, Jijy Philip, Vivek Shah, J. D. Chakravarthy",unproven,train,0,9,1,2.3333333333333335,2.1129256064151893,0.7905694150420949,0.1111111111111111,2.6666666666666665,2.5,0.33333333333333304,2.3356095886058457,217.0,2.1256281407035176,1,0,0,0,4,2,0,0,0,0,0,0,0,1,0,0,0,0,0,0,1,0
180,36 China Town,Kareena Kapoor Khan,2006-05-05,Taran Adarsh,"Mustan Burmawalla, Abbas Burmawalla",unproven,train,0,0,0,2.1225,1.9775945505112171,0.7285533905932737,0.10555555555555556,2.1225,2.1225,0.0,2.1225,153.0,2.1225,1,0,0,0,5,2,0,0,0,0,0,0,0,0,0,0,0,1,0,0,1,0
181,Tathastu,Sanjay Dutt,2006-05-12,Taran Adarsh,Anubhav Sinha,unproven,train,0,9,1,2.111111111111111,2.0170026680908375,0.6972166887783964,0.1111111111111111,1.8333333333333333,2.2,-0.2777777777777779,1.7205337883183143,190.0,2.1194029850746268,1,0,0,0,5,2,1,0,0,0,0,1,0,0,0,0,0,0,0,0,0,0
182,Tom Dick and Harry,Jimmy Sheirgill,2006-05-12,Taran Adarsh,Deepak Tijori,unproven,train,0,1,1,1.0,1.9005040021362565,0.7285533905932737,0.0,1.0,1.0,0.0,0.8517973512718098,1641.0,2.1194029850746268,1,0,0,0,5,2,0,0,0,1,0,0,0,0,0,0,1,0,0,0,0,0
183,Ankahee,Aftab Shivdasani,2006-05-19,Taran Adarsh,Vikram Bhatt,unproven,train,0,4,1,1.625,1.8881750494180007,0.75,0.0,1.3333333333333333,1.625,-0.29166666666666674,1.4255115522504749,217.0,2.1108374384236455,1,0,0,0,5,2,0,0,0,0,0,0,0,0,0,0,1,0,0,0,1,0
184,Chup Chup Ke,Shahid Kapoor,2006-06-09,Taran Adarsh,Priyadarshan,unproven,train,1,4,1,2.375,2.0538235456586023,0.47871355387816905,0.0,2.1666666666666665,2.375,-0.20833333333333348,2.369789972377194,168.0,2.1151960784313726,1,0,0,0,6,3,0,0,0,1,0,1,0,0,0,0,1,0,0,0,0,0
185,Krrish,Hrithik Roshan,2006-06-22,Taran Adarsh,Rakesh Roshan,unproven,train,1,7,1,1.9285714285714286,1.961053776445416,0.9322272357358045,0.14285714285714285,2.8333333333333335,2.1,0.9047619047619049,1.7887019552157335,734.0,2.1219512195121952,1,0,0,0,6,2,1,0,0,0,0,0,0,0,0,0,0,0,0,0,0,1
186,Golmaal: Fun Unlimited,Ajay Devgn,2006-07-14,Taran Adarsh,Rohit Shetty,proven_weak,train,1,15,1,2.2,2.093845898645006,0.7973169292786186,0.06666666666666667,1.1666666666666667,2.0,-1.0333333333333334,2.0994054865173015,196.0,2.133495145631068,0,0,1,0,7,2,0,0,0,1,0,1,0,0,0,0,0,0,0,0,0,0
187,The Killer,Irrfan Khan,2006-07-21,Taran Adarsh,"Raksha Mistry, Hasnain Hyderabadwala",unproven,train,0,2,1,2.25,2.0211119850037917,0.3535533905932738,0.0,2.25,2.25,0.0,2.2547048719460046,357.0,2.140096618357488,1,0,0,0,7,2,1,0,0,0,0,0,0,0,0,0,0,0,0,0,1,0
188,Omkara,Saif Ali Khan,2006-07-28,Taran Adarsh,Vishal Bhardwaj,unproven,train,0,4,1,2.75,2.1528182422214375,1.0408329997330663,0.25,3.1666666666666665,2.75,0.4166666666666665,2.723254013890464,315.0,2.141826923076923,1,0,0,0,7,3,0,0,0,0,0,1,0,0,0,0,1,1,0,0,0,0
189,Darwaza Bandh Rakho,Aftab Shivdasani,2006-08-04,Taran Adarsh,J. D. Chakravarthy,unproven,train,0,5,1,1.9,1.9688380443960802,0.8944271909999159,0.0,1.6666666666666667,1.9,-0.23333333333333317,1.7731124732331938,77.0,2.1435406698564594,1,0,0,0,8,4,0,0,0,1,1,1,0,0,0,0,0,0,0,0,1,0
190,Shaadi Karke Phas Gaya Yaar,Salman Khan,2006-08-04,Taran Adarsh,K S Adhiyaman,unproven,train,0,12,1,2.5833333333333335,2.2546948477008004,1.0624442944398913,0.3333333333333333,2.6666666666666665,2.3,0.08333333333333304,2.4228971911114323,275.0,2.1435406698564594,1,0,0,0,8,1,0,0,0,0,0,1,0,0,0,0,0,0,0,0,0,0
191,Kabhi Alvida Naa Kehna,Shah Rukh Khan,2006-08-09,Taran Adarsh,Karan Johar,unproven,train,1,12,1,2.4583333333333335,2.1970534150593672,1.3392388159176862,0.3333333333333333,2.1666666666666665,2.8,-0.29166666666666696,2.272178319009783,418.0,2.137440758293839,1,0,0,0,8,2,0,0,0,0,0,1,0,0,0,0,1,0,0,0,0,0
192,Aap Ki Khatir,Akshaye Khanna,2006-08-25,Taran Adarsh,Dharmesh Darshan,unproven,train,0,2,1,2.5,2.0532104012933847,0.7071067811865476,0.0,2.5,2.5,0.0,2.546364322245104,637.0,2.1485849056603774,1,0,0,0,8,2,0,0,0,1,0,0,0,0,0,0,1,0,0,0,0,0
193,Lage Raho Munnabhai,Sanjay Dutt,2006-08-31,Taran Adarsh,Rajkumar Hirani,unproven,train,1,10,1,2.05,2.012611644308073,0.6851601597031488,0.1,1.6666666666666667,2.1,-0.3833333333333331,1.7269647483555182,111.0,2.147887323943662,1,0,0,0,8,1,0,0,0,1,0,0,0,0,0,0,0,0,0,0,0,0
194,Jaane Hoga Kya,Aftab Shivdasani,2006-09-01,Taran Adarsh,"Glenn Baretto, Ankush",unproven,train,0,6,1,1.9166666666666667,1.9719170781033029,0.801040989379861,0.0,2.0,1.8,0.08333333333333326,1.8239284472459687,28.0,2.1565420560747666,1,0,0,0,9,1,1,0,0,0,0,0,0,0,0,0,0,0,0,0,0,0
195,Dil Diya Hai,Emraan Hashmi,2006-09-08,Taran Adarsh,Aditya Datt,unproven,train,0,7,1,1.7142857142857142,1.9018229808611302,0.7559289460184545,0.0,1.6666666666666667,1.5,-0.04761904761904745,1.737807722223176,217.0,2.1511627906976742,1,0,0,0,9,2,0,0,0,0,0,0,0,0,0,0,1,1,0,0,0,0
196,Naksha,Sunny Deol,2006-09-08,Taran Adarsh,Sachin Bajaj,unproven,train,1,8,1,2.125,2.036526329519342,0.6943650748294136,0.0,2.1666666666666665,2.0,0.04166666666666652,2.0244031388636805,483.0,2.1511627906976742,1,0,0,0,9,2,1,0,0,0,0,0,0,0,0,0,0,0,0,0,0,1
197,Khosla Ka Ghosla,Anupam Kher,2006-09-22,Taran Adarsh,Dibakar Banerjee,unproven,train,0,0,0,2.1589861751152073,1.9983043741972313,0.7529703086538577,0.12690355329949238,2.1589861751152073,2.1589861751152073,0.0,2.1589861751152073,168.0,2.1589861751152073,1,0,0,0,9,2,0,0,0,1,0,1,0,0,0,0,0,0,0,0,0,0
198,Don - The Chase Begins Again,Shah Rukh Khan,2006-10-20,Taran Adarsh,Farhan Akhtar,unproven,train,0,13,1,2.6153846153846154,2.2848372378852675,1.4016931153942327,0.38461538461538464,3.3333333333333335,3.0,0.7179487179487181,2.464365339987598,72.0,2.158256880733945,1,0,0,0,10,2,1,0,0,0,0,0,0,0,0,0,0,0,0,0,1,0
199,Jaan-E-Mann,Salman Khan,2006-10-20,Taran Adarsh,Shirish Kunder,unproven,train,1,13,1,2.4615384615384617,2.213408666456696,1.1079549190125484,0.3076923076923077,2.0,2.2,-0.4615384615384617,2.328159771903423,77.0,2.158256880733945,1,0,0,0,10,3,0,0,0,0,0,0,0,0,1,0,1,1,0,0,0,0
200,Deadline - Sirf 24 Ghante,Irrfan Khan,2006-11-10,Taran Adarsh,Tanveer Khan,unproven,train,0,3,1,2.3333333333333335,2.057112188577706,0.2886751345948129,0.0,2.3333333333333335,2.3333333333333335,0.0,2.364555114455,112.0,2.168181818181818,1,0,0,0,11,1,0,0,0,0,0,0,0,0,0,0,0,0,0,0,1,0
201,Vivah,Shahid Kapoor,2006-11-10,Taran Adarsh,Sooraj Barjatya,unproven,train,0,5,1,2.6,2.151400969719935,0.6519202405202649,0.2,2.6666666666666665,2.6,0.06666666666666643,2.6488177176522005,154.0,2.168181818181818,1,0,0,0,11,2,0,0,0,0,0,0,0,0,1,0,1,0,0,0,0,0
202,Rehguzar,Jimmy Sheirgill,2006-11-17,Taran Adarsh,Faruq Masudi,unproven,train,0,2,1,1.0,1.8872972868916076,0.0,0.0,1.0,1.0,0.0,0.9799191139847017,189.0,2.1734234234234235,1,0,0,0,11,1,0,0,0,0,0,0,0,0,0,0,0,1,0,0,0,0
203,Dhoom 2,Hrithik Roshan,2006-11-24,Taran Adarsh,Sanjay Gadhvi,unproven,train,1,8,1,2.25,2.090611038137275,1.2535663410560174,0.25,3.1666666666666665,2.8,0.9166666666666665,2.17382442627915,155.0,2.1681614349775784,1,0,0,0,11,2,1,0,0,0,0,0,0,0,0,0,0,0,0,0,1,0
204,Kabul Express,John Abraham,2006-12-15,Taran Adarsh,Kabir Khan,unproven,train,0,7,1,2.142857142857143,2.0551529191811326,0.6900655593423543,0.14285714285714285,2.3333333333333335,2.3,0.1904761904761907,2.2008015761127377,294.0,2.1785714285714284,1,0,0,0,12,3,1,0,0,0,0,0,0,0,0,0,0,0,0,0,1,1
205,I See You,Arjun Rampal,2006-12-29,Taran Adarsh,Vivek Agrawal,unproven,train,0,6,1,1.4166666666666667,1.8445931121423735,0.4915960401250875,0.0,1.5,1.5,0.08333333333333326,1.3915436179644995,546.0,2.18,1,0,0,0,12,2,0,0,0,0,0,1,0,0,0,0,1,0,0,0,0,0
206,Guru,Abhishek Bachchan,2007-01-12,Taran Adarsh,Mani Ratnam,proven_weak,train,1,16,1,1.78125,1.8949229996921877,0.7520804478245662,0.0625,1.6666666666666667,1.8,-0.11458333333333326,1.6975668160583237,392.0,2.1769911504424777,0,0,1,0,1,2,0,0,0,0,0,1,0,0,0,0,0,1,0,0,0,0
207,Salaam-E-Ishq,Salman Khan,2007-01-25,Taran Adarsh,Nikhil Advani,unproven,train,0,14,1,2.5357142857142856,2.269314503343058,1.1000749225233868,0.35714285714285715,2.0,2.5,-0.5357142857142856,2.438627791036666,97.0,2.185022026431718,1,0,0,0,1,2,0,0,0,0,0,0,0,0,0,0,1,1,0,0,0,0
208,Eklavya - The Royal Guard,Amitabh Bachchan,2007-02-16,Taran Adarsh,Vidhu Vinod Chopra,unproven,train,1,10,1,2.25,2.110976252449376,0.7905694150420949,0.1,2.0,2.2,-0.25,2.3084380329013925,294.0,2.182017543859649,1,0,0,0,2,1,0,0,0,0,0,0,0,0,0,0,0,1,0,0,0,0
209,Sarhad Paar,Sanjay Dutt,2007-03-09,Taran Adarsh,Raman Kumar,unproven,train,0,11,1,2.227272727272727,2.109872873557243,0.8764598212022148,0.18181818181818182,2.5,2.2,0.27272727272727293,1.975673324620902,190.0,2.1899563318777293,1,0,0,0,3,1,0,0,0,0,0,0,0,0,0,0,0,1,0,0,0,0
210,Water,John Abraham,2007-03-09,Taran Adarsh,Deepa Mehta,unproven,train,1,8,1,2.1875,2.0807258570647096,0.6512350903146596,0.125,2.6666666666666665,2.3,0.4791666666666665,2.2495862824049464,84.0,2.1899563318777293,1,0,0,0,3,3,0,0,0,0,0,1,0,0,1,0,1,0,0,0,0,0
211,Shakalaka Boom Boom,Kangana Ranaut,2007-04-06,Taran Adarsh,Suneel Darshan,unproven,train,0,0,0,2.1926406926406927,2.0271974461756406,0.809173593712687,0.14218009478672985,2.1926406926406927,2.1926406926406927,0.0,2.1926406926406927,166.5,2.1926406926406927,1,0,0,0,4,3,0,0,0,0,0,1,0,0,1,0,0,1,0,0,0,0
212,Big Brother,Sunny Deol,2007-04-13,Taran Adarsh,Guddu Dhanoa,unproven,train,0,9,1,2.2777777777777777,2.141431790397783,0.7949493345141213,0.1111111111111111,2.6666666666666665,2.3,0.38888888888888884,2.2333162446141035,217.0,2.1961206896551726,1,0,0,0,4,3,1,0,0,0,0,0,0,0,0,0,1,1,0,0,0,0
213,Shootout At Lokhandwala,Sanjay Dutt,2007-05-15,Taran Adarsh,Apoorva Lakhia,unproven,train,0,12,1,2.125,2.0863138548391817,0.9076693430779935,0.16666666666666666,2.1666666666666665,2.0,0.04166666666666652,1.8953980068216167,67.0,2.1909871244635193,1,0,0,0,5,1,0,0,0,0,0,0,0,0,0,0,0,0,0,0,1,0
214,Fool n Final,Sunny Deol,2007-06-01,Taran Adarsh,Ahmed Khan,unproven,train,0,10,1,2.15,2.0945651170724697,0.8514693182963201,0.1,2.3333333333333335,2.2,0.18333333333333357,2.108308374941965,49.0,2.1944444444444446,1,0,0,0,6,4,1,0,0,1,0,0,0,0,1,0,1,0,0,0,0,0
215,Partner,Salman Khan,2007-06-07,Taran Adarsh,David Dhawan,proven_weak,train,1,15,1,2.466666666666667,2.261152749075543,1.0932694522568969,0.3333333333333333,2.0,2.2,-0.4666666666666668,2.382519940237964,133.0,2.1914893617021276,0,0,1,0,6,2,0,0,0,1,0,0,0,0,0,0,1,0,0,0,0,0
216,Swami,Manoj Bajpayee,2007-06-08,Taran Adarsh,Ganesh Acharya,unproven,train,0,5,1,2.3,2.119124956946648,1.2041594578792296,0.2,2.0,2.3,-0.2999999999999998,2.089611987650243,952.0,2.1991525423728815,1,0,0,0,6,0,0,0,0,0,0,0,0,0,0,0,0,0,0,0,0,0
217,Jhoom Barabar Jhoom,Abhishek Bachchan,2007-06-15,Taran Adarsh,Shaad Ali,proven_weak,train,0,17,1,1.911764705882353,1.9812239314249884,0.9054573105213026,0.11764705882352941,2.5,2.1,0.588235294117647,1.856434852658332,154.0,2.20042194092827,0,0,1,0,6,1,0,0,0,0,0,0,0,0,0,0,0,1,0,0,0,0
218,Apne,Sunny Deol,2007-06-29,Taran Adarsh,Anil Sharma,unproven,train,1,11,1,2.090909090909091,2.0726049191193425,0.8312094145936334,0.09090909090909091,2.0,2.1,-0.09090909090909083,2.056042160735799,28.0,2.197478991596639,1,0,0,0,6,2,0,0,0,0,0,1,1,0,0,0,0,0,0,0,0,0
219,Awarapan,Emraan Hashmi,2007-06-29,Taran Adarsh,Mohit Suri,unproven,train,1,8,1,1.8125,1.973379473787083,0.7529703086538577,0.0,1.6666666666666667,1.7,-0.14583333333333326,1.8793979578442437,294.0,2.197478991596639,1,0,0,0,6,2,1,0,0,0,0,0,0,0,0,0,1,0,0,0,0,0
220,Naqaab,Akshaye Khanna,2007-07-13,Taran Adarsh,"Mustan Burmawalla, Abbas Burmawalla",unproven,train,0,3,1,2.3333333333333335,2.1133438899063903,0.5773502691896258,0.0,2.3333333333333335,2.3333333333333335,0.0,2.423991309169692,322.0,2.2083333333333335,1,0,0,0,7,3,1,0,0,0,0,1,0,0,0,0,0,0,0,0,1,0
221,Kaafila,Sunny Deol,2007-08-10,Taran Adarsh,Ammtoje Mann,unproven,train,0,12,1,2.2083333333333335,2.1342045685795688,0.8908201872772114,0.16666666666666666,2.0,2.4,-0.20833333333333348,2.190511246339254,42.0,2.211618257261411,1,0,0,0,8,2,1,0,0,0,0,1,0,0,0,0,0,0,0,0,0,0
222,Ram Gopal Varma Ki Aag,Amitabh Bachchan,2007-08-31,Taran Adarsh,Ram Gopal Varma,unproven,train,0,11,1,2.409090909090909,2.215981174274444,0.9170109546287278,0.18181818181818182,2.3333333333333335,2.7,-0.07575757575757569,2.4909426513399637,196.0,2.2107438016528924,1,0,0,0,8,3,1,0,0,0,0,1,0,0,0,0,0,0,0,0,1,0
223,Apna Asmaan,Irrfan Khan,2007-09-07,Taran Adarsh,Kaushik Roy,unproven,train,0,4,1,2.375,2.1367613198205304,0.25,0.0,2.3333333333333335,2.375,-0.04166666666666652,2.4401110608693086,301.0,2.2098765432098766,1,0,0,0,9,2,0,0,0,0,0,0,0,0,0,0,0,0,0,0,1,1
224,Nanhe Jaisalmer,Bobby Deol,2007-09-14,Taran Adarsh,Samir Karnik,unproven,train,0,11,1,1.5909090909090908,1.8658063490996186,0.5838742081211422,0.0,1.6666666666666667,1.8,0.07575757575757591,1.4516341731247695,567.0,2.206967213114754,1,0,0,0,9,1,0,0,0,0,0,0,0,0,0,0,0,1,0,0,0,0
225,Jab We Met,Shahid Kapoor,2007-10-26,Taran Adarsh,Imtiaz Ali,unproven,train,1,6,1,2.6666666666666665,2.2384370094191524,0.6055300708194983,0.16666666666666666,3.0,2.6,0.3333333333333335,2.743247912514743,350.0,2.204081632653061,1,0,0,0,10,2,0,0,0,0,0,1,0,0,0,0,1,0,0,0,0,0
226,Om Shanti Om,Shah Rukh Khan,2007-11-07,Taran Adarsh,Farah Khan,unproven,train,1,14,1,2.642857142857143,2.347127620942276,1.3506205330054124,0.35714285714285715,3.0,2.8,0.3571428571428572,2.5537176713219023,383.0,2.209349593495935,1,0,0,0,11,1,0,0,0,1,0,0,0,0,0,0,0,0,0,0,0,0
227,Dhan Dhana Dhan Goal,John Abraham,2007-11-23,Taran Adarsh,Vivek Agnihotri,unproven,train,0,9,1,2.388888888888889,2.1921641292735043,0.8579691784155834,0.2222222222222222,3.3333333333333335,2.7,0.9444444444444446,2.470719553876735,259.0,2.216599190283401,1,0,0,0,11,2,0,0,0,0,0,0,0,0,0,0,0,1,1,0,0,0
228,Aaja Nachle,Irrfan Khan,2007-11-30,Taran Adarsh,Anil Mehta,unproven,train,0,5,1,2.2,2.107124732905983,0.4472135954999579,0.0,2.1666666666666665,2.2,-0.03333333333333366,2.2619703700016993,84.0,2.219758064516129,1,0,0,0,11,2,0,0,0,0,0,0,0,0,1,0,0,1,0,0,0,0
229,Halla Bol,Ajay Devgn,2008-01-11,Taran Adarsh,Rajkumar Santoshi,proven_weak,train,0,16,1,2.28125,2.18013423628343,0.836037279870541,0.125,2.0,2.1,-0.28125,2.27031496785842,546.0,2.216867469879518,0,0,1,0,1,1,0,0,0,0,0,1,0,0,0,0,0,0,0,0,0,0
230,Tulsi,Irrfan Khan,2008-01-18,Taran Adarsh,Ajay Kumar,unproven,train,0,6,1,2.0833333333333335,2.076442906222318,0.4915960401250875,0.0,1.8333333333333333,2.0,-0.2500000000000002,2.1352172438186203,49.0,2.22,1,0,0,0,1,0,0,0,0,0,0,0,0,0,0,0,0,0,0,0,0,0
231,Sunday,Ajay Devgn,2008-01-25,Taran Adarsh,Rohit Shetty,proven_weak,train,1,17,1,2.323529411764706,2.2039975024464913,0.8280469580318995,0.11764705882352941,2.6666666666666665,2.0,0.34313725490196045,2.311509589159482,14.0,2.2151394422310755,0,0,1,0,1,2,0,0,0,1,0,0,0,0,0,0,0,0,0,0,1,0
232,Jodhaa Akbar,Hrithik Roshan,2008-02-13,Taran Adarsh,Ashutosh Gowariker,unproven,train,1,9,1,2.5,2.231691659035409,1.3919410907075054,0.3333333333333333,3.8333333333333335,3.5,1.3333333333333335,2.4843650391753167,446.0,2.2202380952380953,1,0,0,0,2,2,0,0,0,0,0,1,0,0,0,0,0,0,0,0,0,1
233,Black and White,Anil Kapoor,2008-03-07,Taran Adarsh,Subhash Ghai,unproven,train,0,9,1,2.0555555555555554,2.0681499923687423,1.2104865871944959,0.2222222222222222,2.6666666666666665,2.3,0.6111111111111112,1.9387022732405987,903.0,2.227272727272727,1,0,0,0,3,1,0,0,0,0,0,0,0,0,0,0,0,1,0,0,0,0
234,Race,Saif Ali Khan,2008-03-21,Taran Adarsh,"Mustan Burmawalla, Abbas Burmawalla",unproven,train,1,5,1,2.7,2.234141101953602,0.9082951062292475,0.2,3.0,2.7,0.2999999999999998,2.76709124866537,602.0,2.2303149606299213,1,0,0,0,3,2,1,0,0,0,0,0,0,0,0,0,0,0,0,1,0,0
235,Krazzy 4,Irrfan Khan,2008-04-11,Taran Adarsh,Jaideep Sen,unproven,train,0,7,1,1.9285714285714286,2.0359616078366076,0.6074928962939559,0.0,1.3333333333333333,1.8,-0.5952380952380953,1.990298253805316,84.0,2.2372549019607844,1,0,0,0,4,2,0,0,0,1,0,0,0,0,0,0,0,1,0,0,0,0
236,U Me Aur Hum,Ajay Devgn,2008-04-11,Taran Adarsh,Ajay Devgn,proven_weak,train,1,18,1,2.388888888888889,2.2512471324971326,0.8498365855987975,0.16666666666666666,3.3333333333333335,2.5,0.9444444444444446,2.3996522939358864,77.0,2.2372549019607844,0,0,1,0,4,2,0,0,0,0,0,1,0,0,0,0,1,0,0,0,0,0
237,Bhoothnath,Amitabh Bachchan,2008-05-08,Taran Adarsh,Vivek Sharma,unproven,train,1,12,1,2.375,2.218537678479199,0.882274951990076,0.16666666666666666,2.5,2.4,0.125,2.4863686741376645,251.0,2.247081712062257,1,0,0,0,5,2,0,0,0,1,0,1,0,0,0,0,0,0,0,0,0,0
238,Jannat,Emraan Hashmi,2008-05-16,Taran Adarsh,Kunal Deshmukh,unproven,train,1,9,1,2.0,2.0609590549557657,0.9013878188659973,0.1111111111111111,2.5,2.2,0.5,2.1158618288127147,322.0,2.253875968992248,1,0,0,0,5,3,0,0,0,0,0,1,0,0,0,0,0,1,1,0,0,0
239,Sarkar Raj,Amitabh Bachchan,2008-06-05,Taran Adarsh,Ram Gopal Varma,unproven,train,1,13,1,2.5,2.287072047104942,0.9574271077563381,0.23076923076923078,3.3333333333333335,2.6,0.8333333333333335,2.614407399675154,28.0,2.258687258687259,1,0,0,0,6,1,0,0,0,0,0,0,0,0,0,0,0,0,0,0,1,0
240,De Taali,Riteish Deshmukh,2008-06-20,Taran Adarsh,E Niwas Productions,unproven,train,0,4,1,2.25,2.136399407763674,0.6454972243679028,0.0,2.3333333333333335,2.25,0.08333333333333348,2.397038286345515,833.0,2.2653846153846153,1,0,0,0,6,2,0,0,0,0,0,1,0,0,0,0,0,1,0,0,0,0
241,Mehbooba,Ajay Devgn,2008-07-11,Taran Adarsh,Afzal Khan,proven_weak,train,0,19,1,2.473684210526316,2.3093114337502882,0.9048278567177281,0.21052631578947367,3.5,3.1,1.026315789473684,2.509078325889749,91.0,2.2624521072796937,0,0,1,0,7,2,0,0,0,0,0,1,0,0,0,0,1,0,0,0,0,0
242,Kismat Konnection,Shahid Kapoor,2008-07-18,Taran Adarsh,Aziz Mirza,unproven,train,0,7,1,2.7857142857142856,2.318397574647575,0.6362090102803517,0.2857142857142857,3.3333333333333335,2.9,0.5476190476190479,2.9087241026103943,266.0,2.2614503816793894,1,0,0,0,7,2,0,0,0,1,0,0,0,0,0,0,1,0,0,0,0,0
243,Mission Istaanbul,Abhishek Bachchan,2008-07-25,Taran Adarsh,Apoorva Lakhia,proven_weak,train,0,18,1,1.8888888888888888,1.9853981666481664,0.8837679286068186,0.1111111111111111,2.3333333333333335,2.1,0.44444444444444464,1.900469530604346,406.0,2.26425855513308,0,0,1,0,7,2,1,0,0,0,0,0,0,0,0,0,0,0,0,0,0,1
244,Money Hai Toh Honey Hai,Govinda,2008-07-25,Taran Adarsh,Ganesh Acharya,unproven,train,0,13,1,1.6538461538461537,1.8935049821210534,0.5910659644734879,0.0,1.3333333333333333,1.3,-0.3205128205128205,1.391186293146615,1133.0,2.26425855513308,1,0,0,0,7,1,0,0,0,1,0,0,0,0,0,0,0,0,0,0,0,0
245,God Tussi Great Ho,Salman Khan,2008-08-15,Taran Adarsh,Rumi Jaffery,proven_weak,train,0,16,1,2.5625,2.338211417190619,1.1236102527122116,0.375,3.0,2.3,0.4375,2.5487268558558696,435.0,2.2566037735849056,0,0,1,0,8,2,0,0,0,1,0,0,0,0,0,0,1,0,0,0,0,0
246,Mumbai Meri Jaan,R Madhavan,2008-08-22,Taran Adarsh,Nishikant Kamat,unproven,train,0,0,0,2.255639097744361,2.097867321017476,0.8548504142651103,0.17073170731707318,2.255639097744361,2.255639097744361,0.0,2.255639097744361,174.5,2.255639097744361,1,0,0,0,8,2,0,0,0,0,0,1,0,0,0,0,0,1,0,0,0,0
247,A Wednesday,Naseeruddin Shah,2008-09-02,Taran Adarsh,Neeraj Pandey,unproven,train,1,1,1,1.5,2.087782851729565,0.8548504142651103,0.0,1.5,1.5,0.0,1.6240183641415973,2216.0,2.258426966292135,1,0,0,0,9,1,0,0,0,0,0,0,0,0,0,0,0,1,0,0,0,0
248,Drona,Abhishek Bachchan,2008-10-02,Taran Adarsh,Goldie Behl,proven_weak,train,0,19,1,1.868421052631579,2.000275421686778,0.8634894527947168,0.10526315789473684,2.3333333333333335,2.1,0.4649122807017545,1.880059004889576,69.0,2.264925373134328,0,0,1,0,10,3,0,0,0,0,0,0,0,0,0,0,0,1,0,0,1,1
249,Kidnap,Imran Khan,2008-10-02,Taran Adarsh,Sanjay Gadhvi,unproven,train,0,0,0,2.264925373134328,2.1672909558233635,0.8591699335299136,0.17338709677419356,2.264925373134328,2.264925373134328,0.0,2.264925373134328,175.0,2.264925373134328,1,0,0,0,10,2,1,0,0,0,0,0,0,0,0,0,0,0,0,0,1,0
250,Roadside Romeo,Saif Ali Khan,2008-10-24,Taran Adarsh,Jugal Hansraj,unproven,train,0,6,1,2.9166666666666665,2.37725294444701,0.9703951085339758,0.3333333333333333,3.5,3.2,0.5833333333333335,3.0033721910356643,217.0,2.261111111111111,1,0,0,0,10,2,0,0,0,0,0,0,0,0,0,0,1,0,0,0,0,1
251,Fashion,Priyanka Chopra Jonas,2008-10-29,Taran Adarsh,Madhur Bhandarkar,unproven,train,1,0,0,2.2601476014760147,2.157395193654385,0.849668589181594,0.17131474103585656,2.2601476014760147,2.2601476014760147,0.0,2.2601476014760147,175.0,2.2601476014760147,1,0,0,0,10,0,0,0,0,0,0,0,0,0,0,0,0,0,0,0,0,0
252,Golmaal Returns,Ajay Devgn,2008-10-29,Taran Adarsh,Rohit Shetty,proven_weak,train,0,20,1,2.45,2.324597940137594,0.8870412083230169,0.2,3.1666666666666665,3.2,0.7166666666666663,2.481319903791583,110.0,2.2601476014760147,0,0,1,0,10,2,0,0,0,1,0,1,0,0,0,0,0,0,0,0,0,0
253,Dostana,Abhishek Bachchan,2008-11-13,Taran Adarsh,Tarun Mansukhani,proven_weak,train,1,20,1,1.85,1.9988989302014513,0.8444867640980777,0.1,1.5,2.0,-0.3500000000000001,1.8598669452470327,42.0,2.2637362637362637,0,0,1,0,11,2,0,0,0,0,0,1,0,0,0,0,1,0,0,0,0,0
254,Yuvvraaj,Salman Khan,2008-11-21,Taran Adarsh,Subhash Ghai,proven_weak,train,0,17,1,2.5294117647058822,2.3752499797996123,1.0964514956681584,0.35294117647058826,2.5,2.4,-0.02941176470588225,2.529918024627231,98.0,2.27007299270073,0,0,1,0,11,2,0,0,0,0,0,1,0,0,1,0,0,0,0,0,0,0
255,Dil Kabaddi,Irrfan Khan,2008-12-05,Taran Adarsh,Anil Senior,unproven,train,0,8,1,2.0625,2.1530383867340386,0.6781013409302687,0.0,1.8333333333333333,1.9,-0.22916666666666674,2.15198334284614,238.0,2.272727272727273,1,0,0,0,12,1,0,0,0,1,0,0,0,0,0,0,0,0,0,0,0,0
256,Rab Ne Bana Di Jodi,Shah Rukh Khan,2008-12-12,Taran Adarsh,Aditya Chopra,proven_weak,train,0,15,1,2.7333333333333334,2.46638246013246,1.347837774610382,0.4,3.8333333333333335,3.4,1.1,2.7107144359697246,401.0,2.2699275362318843,0,0,1,0,12,2,0,0,0,0,0,0,0,0,1,0,1,0,0,0,0,0
257,Delhi-6,Abhishek Bachchan,2009-02-20,Taran Adarsh,Rakeysh Omprakash Mehra,proven_weak,train,0,21,1,1.9523809523809523,2.054740013073346,0.9474275949216634,0.14285714285714285,2.3333333333333335,2.5,0.38095238095238115,1.966994847948206,99.0,2.2689530685920576,0,0,1,0,2,2,0,0,0,0,0,1,0,0,0,0,0,1,0,0,0,0
258,Aloo Chaat,Aftab Shivdasani,2009-03-20,Taran Adarsh,Robby Grewal,unproven,train,0,7,1,1.7857142857142858,2.0664224434885594,0.809173593712687,0.0,2.0,1.6,0.2142857142857142,1.8158693776386332,931.0,2.2661870503597124,1,0,0,0,3,1,0,0,0,1,0,0,0,0,0,0,0,0,0,0,0,0
259,Ek - The Power of One,Bobby Deol,2009-03-27,Taran Adarsh,Sangeeth Sivan,unproven,train,0,12,1,1.5833333333333333,1.9238911107597976,0.5573204290227128,0.0,1.6666666666666667,1.5,0.08333333333333348,1.5121383057980053,560.0,2.263440860215054,1,0,0,0,3,2,1,0,0,0,0,0,0,0,0,0,0,1,0,0,0,0
260,Luck,Sanjay Dutt,2009-07-24,Taran Adarsh,Soham Shah,unproven,train,0,13,1,2.1923076923076925,2.194986741252975,0.9022763235852773,0.15384615384615385,2.6666666666666665,2.3,0.474358974358974,2.0518802664487423,801.0,2.2625,1,0,0,0,7,2,1,0,0,0,0,0,0,0,0,0,0,0,0,0,1,0
261,Love Aaj Kal,Saif Ali Khan,2009-07-30,Taran Adarsh,Imtiaz Ali,unproven,train,1,7,1,2.7857142857142856,2.385720569604867,0.9511897312113419,0.2857142857142857,2.8333333333333335,3.0,0.047619047619047894,2.8640467506510294,279.0,2.2651245551601424,1,0,0,0,7,2,0,0,0,0,0,1,0,0,0,0,1,0,0,0,0,0
262,Fox,Arjun Rampal,2009-09-04,Taran Adarsh,Deepak Tijori,unproven,train,0,7,1,1.4285714285714286,1.9570384562636631,0.4498677054212186,0.0,1.5,1.4,0.0714285714285714,1.498313982571395,980.0,2.271276595744681,1,0,0,0,9,2,1,0,0,0,0,0,0,0,0,0,0,0,0,1,0,0
263,Vaada raha i promise,Bobby Deol,2009-09-11,Taran Adarsh,Samir Karnik,unproven,train,0,13,1,1.6153846153846154,1.9306751599771081,0.5459642140991688,0.0,1.8333333333333333,1.7,0.21794871794871784,1.554776504962991,168.0,2.2685512367491167,1,0,0,0,9,1,0,0,0,0,0,1,0,0,0,0,0,0,0,0,0,0
264,Dil Bole Hadippa,Shahid Kapoor,2009-09-18,Taran Adarsh,Anurag Singh,unproven,train,0,8,1,2.8125,2.415441661983164,0.5938674695827104,0.25,3.1666666666666665,3.1,0.3541666666666665,2.9245282785272404,427.0,2.265845070422535,1,0,0,0,9,2,0,0,0,1,0,0,0,0,0,0,0,0,1,0,0,0
265,Do Knot Disturb,Govinda,2009-10-02,Taran Adarsh,David Dhawan,unproven,train,1,14,1,1.6071428571428572,1.9142800990371525,0.5941565265331838,0.0,1.1666666666666667,1.2,-0.44047619047619047,1.3638981406333888,434.0,2.2649122807017545,1,0,0,0,10,1,0,0,0,1,0,0,0,0,0,0,0,0,0,0,0,0
266,All The Best,Ajay Devgn,2009-10-16,Taran Adarsh,Rohit Shetty,proven_weak,train,1,21,1,2.4285714285714284,2.335318949428798,0.870139561876632,0.19047619047619047,2.6666666666666665,2.9,0.23809523809523814,2.4674830761276905,352.0,2.269230769230769,0,0,1,0,10,1,0,0,0,1,0,0,0,0,0,0,0,0,0,0,0,0
267,Main Aurr Mrs Khanna,Salman Khan,2009-10-16,Taran Adarsh,Prem Raj,proven_weak,train,0,18,1,2.5555555555555554,2.396105520588992,1.0694815798662465,0.3333333333333333,3.0,2.8,0.44444444444444464,2.5551914664557573,329.0,2.269230769230769,0,0,1,0,10,1,0,0,0,0,0,0,0,0,0,0,1,0,0,0,0,0
268,Aladin,Amitabh Bachchan,2009-10-30,Taran Adarsh,Sujoy Ghosh,unproven,train,0,14,1,2.607142857142857,2.398909193384115,1.0034281896917845,0.2857142857142857,3.3333333333333335,3.1,0.7261904761904763,2.725524374344432,512.0,2.2708333333333335,1,0,0,0,10,2,0,0,0,0,0,0,0,0,0,0,0,0,0,0,0,1
269,London Dreams,Salman Khan,2009-10-30,Taran Adarsh,Vipul Amrutlal Shah,proven_weak,train,0,19,1,2.5,2.369657841415863,1.0671873729054748,0.3157894736842105,2.1666666666666665,2.4,-0.3333333333333335,2.5012576375869657,14.0,2.2708333333333335,0,0,1,0,10,2,0,0,0,0,0,0,0,0,1,0,0,1,0,0,0,0
270,Ajab Prem Ki Ghazab Kahani,Ranbir Kapoor,2009-11-06,Taran Adarsh,Rajkumar Santoshi,unproven,train,1,0,0,2.268965517241379,2.2020685963867783,0.8671036118411554,0.17777777777777778,2.268965517241379,2.268965517241379,0.0,2.268965517241379,189.0,2.268965517241379,1,0,0,0,11,2,0,0,0,1,0,0,0,0,0,0,1,0,0,0,0,0
271,Tum Mile,Emraan Hashmi,2009-11-13,Taran Adarsh,Kunal Deshmukh,unproven,train,0,10,1,2.15,2.2129693590723,0.9732534213770955,0.2,3.1666666666666665,2.4,1.0166666666666666,2.275313766286274,546.0,2.274914089347079,1,0,0,0,11,1,0,0,0,0,0,0,0,0,0,0,1,0,0,0,0,0
272,Kurbaan,Saif Ali Khan,2009-11-19,Taran Adarsh,Rensil Dsilva,unproven,train,1,8,1,2.9375,2.493840212430366,0.9797047660246574,0.375,3.3333333333333335,3.3,0.3958333333333335,3.018313611933481,112.0,2.2773972602739727,1,0,0,0,11,2,0,0,0,0,1,1,0,0,0,0,0,0,0,0,0,0
273,Paa,Amitabh Bachchan,2009-12-03,Taran Adarsh,R. Balki,proven_weak,train,1,15,1,2.5,2.3803469406410587,1.0522085616183026,0.26666666666666666,3.0,3.0,0.5,2.622932533233415,34.0,2.2832764505119454,0,0,1,0,12,2,0,0,0,0,0,1,0,0,0,0,0,1,0,0,0,0
274,3 Idiots,Aamir Khan,2009-12-21,Taran Adarsh,Rajkumar Hirani,unproven,train,1,2,1,3.0,2.350104030197023,1.4142135623730951,0.5,3.0,3.0,0.0,3.0439377436367803,1592.0,2.2891156462585034,1,0,0,0,12,2,0,0,0,1,0,1,0,0,0,0,0,0,0,0,0,0
275,Dulha Mil Gaya,Shah Rukh Khan,2010-01-08,Taran Adarsh,Mudassar Aziz,proven_weak,train,0,16,1,2.6875,2.4894308628594684,1.3149778198382918,0.375,3.0,3.0,0.3125,2.6929774169812584,392.0,2.2966101694915255,0,0,1,0,1,2,0,0,0,1,0,0,0,0,0,0,1,0,0,0,0,0
276,Pyaar Impossible,Uday Chopra,2010-01-08,Taran Adarsh,Jugal Hansraj,unproven,train,0,2,1,1.5,2.1866092205084424,0.7071067811865476,0.0,1.5,1.5,0.0,1.6647968937225024,2394.0,2.2966101694915255,1,0,0,0,1,3,0,0,0,1,0,0,0,0,0,0,1,1,0,0,0,0
277,Veer,Salman Khan,2010-01-22,Taran Adarsh,Anil Sharma,proven_weak,train,0,20,1,2.525,2.424632214568262,1.044723584696475,0.3,2.5,2.7,-0.02499999999999991,2.5516577186705804,84.0,2.2962962962962963,0,0,1,0,1,2,1,0,0,0,0,1,0,0,0,0,0,0,0,0,0,0
278,Rann,Amitabh Bachchan,2010-01-27,Taran Adarsh,Ram Gopal Varma,proven_weak,train,1,16,1,2.59375,2.446470770853026,1.083493577892058,0.3125,3.0,3.0,0.40625,2.719346960468207,55.0,2.2936241610738257,0,0,1,0,1,2,0,0,0,0,0,1,0,0,0,0,0,1,0,0,0,0
279,Ishqiya,Naseeruddin Shah,2010-01-28,Taran Adarsh,Abhishek Chaubey,unproven,train,1,2,1,2.75,2.3449477938270427,1.7677669529663689,0.5,2.75,2.75,0.0,2.851241078654918,513.0,2.297658862876254,1,0,0,0,1,2,0,0,0,0,1,0,0,0,0,0,1,0,0,0,0,0
280,My Name Is Khan,Shah Rukh Khan,2010-02-08,Taran Adarsh,Karan Johar,proven_weak,train,1,17,1,2.6176470588235294,2.470248000764734,1.3053904081335435,0.35294117647058826,2.5,3.0,-0.11764705882352944,2.629525438647698,31.0,2.3033333333333332,0,0,1,0,2,2,0,0,0,0,0,1,0,0,0,0,0,1,0,0,0,0
281,Karthik Calling Karthik,Deepika Padukone,2010-02-26,Taran Adarsh,Vijay Lalwani,unproven,train,0,0,0,2.3106312292358804,2.3062714750647277,0.8863541604523284,0.19572953736654805,2.3106312292358804,2.3106312292358804,0.0,2.3106312292358804,189.0,2.3106312292358804,1,0,0,0,2,2,0,0,0,0,0,0,0,0,0,0,1,0,0,1,0,0
282,Teen Patti,Amitabh Bachchan,2010-02-26,Taran Adarsh,Leena Yadav,proven_weak,train,0,17,1,2.6470588235294117,2.487314753936591,1.0718661571406802,0.35294117647058826,2.8333333333333335,3.3,0.1862745098039218,2.7822747956615435,30.0,2.3106312292358804,0,0,1,0,2,2,0,0,0,0,0,1,0,0,0,0,0,0,0,0,1,0
283,Atithi Tum Kab Jaoge,Ajay Devgn,2010-03-04,Taran Adarsh,Ashwni Dhir,proven_weak,train,1,22,1,2.477272727272727,2.410097222597223,0.8793568094172004,0.22727272727272727,2.5,3.0,0.02272727272727293,2.557066082464474,139.0,2.3118811881188117,0,0,1,0,3,1,0,0,0,1,0,0,0,0,0,0,0,0,0,0,0,0
284,Love Sex Aur Dhokha,Rajkummar Rao,2010-03-15,Taran Adarsh,Dibakar Banerjee,unproven,train,1,0,0,2.3157894736842106,2.3128436177349223,0.8892807822472306,0.19718309859154928,2.3157894736842106,2.3157894736842106,0.0,2.3157894736842106,179.0,2.3157894736842106,1,0,0,0,3,1,0,0,0,0,0,0,0,0,0,0,0,1,0,0,0,0
285,Hum Tum Aur Ghost,Arshad Warsi,2010-03-26,Taran Adarsh,Kabeer Kaushik,unproven,train,0,1,1,1.0,2.274727255747976,0.8892807822472306,0.0,1.0,1.0,0.0,1.1821069299552907,1701.0,2.321311475409836,1,0,0,0,3,2,0,0,0,1,0,0,0,0,0,0,0,1,0,0,0,0
286,Pankh,Bipasha Basu,2010-04-02,Taran Adarsh,Sudipto Chattopadhyaya,unproven,train,0,0,0,2.320261437908497,2.37359796168673,0.8852100530070046,0.1993006993006993,2.320261437908497,2.320261437908497,0.0,2.320261437908497,184.0,2.320261437908497,1,0,0,0,4,1,0,0,0,0,0,1,0,0,0,0,0,0,0,0,0,0
287,Jaane Kahan Se Aayi Hai,Riteish Deshmukh,2010-04-09,Taran Adarsh,Milap Zaveri,unproven,train,0,5,1,2.1,2.277355269338965,0.6519202405202649,0.0,2.0,2.1,-0.10000000000000009,2.268206925743914,658.0,2.3159609120521174,1,0,0,0,4,4,0,0,0,1,0,0,0,0,0,0,1,1,0,0,0,1
288,Badmaash Company,Shahid Kapoor,2010-05-07,Taran Adarsh,Parmeet Sethi,unproven,train,0,9,1,2.7222222222222223,2.48225551724193,0.6180165405913052,0.2222222222222222,2.8333333333333335,3.0,0.11111111111111116,2.8725162853823423,231.0,2.3165584415584415,1,0,0,0,5,2,0,0,0,0,0,1,0,0,0,0,0,1,0,0,0,0
289,Kites,Hrithik Roshan,2010-05-21,Taran Adarsh,Anurag Basu,unproven,train,0,10,1,2.65,2.4634157470027036,1.3954290459289653,0.4,4.333333333333333,3.6,1.6833333333333331,2.7344606665569064,828.0,2.3187702265372168,1,0,0,0,5,2,0,0,0,0,0,0,0,0,0,0,1,0,0,0,1,0
290,Raajneeti,Ajay Devgn,2010-06-03,Taran Adarsh,Prakash Jha,proven_weak,train,1,23,1,2.5217391304347827,2.449955077314917,0.8852100530070046,0.2608695652173913,3.0,3.0,0.4782608695652173,2.607149763130517,91.0,2.3209677419354837,0,0,1,0,6,2,0,0,0,0,0,1,0,0,0,0,0,1,0,0,0,0
291,Milenge Milenge,Shahid Kapoor,2010-07-09,Taran Adarsh,Satish Kaushik,unproven,train,0,10,1,2.75,2.5049305424305426,0.5892556509887896,0.2,2.6666666666666665,2.9,-0.08333333333333348,2.8950727747711973,63.0,2.3263665594855305,1,0,0,0,7,2,0,0,0,0,0,0,0,0,0,0,1,1,0,0,0,0
292,Once Upon A Time In Mumbaai,Ajay Devgn,2010-07-30,Taran Adarsh,Milan Luthria,proven_weak,train,1,24,1,2.5833333333333335,2.489631340592879,0.9168313422570847,0.2916666666666667,3.6666666666666665,3.0,1.083333333333333,2.6695379605517746,57.0,2.3253205128205128,0,0,1,0,7,3,1,0,0,0,0,1,0,0,0,0,1,0,0,0,0,0
293,Dabangg,Salman Khan,2010-09-08,Taran Adarsh,Abhinav Singh Kashyap,proven_weak,train,1,21,1,2.4761904761904763,2.419960979335979,1.0425472468453225,0.2857142857142857,2.0,2.2,-0.4761904761904763,2.5359534099075427,229.0,2.330670926517572,0,0,1,0,9,2,1,0,0,0,1,0,0,0,0,0,0,0,0,0,0,0
294,Crook: It's Good To Be Bad,Emraan Hashmi,2010-10-08,Taran Adarsh,Mohit Suri,unproven,train,0,11,1,2.227272727272727,2.2944572708995783,0.958218043131008,0.18181818181818182,3.3333333333333335,2.8,1.1060606060606064,2.403859861474838,329.0,2.337579617834395,1,0,0,0,10,3,1,0,0,0,0,0,0,0,0,0,0,1,0,0,1,0
295,Knock Out,Sanjay Dutt,2010-10-15,Taran Adarsh,Mani Shankar,unproven,train,0,14,1,2.25,2.298214169334859,0.8933515114874565,0.14285714285714285,2.3333333333333335,2.5,0.08333333333333348,2.193611041067483,448.0,2.3365079365079366,1,0,0,0,10,2,1,0,0,0,0,0,0,0,0,0,0,1,0,0,0,0
296,Dus Tola,Manoj Bajpayee,2010-10-22,Taran Adarsh,Ajoy Varma,unproven,train,0,6,1,2.3333333333333335,2.3407127460698893,1.0801234497346432,0.16666666666666666,2.1666666666666665,2.5,-0.16666666666666696,2.2958827637913504,1232.0,2.337025316455696,1,0,0,0,10,2,0,0,0,1,0,1,0,0,0,0,0,0,0,0,0,0
297,Anjaana Anjaani,Ranbir Kapoor,2010-10-29,Taran Adarsh,Siddharth Anand,promising,train,1,1,1,4.0,2.4423592243904744,0.8632717389316619,1.0,4.0,4.0,0.0,4.063842053736539,357.0,2.332807570977918,0,1,0,0,10,2,0,0,0,0,0,0,0,0,0,0,1,1,0,0,0,0
298,Nakshatra,Anupam Kher,2010-10-29,Taran Adarsh,Mohan Savalkar,unproven,train,0,1,1,2.0,2.3173592243904744,0.8632717389316619,0.0,2.0,2.0,0.0,2.173821395862711,1498.0,2.332807570977918,1,0,0,0,10,2,0,0,0,0,0,0,0,0,0,0,1,0,0,0,1,0
299,Golmaal 3,Ajay Devgn,2010-11-04,Taran Adarsh,Rohit Shetty,proven_weak,train,1,25,1,2.64,2.5218761221886217,0.9411871935663667,0.32,3.8333333333333335,3.4,1.1933333333333334,2.7312917286822316,97.0,2.333855799373041,0,0,1,0,11,2,0,0,0,1,0,1,0,0,0,0,0,0,0,0,0,0
300,Guzaarish,Hrithik Roshan,2010-11-16,Taran Adarsh,Sanjay Leela Bhansali,unproven,train,1,11,1,2.6818181818181817,2.4767788734134886,1.3280197150781925,0.36363636363636365,3.8333333333333335,3.7,1.1515151515151518,2.778892879423607,179.0,2.3390625,1,0,0,0,11,2,0,0,0,0,0,0,0,0,0,0,1,1,0,0,0,0
301,Break Ke Baad,Imran Khan,2010-11-26,Taran Adarsh,Danish Aslam,unproven,train,0,1,1,2.0,2.3087989923927426,0.8548504142651103,0.0,2.0,2.0,0.0,2.0793113869902826,785.0,2.344236760124611,1,0,0,0,11,2,0,0,0,0,0,0,0,0,0,0,1,1,0,0,0,0
302,Khelein Hum Jee Jaan Sey,Abhishek Bachchan,2010-12-02,Taran Adarsh,Ashutosh Gowariker,proven_weak,train,1,22,1,1.9318181818181819,2.0902549331603386,0.9296114721632308,0.13636363636363635,2.3333333333333335,2.0,0.4015151515151516,2.018429647645346,650.0,2.341614906832298,0,0,1,0,12,2,0,0,0,0,0,0,0,0,0,1,0,0,0,0,0,1
303,No Problem,Anil Kapoor,2010-12-10,Taran Adarsh,Anees Bazmee,unproven,train,0,10,1,2.15,2.2550354786224354,1.179689224612426,0.2,2.3333333333333335,2.5,0.18333333333333357,2.1643085446500034,1008.0,2.346749226006192,1,0,0,0,12,2,0,0,0,1,0,1,0,0,0,0,0,0,0,0,0,0
304,No One Killed Jessica,Vidya Balan,2011-01-05,Taran Adarsh,Rajkumar Gupta,unproven,train,1,0,0,2.3441358024691357,2.3234620794403402,0.8432577054617101,0.21052631578947367,2.3441358024691357,2.3441358024691357,0.0,2.3441358024691357,190.0,2.3441358024691357,1,0,0,0,1,2,0,0,0,0,1,0,0,0,0,0,0,0,0,0,1,0
305,7 Khoon Maaf,Priyanka Chopra Jonas,2011-02-18,Taran Adarsh,Vishal Bhardwaj,promising,train,0,1,1,3.5,2.4383576547522843,0.8432577054617101,1.0,3.5,3.5,0.0,3.5890831677547546,842.0,2.3492307692307692,0,1,0,0,2,1,0,0,0,0,0,0,0,0,0,0,0,1,0,0,0,0
306,Dum Maaro Dum,Abhishek Bachchan,2011-04-22,Taran Adarsh,Rohan Sippy,proven_weak,train,0,23,1,2.0217391304347827,2.1556589017239536,1.0054200938997546,0.17391304347826086,3.1666666666666665,2.5,1.1449275362318838,2.1141969673891507,141.0,2.3512269938650308,0,0,1,0,4,2,0,0,0,0,1,0,0,0,0,0,0,0,0,0,1,0
307,Ready,Salman Khan,2011-06-02,Taran Adarsh,Anees Bazmee,proven_weak,train,1,22,1,2.5681818181818183,2.484402821573874,1.1051336327885177,0.3181818181818182,3.0,2.7,0.43181818181818166,2.6462392855807177,267.0,2.3516819571865444,0,0,1,0,6,2,0,0,0,1,0,0,1,0,0,0,0,0,0,0,0,0
308,Double Dhamaal,Sanjay Dutt,2011-06-23,Taran Adarsh,Indra Kumar,proven_weak,train,1,15,1,2.2666666666666666,2.3149159312274303,0.8632717389316619,0.13333333333333333,2.8333333333333335,2.7,0.5666666666666669,2.2342363522282187,251.0,2.356707317073171,0,0,1,0,6,2,0,0,0,1,0,1,0,0,0,0,0,0,0,0,0,0
309,Bbuddah Hoga Terra Baap,Amitabh Bachchan,2011-06-30,Taran Adarsh,Puri Jagannadh,proven_weak,train,1,18,1,2.638888888888889,2.5148557907490194,1.040440454744663,0.3333333333333333,3.3333333333333335,3.0,0.6944444444444446,2.8176637609929296,489.0,2.3617021276595747,0,0,1,0,6,3,1,0,0,0,0,1,0,0,0,0,1,0,0,0,0,0
310,Murder 2,Emraan Hashmi,2011-07-08,Taran Adarsh,Mohit Suri,unproven,train,1,12,1,2.2083333333333335,2.296982186162553,0.9159777025207282,0.16666666666666666,2.8333333333333335,2.9,0.625,2.3992919218508733,273.0,2.3666666666666667,1,0,0,0,7,2,0,0,0,0,1,0,0,0,0,0,0,0,0,0,1,0
311,Zindagi Na Milegi Dobara,Hrithik Roshan,2011-07-15,Taran Adarsh,Zoya Akhtar,unproven,train,1,12,1,2.7916666666666665,2.5582563651998895,1.3221596199423356,0.4166666666666667,3.6666666666666665,4.0,0.875,2.913190514597521,241.0,2.3716012084592144,1,0,0,0,7,3,0,0,0,0,0,1,0,0,0,0,1,1,0,0,0,0
312,Singham,Ajay Devgn,2011-07-20,Taran Adarsh,Rohit Shetty,proven_weak,train,1,26,1,2.6923076923076925,2.575473901403976,0.9599679481828867,0.34615384615384615,4.0,3.8,1.3076923076923075,2.821232401282951,258.0,2.375,0,0,1,0,7,2,1,0,0,0,0,1,0,0,0,0,0,0,0,0,0,0
313,Aarakshan,Amitabh Bachchan,2011-08-11,Taran Adarsh,Prakash Jha,proven_weak,train,1,19,1,2.710526315789474,2.5623781825786907,1.0582452650192546,0.3684210526315789,3.3333333333333335,3.0,0.6228070175438596,2.8995712378203717,42.0,2.3813813813813813,0,0,1,0,8,0,0,0,0,0,0,0,0,0,0,0,0,0,0,0,0,0
314,Bodyguard,Salman Khan,2011-08-29,Taran Adarsh,Siddique,proven_weak,train,1,23,1,2.630434782608696,2.5301660091099905,1.120241363038542,0.34782608695652173,3.3333333333333335,2.9,0.7028985507246377,2.7396440348008433,88.0,2.3862275449101795,0,0,1,0,8,2,1,0,0,0,0,0,0,0,0,0,1,0,0,0,0,0
315,Mere Brother Ki Dulhan,Imran Khan,2011-09-09,Taran Adarsh,Ali Abbas Zafar,unproven,train,1,2,1,1.75,2.3045328102410148,0.3535533905932738,0.0,1.75,1.75,0.0,1.8379562468033661,287.0,2.3925373134328356,1,0,0,0,9,3,0,0,0,1,0,1,0,0,0,0,1,0,0,0,0,0
316,Mausam,Shahid Kapoor,2011-09-23,Taran Adarsh,Pankaj Kapoor,unproven,train,0,11,1,2.6818181818181817,2.518196554064469,0.6030226891555273,0.18181818181818182,2.3333333333333335,2.7,-0.3484848484848482,2.884657391605168,441.0,2.3973214285714284,1,0,0,0,9,2,0,0,0,0,0,1,0,0,0,0,1,0,0,0,0,0
317,Force,John Abraham,2011-09-29,Taran Adarsh,Nishikant Kamat,unproven,train,1,10,1,2.45,2.4180272870404447,0.83166499665831,0.2,3.1666666666666665,3.0,0.7166666666666663,2.7031908414400823,1406.0,2.3961424332344214,1,0,0,0,9,2,1,0,0,0,0,0,0,0,0,0,0,0,0,0,1,0
318,Ra.One,Shah Rukh Khan,2011-10-25,Taran Adarsh,Anubhav Sinha,proven_weak,train,1,18,1,2.7222222222222223,2.5759486116842574,1.3418843447820836,0.3888888888888889,2.6666666666666665,3.0,-0.0555555555555558,2.830994932687323,624.0,2.4008875739644973,0,0,1,0,10,0,0,0,0,0,0,0,0,0,0,0,0,0,0,0,0,0
319,Loot,Govinda,2011-11-04,Taran Adarsh,Rajnish Raj Thakur,proven_weak,train,0,15,1,1.7333333333333334,2.0681079542315692,0.752772652709081,0.06666666666666667,1.8333333333333333,1.7,0.09999999999999987,1.6484722965737744,763.0,2.4070796460176993,0,0,1,0,11,0,0,0,0,0,0,0,0,0,0,0,0,0,0,0,0,0
320,Don 2,Shah Rukh Khan,2011-12-23,Taran Adarsh,Farhan Akhtar,proven_weak,train,1,19,1,2.8157894736842106,2.6334553543529324,1.3663671045248,0.42105263157894735,3.5,3.3,0.6842105263157894,2.922361495392533,59.0,2.4044117647058822,0,0,1,0,12,3,1,0,0,0,1,0,0,0,0,0,0,0,0,0,1,0
321,Players,Abhishek Bachchan,2012-01-06,Taran Adarsh,"Mustan Burmawalla, Abbas Burmawalla",proven_weak,train,0,24,1,2.0416666666666665,2.1807945180288297,0.9881544795032398,0.16666666666666666,2.6666666666666665,2.7,0.625,2.1866697333139906,259.0,2.407624633431085,0,0,1,0,1,2,1,0,0,0,0,1,0,0,0,0,0,0,0,0,0,0
322,Agneepath,Sanjay Dutt,2012-01-24,Taran Adarsh,Karan Malhotra,proven_weak,train,1,16,1,2.375,2.388720268012501,0.939858145324779,0.1875,3.1666666666666665,2.7,0.7916666666666665,2.3943220116787955,215.0,2.4064327485380117,0,0,1,0,1,2,1,0,0,0,0,1,0,0,0,0,0,0,0,0,0,0
323,Ek Main Aur Ekk Tu,Imran Khan,2012-02-08,Taran Adarsh,Shakun Batra,unproven,train,1,3,1,2.5,2.4222039118694823,1.3228756555322954,0.3333333333333333,2.5,2.5,0.0,2.578636627584763,152.0,2.412536443148688,1,0,0,0,2,0,0,0,0,0,0,0,0,0,0,0,0,0,0,0,0,0
324,Jodi Breakers,R Madhavan,2012-02-24,Taran Adarsh,Ashwini Chaudhary,unproven,train,0,1,1,3.0,2.452981045590009,0.9170109546287278,0.0,3.0,3.0,0.0,3.161512065046337,1281.0,2.417151162790698,1,0,0,0,2,1,0,0,0,0,0,0,0,0,0,0,1,0,0,0,0,0
325,Tere Naal Love Ho Gaya,Riteish Deshmukh,2012-02-24,Taran Adarsh,Mandeep Kumar,unproven,train,0,6,1,2.1666666666666665,2.345128415687626,0.6055300708194983,0.0,1.8333333333333333,2.2,-0.33333333333333326,2.4080293555251755,686.0,2.417151162790698,1,0,0,0,2,1,0,0,0,0,0,0,0,0,0,0,1,0,0,0,0,0
326,Paan Singh Tomar,Irrfan Khan,2012-03-01,Taran Adarsh,Tigmanshu Dhulia,unproven,train,1,9,1,2.0,2.2622787171101315,0.6614378277661477,0.0,1.8333333333333333,1.7,-0.16666666666666674,2.2273337076831687,1182.0,2.4205202312138727,1,0,0,0,3,2,0,0,1,0,1,0,0,0,0,0,0,0,0,0,0,0
327,Agent Vinod,Saif Ali Khan,2012-03-23,Taran Adarsh,Sriram Raghavan,promising,train,1,9,1,3.0555555555555554,2.660579155706623,0.982485510212633,0.4444444444444444,3.3333333333333335,3.3,0.2777777777777781,3.273623740919541,855.0,2.4236311239193085,0,1,0,0,3,2,0,0,0,0,0,0,0,0,0,0,0,0,0,1,1,0
328,Tezz,Ajay Devgn,2012-04-25,Taran Adarsh,Priyadarshan,proven_weak,train,1,27,1,2.759259259259259,2.640266200921746,1.0035549347806063,0.37037037037037035,4.166666666666667,4.0,1.4074074074074079,2.936569898553442,280.0,2.42816091954023,0,0,1,0,4,2,1,0,0,0,0,1,0,0,0,0,0,0,0,0,0,0
329,Jannat 2,Emraan Hashmi,2012-05-03,Taran Adarsh,Kunal Deshmukh,unproven,train,1,13,1,2.3461538461538463,2.389343686154071,1.0079809725513875,0.23076923076923078,3.0,3.2,0.6538461538461537,2.586988737501607,300.0,2.4312320916905446,1,0,0,0,5,2,0,0,0,0,1,0,0,0,0,0,0,0,0,0,1,0
330,Department,Amitabh Bachchan,2012-05-18,Taran Adarsh,Ram Gopal Varma,proven_weak,train,0,20,1,2.775,2.6270929775112104,1.0696162617352174,0.4,3.5,3.6,0.7250000000000001,3.0089255802622574,281.0,2.4357142857142855,0,0,1,0,5,0,0,0,0,0,0,0,0,0,0,0,0,0,0,0,0,0
331,Shanghai,Emraan Hashmi,2012-06-06,Taran Adarsh,Dibakar Banerjee,unproven,train,1,14,1,2.4642857142857144,2.445989191162739,1.0645382840658004,0.2857142857142857,3.3333333333333335,3.3,0.8690476190476191,2.6911589561767393,34.0,2.4344729344729346,1,0,0,0,6,0,0,0,0,0,0,0,0,0,0,0,0,0,0,0,0,0
332,Gangs Of Wasseypur,Manoj Bajpayee,2012-06-22,Taran Adarsh,Anurag Kashyap,unproven,train,1,7,1,2.142857142857143,2.339731821707001,1.1073348527841413,0.14285714285714285,1.5,1.9,-0.6428571428571428,2.212651792768059,609.0,2.4389204545454546,1,0,0,0,6,2,1,0,0,0,1,0,0,0,0,0,0,0,0,0,0,0
333,Teri Meri Kahaani,Shahid Kapoor,2012-06-22,Taran Adarsh,Kunal Kohli,unproven,train,1,12,1,2.625,2.5175592621316305,0.6077155435054972,0.16666666666666666,2.3333333333333335,2.4,-0.2916666666666665,2.8525349682787637,273.0,2.4389204545454546,1,0,0,0,6,2,0,0,0,0,0,0,0,0,0,0,1,1,0,0,0,0
334,Bol Bachchan,Ajay Devgn,2012-07-05,Taran Adarsh,Rohit Shetty,proven_weak,train,1,28,1,2.7857142857142856,2.664363562539052,0.9946949227868761,0.39285714285714285,4.0,4.0,1.2142857142857144,2.9734467368735915,71.0,2.444915254237288,0,0,1,0,7,1,0,0,0,1,0,0,0,0,0,0,0,0,0,0,0,0
335,Cocktail,Saif Ali Khan,2012-07-13,Taran Adarsh,Homi Adajania,promising,train,0,10,1,3.15,2.7233664631647843,0.9732534213770956,0.5,4.0,3.6,0.8500000000000001,3.371926017556166,112.0,2.4492957746478874,0,1,0,0,7,2,0,0,0,1,0,0,0,0,0,0,1,0,0,0,0,0
336,Mere Dost Picture Abhi Baki Hai,Suniel Shetty,2012-07-20,Taran Adarsh,Rajnish Raj Thakur,unproven,train,0,6,1,1.3333333333333333,2.1227989906666664,0.5163977794943222,0.0,1.3333333333333333,1.4,0.0,1.3132900747494385,3885.0,2.4508426966292136,1,0,0,0,7,1,0,0,0,1,0,0,0,0,0,0,0,0,0,0,0,0
337,Kyaa Super Kool Hain Hum,Riteish Deshmukh,2012-07-26,Taran Adarsh,Sachin Yardi,unproven,train,1,7,1,2.2857142857142856,2.3903716954654817,0.6362090102803518,0.0,2.3333333333333335,2.3,0.047619047619047894,2.523624699368136,153.0,2.4481792717086837,1,0,0,0,7,2,0,1,0,1,0,0,0,0,0,0,0,0,0,0,0,0
338,Ek Tha Tiger,Salman Khan,2012-08-15,Taran Adarsh,Kabir Khan,proven_weak,train,1,24,1,2.7083333333333335,2.606361351635242,1.1601786469133204,0.375,4.333333333333333,3.5,1.6249999999999996,2.8778819735430496,352.0,2.451117318435754,0,0,1,0,8,2,1,0,0,0,0,0,0,0,0,0,0,0,0,0,1,0
339,Raaz 3,Emraan Hashmi,2012-09-06,Taran Adarsh,Vikram Bhatt,proven_weak,train,1,15,1,2.566666666666667,2.5058794062486216,1.0997835284835873,0.3333333333333333,4.0,3.4,1.4333333333333331,2.8007666038268413,92.0,2.456824512534819,0,0,1,0,9,2,0,1,0,0,0,0,0,1,0,0,0,0,0,0,0,0
340,Barfi,Ranbir Kapoor,2012-09-12,Taran Adarsh,Anurag Basu,promising,train,1,2,1,4.0,2.629376970779301,0.0,1.0,4.0,4.0,0.0,4.158835678112574,684.0,2.459722222222222,0,1,0,0,9,2,0,0,0,1,0,1,0,0,0,0,0,0,0,0,0,0
341,Heroine,Arjun Rampal,2012-09-20,Taran Adarsh,Madhur Bhandarkar,unproven,train,1,8,1,1.4375,2.0956264566629614,0.4172614801981401,0.0,1.6666666666666667,1.5,0.22916666666666674,1.6912370586728795,1112.0,2.46398891966759,1,0,0,0,9,3,0,1,0,0,0,1,0,0,0,0,0,1,0,0,0,0
342,Chittagong,Manoj Bajpayee,2012-10-10,Taran Adarsh,Bedabrata Pain,unproven,train,1,8,1,2.3125,2.403907349111474,1.1319231422671772,0.25,2.3333333333333335,2.2,0.02083333333333348,2.4015006928558784,110.0,2.4668508287292816,1,0,0,0,10,1,0,0,0,0,0,0,0,0,0,0,0,1,0,0,0,0
343,Aiyyaa,Rani Mukerji,2012-10-11,Taran Adarsh,Sachin Kundalkar,unproven,train,1,0,0,2.4696969696969697,2.4561301575264824,0.885930684446919,0.27113702623906705,2.4696969696969697,2.4696969696969697,0.0,2.4696969696969697,210.0,2.4696969696969697,1,0,0,0,10,2,0,0,0,1,0,0,0,0,0,0,1,0,0,0,0,0
344,Delhi Safari,Suniel Shetty,2012-10-17,Taran Adarsh,Nikkhil Advani,unproven,train,0,7,1,1.3571428571428572,2.124701852902209,0.47559486560567094,0.0,1.5,1.3,0.1428571428571428,1.3616476971120635,89.0,2.4725274725274726,1,0,0,0,10,2,0,0,0,1,0,0,1,0,0,0,0,0,0,0,0,0
345,Rush,Emraan Hashmi,2012-10-26,Taran Adarsh,Shamin Desai,proven_weak,train,0,16,1,2.625,2.5587878800107133,1.0878112581387147,0.375,3.8333333333333335,3.5,1.2083333333333335,2.861616781292571,50.0,2.473972602739726,0,0,1,0,10,1,0,0,0,0,0,0,0,0,0,0,0,0,0,0,1,0
346,Son Of Sardaar,Ajay Devgn,2012-11-12,Taran Adarsh,Ashwni Dhir,proven_weak,train,1,29,1,2.8275862068965516,2.711551909291793,1.0024600283175304,0.41379310344827586,4.0,4.0,1.1724137931034484,3.0366074666483884,130.0,2.4726775956284155,0,0,1,0,11,2,1,0,0,1,0,0,0,0,0,0,0,0,0,0,0,0
347,Jab Tak Hai Jaan,Shah Rukh Khan,2012-11-13,Taran Adarsh,Yash Chopra,proven_weak,train,1,20,1,2.85,2.6949518558544097,1.338695358607736,0.45,4.166666666666667,3.2,1.3166666666666669,3.023670892974245,326.0,2.4768392370572205,0,0,1,0,11,2,0,0,0,0,0,1,0,0,0,0,1,0,0,0,0,0
348,Dabangg 2,Salman Khan,2012-12-20,Taran Adarsh,Arbaaz Khan,proven_weak,train,1,25,1,2.78,2.6711094306491647,1.190938005663323,0.4,4.333333333333333,3.8,1.5533333333333332,2.972627637035139,127.0,2.4809782608695654,0,0,1,0,12,2,1,0,0,0,1,0,0,0,0,0,0,0,0,0,0,0
349,Inkaar,Arjun Rampal,2013-01-18,Taran Adarsh,Sudhir Mishra,unproven,train,0,9,1,1.6666666666666667,2.181767690135196,0.7905694150420949,0.1111111111111111,2.1666666666666665,1.9,0.4999999999999998,1.9133166501012568,120.0,2.4850948509485096,1,0,0,0,1,2,0,0,0,0,1,0,0,0,0,0,1,0,0,0,0,0
350,Race 2,Saif Ali Khan,2013-01-25,Taran Adarsh,"Mustan Burmawalla, Abbas Burmawalla",promising,train,0,11,1,3.1363636363636362,2.7659117928664134,0.9244162777371754,0.45454545454545453,3.6666666666666665,3.4,0.5303030303030303,3.3753052732532955,196.0,2.4864864864864864,0,1,0,0,1,2,1,0,0,0,0,0,0,0,0,0,0,0,0,1,0,0
351,Jolly LLB,Arshad Warsi,2013-03-13,Taran Adarsh,Subhash Kapoor,unproven,train,1,2,1,1.5,2.3760770790664987,0.7071067811865476,0.0,1.5,1.5,0.0,1.7562649006190223,1083.0,2.486522911051213,1,0,0,0,3,2,0,0,0,1,0,1,0,0,0,0,0,0,0,0,0,0
352,Himmatwala,Ajay Devgn,2013-03-29,Taran Adarsh,Sajid Khan,proven_weak,train,0,30,1,2.8666666666666667,2.7477715689009052,1.0080138659874616,0.43333333333333335,3.8333333333333335,4.0,0.9666666666666668,3.085290267292984,137.0,2.489247311827957,0,0,1,0,3,2,1,0,0,1,0,0,0,0,0,0,0,0,0,0,0,0
353,Ek Thi Daayan,Emraan Hashmi,2013-04-18,Taran Adarsh,Kannan Iyer,proven_weak,train,1,17,1,2.588235294117647,2.5510238887007275,1.0641207361838554,0.35294117647058826,3.1666666666666665,3.5,0.5784313725490193,2.823556012739546,174.0,2.486595174262735,0,0,1,0,4,2,0,0,0,0,0,0,0,1,0,0,0,0,0,0,1,0
354,Shootout At Wadala,John Abraham,2013-05-01,Taran Adarsh,Sanjay Gupta,unproven,train,1,11,1,2.590909090909091,2.5443171765483994,0.9170109546287278,0.2727272727272727,3.6666666666666665,3.4,1.0757575757575757,2.9142449627271505,580.0,2.4893048128342246,1,0,0,0,5,4,1,1,0,0,1,1,0,0,0,0,0,0,0,0,0,0
355,Go Goa Gone,Saif Ali Khan,2013-05-09,Taran Adarsh,"Raj Nidimoru, Krishna DK",promising,train,1,12,1,3.0833333333333335,2.7665707318674646,0.90033663737852,0.4166666666666667,3.1666666666666665,3.5,0.08333333333333304,3.309210013995701,104.0,2.493333333333333,0,1,0,0,5,4,1,1,0,0,0,1,0,0,0,0,0,0,0,0,0,1
356,Hum Hai Raahi CAR Ke,Sanjay Dutt,2013-05-24,Taran Adarsh,Jyotin Goel,proven_weak,train,0,17,1,2.5,2.5065542867685977,1.0458250331675945,0.23529411764705882,3.6666666666666665,3.4,1.1666666666666665,2.607763312516374,486.0,2.4960106382978724,0,0,1,0,5,1,0,0,0,1,0,0,0,0,0,0,0,0,0,0,0,0
357,Yeh Jawaani Hai Deewani,Ranbir Kapoor,2013-05-31,Taran Adarsh,Ayan Mukerji,promising,train,1,3,1,4.0,2.7604649808459776,0.0,1.0,4.0,4.0,0.0,4.139536930118078,261.0,2.493368700265252,0,1,0,0,5,1,0,0,0,0,0,0,0,0,0,0,1,0,0,0,0,0
358,Ghanchakkar,Emraan Hashmi,2013-06-28,Taran Adarsh,Rajkumar Gupta,proven_weak,train,0,18,1,2.638888888888889,2.5814657471281093,1.054480016204747,0.3888888888888889,3.0,3.4,0.36111111111111116,2.871895557345778,71.0,2.497354497354497,0,0,1,0,6,2,0,0,0,1,0,0,0,0,0,0,1,0,0,0,0,0
359,Lootera,Sonakshi Sinha,2013-07-03,Taran Adarsh,Vikramaditya Motwane,unproven,train,1,0,0,2.496042216358839,2.5116957787845537,0.917022144724489,0.2841225626740947,2.496042216358839,2.496042216358839,0.0,2.496042216358839,199.5,2.496042216358839,1,0,0,0,7,2,0,0,0,0,0,1,0,0,0,0,1,0,0,0,0,0
360,Policegiri,Sanjay Dutt,2013-07-05,Taran Adarsh,K. S. Ravikumar,proven_weak,train,0,18,1,2.4444444444444446,2.4919257807492152,1.0416176459053668,0.2222222222222222,3.3333333333333335,3.1,0.8888888888888888,2.550210267967592,42.0,2.5,0,0,1,0,7,2,1,0,0,0,0,0,0,0,0,0,0,1,0,0,0,0
361,D-Day,Irrfan Khan,2013-07-18,Taran Adarsh,Nikhil Advani,unproven,train,1,10,1,2.15,2.3889911533959816,0.7835106182362106,0.1,2.6666666666666665,2.1,0.5166666666666666,2.432767769742974,504.0,2.4986876640419946,1,0,0,0,7,3,1,0,0,0,1,0,0,0,0,0,0,0,0,0,1,0
362,Rabba Main Kya Karoon,Arshad Warsi,2013-08-02,Bollywood Hungama News Network,Amrit Sagar,unproven,train,0,3,1,2.1666666666666665,2.4882137231509844,1.2583057392117916,0.3333333333333333,2.1666666666666665,2.1666666666666665,0.0,2.3536048237419225,142.0,2.5026178010471205,1,0,0,0,8,2,0,0,0,1,0,0,0,0,0,0,1,0,0,0,0,0
363,Chennai Express,Shah Rukh Khan,2013-08-08,Taran Adarsh,Rohit Shetty,proven_weak,train,1,21,1,2.9047619047619047,2.758863806019937,1.3287122301221548,0.47619047619047616,4.0,3.6,1.0952380952380953,3.0959344842137875,268.0,2.5026109660574414,0,0,1,0,8,2,1,0,0,1,0,0,0,0,0,0,0,0,0,0,0,0
364,Once Upon Ay Time In Mumbai Dobaara,Imran Khan,2013-08-15,Taran Adarsh,Milan Luthria,unproven,train,0,4,1,2.875,2.6230403077835027,1.3149778198382918,0.5,3.1666666666666665,2.875,0.2916666666666665,3.027951444206551,554.0,2.5065104166666665,1,0,0,0,8,0,0,0,0,0,0,0,0,0,0,0,0,0,0,0,0,0
365,Madras Cafe,John Abraham,2013-08-22,Taran Adarsh,Shoojit Sircar,unproven,train,1,12,1,2.7083333333333335,2.622579290662465,0.9643257968260739,0.3333333333333333,3.6666666666666665,3.5,0.958333333333333,3.0219132428258364,113.0,2.5064935064935066,1,0,0,0,8,1,0,0,0,0,0,0,0,0,0,0,0,0,0,0,1,0
366,Grand Masti,Riteish Deshmukh,2013-09-13,Taran Adarsh,Indra Kumar,unproven,train,1,8,1,2.4375,2.515082628837877,0.7288689868556626,0.125,3.0,2.4,0.5625,2.707855034538954,414.0,2.510362694300518,1,0,0,0,9,2,0,1,0,1,0,0,0,0,0,0,0,0,0,0,0,0
367,The Lunchbox,Irrfan Khan,2013-09-19,Taran Adarsh,Ritesh Batra,unproven,train,1,11,1,2.3181818181818183,2.457352742177096,0.9293203772845852,0.18181818181818182,3.0,2.6,0.6818181818181817,2.5894756596378996,63.0,2.512919896640827,1,0,0,0,9,1,0,0,0,0,0,1,0,0,0,0,0,0,0,0,0,0
368,Phata Poster Nikhla Hero,Shahid Kapoor,2013-09-20,Taran Adarsh,Rajkumar Santoshi,unproven,train,1,13,1,2.6923076923076925,2.622990289813797,0.6304251719561152,0.23076923076923078,2.5,2.5,-0.1923076923076925,2.9801720934929916,455.0,2.5167525773195876,1,0,0,0,9,2,0,0,0,1,0,1,0,0,0,0,0,0,0,0,0,0
369,Shahid,Rajkummar Rao,2013-10-18,Taran Adarsh,Hansal Mehta,promising,train,1,1,1,4.0,2.654085170635683,0.9788613641945252,1.0,4.0,4.0,0.0,4.203490731971316,1313.0,2.519280205655527,0,1,0,0,10,1,0,0,0,0,0,0,0,0,0,0,0,1,0,0,0,0
370,Krrish 3,Hrithik Roshan,2013-10-30,Taran Adarsh,Rakesh Roshan,unproven,train,1,13,1,2.8461538461538463,2.691843311791819,1.281025230440697,0.46153846153846156,3.5,3.8,0.6538461538461537,3.1085233691179845,838.0,2.5217948717948717,1,0,0,0,10,2,1,0,0,0,0,0,0,0,0,0,0,0,0,0,0,1
371,Goliyon Ki Raasleela Ram-leela,Ranveer Singh,2013-11-14,Taran Adarsh,Sanjay Leela Bhansali,unproven,train,1,0,0,2.526854219948849,2.5610608120480256,0.9673847907287633,0.2991913746630728,2.526854219948849,2.526854219948849,0.0,2.526854219948849,208.0,2.526854219948849,1,0,0,0,11,3,1,0,0,0,0,1,0,0,0,0,1,0,0,0,0,0
372,Rajjo,Kangana Ranaut,2013-11-15,Taran Adarsh,Vishwas Patil,unproven,train,0,1,1,3.0,2.6328300110195357,0.9673847907287633,0.0,3.0,3.0,0.0,3.339247062461348,2415.0,2.5318877551020407,1,0,0,0,11,1,0,0,0,0,0,1,0,0,0,0,0,0,0,0,0,0
373,Gori Tere Pyaar Mein,Imran Khan,2013-11-22,Taran Adarsh,Punit Malhotra,unproven,train,1,5,1,2.8,2.6516908380839217,1.1510864433221337,0.4,3.5,2.8,0.7000000000000002,2.9476573544746554,99.0,2.5318066157760812,1,0,0,0,11,2,0,0,0,0,0,1,0,0,0,0,1,0,0,0,0,0
374,Singh Saab The Great,Sunny Deol,2013-11-22,Taran Adarsh,Anil Sharma,unproven,train,1,13,1,2.1923076923076925,2.4119220272028015,0.8548504142651103,0.15384615384615385,2.3333333333333335,2.3,0.14102564102564097,2.496044893597059,2296.0,2.5318066157760812,1,0,0,0,11,2,1,0,0,0,0,1,0,0,0,0,0,0,0,0,0,0
375,Bullett Raja,Saif Ali Khan,2013-11-28,Taran Adarsh,Tigmanshu Dhulia,promising,train,1,13,1,3.1153846153846154,2.843238315444176,0.869718492622904,0.46153846153846156,3.0,3.4,-0.11538461538461542,3.367261694191423,203.0,2.536708860759494,0,1,0,0,11,1,1,0,0,0,0,0,0,0,0,0,0,0,0,0,0,0
376,R Rajkumar,Shahid Kapoor,2013-12-06,Taran Adarsh,Prabhu Dheva,unproven,train,0,14,1,2.75,2.6770272399728485,0.6430097498961725,0.2857142857142857,3.0,2.8,0.25,3.0409541213279447,77.0,2.54040404040404,1,0,0,0,12,2,1,0,0,0,0,0,0,0,0,0,1,0,0,0,0,0
377,Dhoom 3,Aamir Khan,2013-12-20,Taran Adarsh,Vijay Krishna Acharya,promising,train,1,3,1,3.5,2.7557390085741416,1.3228756555322954,0.6666666666666666,3.5,3.5,0.0,3.777959558147545,1460.0,2.5377833753148615,0,1,0,0,12,2,1,0,0,0,0,0,0,0,0,0,0,0,0,0,1,0
378,Sholay 3D,Amitabh Bachchan,2013-12-30,Taran Adarsh,Ramesh Sippy,proven_weak,train,1,21,1,2.738095238095238,2.68596571024913,1.056161062753305,0.38095238095238093,3.3333333333333335,3.2,0.5952380952380953,3.067880787136584,591.0,2.542713567839196,0,0,1,0,12,6,1,0,0,1,0,1,0,0,0,0,1,0,0,0,1,1
379,Dedh Ishqiya,Naseeruddin Shah,2014-01-08,Taran Adarsh,Abhishek Chaubey,promising,train,1,3,1,3.1666666666666665,2.7073544662871605,1.4433756729740643,0.6666666666666666,3.1666666666666665,3.1666666666666665,0.0,3.4853740366781523,1441.0,2.5488721804511276,0,1,0,0,1,3,0,0,0,0,0,0,0,0,0,0,1,1,0,0,1,0
380,Miss Lovely,Nawazuddin Siddiqui,2014-01-17,Bollywood Hungama News Network,Ashim Ahluwalia,unproven,train,0,0,0,2.5525,2.620573327024267,0.9299835830163721,0.3105263157894737,2.5525,2.5525,0.0,2.5525,210.0,2.5525,1,0,0,0,1,1,0,0,0,0,0,1,0,0,0,0,0,0,0,0,0,0
381,Jai Ho,Salman Khan,2014-01-24,Taran Adarsh,Sohail Khan,proven_weak,train,1,26,1,2.826923076923077,2.7547343763762626,1.191153287300234,0.4230769230769231,4.333333333333333,4.3,1.506410256410256,3.0847796579178186,400.0,2.5536159600997506,0,0,1,0,1,1,1,0,0,0,0,0,0,0,0,0,0,0,0,0,0,0
382,Gunday,Ranveer Singh,2014-02-14,Taran Adarsh,Ali Abbas Zafar,promising,train,1,1,1,4.5,2.7478900049098383,0.9299835830163721,1.0,4.5,4.5,0.0,4.531603491493938,92.0,2.558457711442786,0,1,0,0,2,2,1,0,0,0,0,0,0,0,0,0,1,0,0,0,0,0
383,Darr @The Mall,Jimmy Sheirgill,2014-02-21,Bollywood Hungama News Network,Pawan Kripalani,unproven,train,0,3,1,1.0,2.3493149249992213,0.0,0.0,1.0,1.0,0.0,1.3739833638980568,2653.0,2.5607940446650126,1,0,0,0,2,1,0,0,0,0,0,0,0,1,0,0,0,0,0,0,0,0
384,Queen,Rajkummar Rao,2014-03-06,Taran Adarsh,Vikas Bahl,promising,train,1,2,1,3.75,2.757467903780688,0.3535533905932738,1.0,3.75,3.75,0.0,3.891871100924191,139.0,2.5594059405940595,0,1,0,0,3,1,0,0,0,0,0,0,0,0,0,0,1,0,0,0,0,0
385,Dishkiyaoon,Sunny Deol,2014-03-28,Taran Adarsh,Sanamjit Talwar,unproven,train,0,14,1,2.2857142857142856,2.462300561001159,0.8925823753039809,0.21428571428571427,3.0,2.3,0.7142857142857144,2.598912319812722,126.0,2.562962962962963,1,0,0,0,3,1,1,0,0,0,0,0,0,0,0,0,0,0,0,0,0,0
386,Bhoothnath Returns,Amitabh Bachchan,2014-04-11,Taran Adarsh,Nitesh Tiwari,proven_weak,train,1,22,1,2.840909090909091,2.7537299671902815,1.1379426259321777,0.4090909090909091,3.6666666666666665,3.5,0.8257575757575757,3.1733356474682957,102.0,2.560344827586207,0,0,1,0,4,2,0,0,0,1,0,1,0,0,0,0,0,0,0,0,0,0
387,Citylights,Rajkummar Rao,2014-05-30,Taran Adarsh,Hansal Mehta,promising,train,1,3,1,3.8333333333333335,2.8276801731626064,0.2886751345948129,1.0,3.8333333333333335,3.8333333333333335,0.0,3.931161689342297,85.0,2.5626535626535625,0,1,0,0,5,0,0,0,0,0,0,0,0,0,0,0,0,0,0,0,0,0
388,Fugly,Jimmy Sheirgill,2014-06-13,Taran Adarsh,Kabir Sadanand,unproven,train,0,4,1,1.25,2.335183221692895,0.5,0.0,1.3333333333333333,1.25,0.08333333333333326,1.5346444586506869,112.0,2.564950980392157,1,0,0,0,6,0,0,0,0,0,0,0,0,0,0,0,0,0,0,0,0,0
389,Humshakals,Riteish Deshmukh,2014-06-20,Taran Adarsh,Sajid Khan,unproven,train,0,9,1,2.5555555555555554,2.603895050506875,0.768295371441074,0.2222222222222222,3.3333333333333335,2.8,0.7777777777777781,2.8515231174385356,280.0,2.56601466992665,1,0,0,0,6,1,0,0,0,1,0,0,0,0,0,0,0,0,0,0,0,0
390,Ek Villain,Sidharth Malhotra,2014-06-25,Taran Adarsh,Mohit Suri,unproven,train,1,0,0,2.5634146341463415,2.6303855199644395,0.8944271909999159,0.3153846153846154,2.5634146341463415,2.5634146341463415,0.0,2.5634146341463415,205.5,2.5634146341463415,1,0,0,0,6,2,1,0,0,0,0,0,0,0,0,0,1,0,0,0,0,0
391,Bobby Jasoos,Vidya Balan,2014-07-04,Taran Adarsh,Samar Shaikh,promising,train,0,1,1,4.0,2.7458472057813905,0.8944271909999159,1.0,4.0,4.0,0.0,4.222774173199964,1276.0,2.5669099756690996,0,1,0,0,7,0,0,0,0,0,0,0,0,0,0,0,0,0,0,0,0,0
392,Kick,Salman Khan,2014-07-24,Taran Adarsh,Sajid Nadiadwala,proven_weak,train,1,27,1,2.888888888888889,2.7996361448380935,1.2115893355212062,0.4444444444444444,4.333333333333333,4.3,1.4444444444444442,3.1491132466258582,181.0,2.5655339805825244,0,0,1,0,7,2,1,0,0,0,0,0,0,0,0,0,0,0,0,0,1,0
393,Singham Returns,Ajay Devgn,2014-08-15,Taran Adarsh,Rohit Shetty,proven_weak,train,1,31,1,2.8225806451612905,2.7631476101191565,1.0210157287131132,0.41935483870967744,3.1666666666666665,3.5,0.34408602150537604,3.115122477421443,504.0,2.570217917675545,0,0,1,0,8,2,1,0,0,0,0,1,0,0,0,0,0,0,0,0,0,0
394,Mardaani,Rani Mukerji,2014-08-22,Taran Adarsh,Pradeep Sarkar,promising,train,0,1,1,3.5,2.694851581596327,0.9309059908643396,1.0,3.5,3.5,0.0,3.6039745278875714,680.0,2.573671497584541,0,1,0,0,8,2,1,0,0,0,1,0,0,0,0,0,0,0,0,0,0,0
395,Mary Kom,Priyanka Chopra Jonas,2014-09-03,Bollywood Hungama News Network,Omung Kumar,promising,train,1,2,1,3.25,2.7076715296009204,0.3535533905932738,0.5,3.25,3.25,0.0,3.520009609827331,1293.0,2.5746987951807228,0,1,0,0,9,3,0,0,1,0,0,1,0,0,0,0,0,0,1,0,0,0
396,Finding Fanny,Arjun Kapoor,2014-09-10,Bollywood Hungama News Network,Homi Adajania,unproven,train,0,0,0,2.578125,2.6411750203694155,0.8944271909999159,0.3207070707070707,2.578125,2.578125,0.0,2.578125,210.0,2.578125,1,0,0,0,9,1,0,0,0,0,0,1,0,0,0,0,0,0,0,0,0,0
397,Creature,Bipasha Basu,2014-09-11,Bollywood Hungama News Network,Vikram Bhatt,unproven,train,1,1,1,1.0,2.5462470001964106,0.8944271909999159,0.0,1.0,1.0,0.0,1.258875252738985,1623.0,2.579136690647482,1,0,0,0,9,2,0,0,0,0,0,0,0,1,0,0,0,0,0,0,1,0
398,Haider,Shahid Kapoor,2014-10-01,Bollywood Hungama News Network,Vishal Bhardwaj,proven_weak,train,0,15,1,2.6666666666666665,2.6750438546502067,0.6986381310057719,0.26666666666666666,2.8333333333333335,2.5,0.16666666666666696,2.9803556913361726,299.0,2.5825358851674642,0,0,1,0,10,0,0,0,0,0,0,0,0,0,0,0,0,0,0,0,0,0
399,Bang Bang,Hrithik Roshan,2014-10-02,Bollywood Hungama News Network,Siddharth Anand,unproven,train,1,14,1,2.9642857142857144,2.8185210722086778,1.307732707843937,0.5,4.0,3.8,1.0357142857142856,3.267265269968794,337.0,2.581145584725537,1,0,0,0,10,2,1,0,0,0,0,0,0,0,0,0,1,0,0,0,0,0
400,Happy New Year,Shah Rukh Khan,2014-10-24,Bollywood Hungama News Network,Farah Khan,proven_weak,train,1,22,1,2.9545454545454546,2.8445753086142433,1.3175472423904715,0.5,3.8333333333333335,4.1,0.8787878787878789,3.217750738570871,442.0,2.5833333333333335,0,0,1,0,10,2,1,0,0,1,0,0,0,0,0,0,0,0,0,0,0,0
401,Happy Ending,Saif Ali Khan,2014-11-20,Bollywood Hungama News Network,"Raj Nidimoru, Krishna DK",promising,train,0,14,1,3.1785714285714284,2.9231790811616984,0.8684013352827592,0.5,3.3333333333333335,3.4,0.1547619047619051,3.463634412452189,357.0,2.5878859857482186,0,1,0,0,11,0,0,0,0,0,0,0,0,0,0,0,0,0,0,0,0,0
402,Action Jackson,Ajay Devgn,2014-12-05,Bollywood Hungama News Network,Prabhu Dheva,proven_weak,train,0,32,1,2.859375,2.803577338555975,1.0257520844286292,0.4375,3.1666666666666665,3.4,0.3072916666666665,3.161419541568184,112.0,2.588862559241706,0,0,1,0,12,3,1,0,0,0,0,1,0,0,0,0,1,0,0,0,0,0
403,Alone,Bipasha Basu,2015-01-16,Bollywood Hungama News Network,Bhushan Patel,unproven,train,0,2,1,2.5,2.6623092394836303,2.1213203435596424,0.5,2.5,2.5,0.0,2.637771384894587,127.0,2.5874704491725766,1,0,0,0,1,2,0,0,0,0,0,1,0,1,0,0,0,0,0,0,0,0
404,Shamitabh,Amitabh Bachchan,2015-02-06,Bollywood Hungama News Network,R. Balki,proven_weak,train,0,23,1,2.869565217391304,2.7948010234053564,1.120241363038542,0.43478260869565216,3.5,3.7,0.6304347826086958,3.2132785234786274,301.0,2.5860849056603774,0,0,1,0,2,2,0,0,0,0,0,1,0,0,0,0,0,0,0,0,1,0
405,Roy,Ranbir Kapoor,2015-02-13,Bollywood Hungama News Network,Vikramjit Singh,promising,train,1,4,1,4.0,2.9577468096565624,0.0,1.0,4.0,4.0,0.0,4.197166350264483,623.0,2.5858823529411765,0,1,0,0,2,3,0,0,0,0,0,1,0,0,0,0,1,0,0,0,1,0
406,Badlapur,Varun Dhawan,2015-02-19,Bollywood Hungama News Network,Sriram Raghavan,unproven,train,1,0,0,2.5880281690140845,2.6775398982922516,0.9309059908643396,0.3226600985221675,2.5880281690140845,2.5880281690140845,0.0,2.5880281690140845,217.0,2.5880281690140845,1,0,0,0,2,2,0,0,0,0,0,1,0,0,0,0,0,1,0,0,0,0
407,Mr. X,Emraan Hashmi,2015-04-17,Bollywood Hungama News Network,Vikram Bhatt,proven_weak,train,0,19,1,2.6052631578947367,2.6452132894594023,1.0351992208751823,0.3684210526315789,2.5,3.0,-0.10526315789473673,2.9188157545572064,658.0,2.5901639344262297,0,0,1,0,4,0,0,0,0,0,0,0,0,0,0,0,0,0,0,0,0,0
408,Piku,Amitabh Bachchan,2015-05-07,Bollywood Hungama News Network,Shoojit Sircar,proven_weak,train,1,24,1,2.8541666666666665,2.7932178834783272,1.0982116556382517,0.4166666666666667,3.6666666666666665,3.4,0.8125,3.1874269503680113,90.0,2.5899532710280373,0,0,1,0,5,1,0,0,0,0,0,0,0,0,0,0,0,1,0,0,0,0
409,Dil Dhadakne Do,Ranveer Singh,2015-06-04,Bollywood Hungama News Network,Zoya Akhtar,promising,train,1,2,1,4.0,2.849653445103876,0.7071067811865476,1.0,4.0,4.0,0.0,4.049418626378775,475.0,2.5920745920745922,0,1,0,0,6,2,0,0,0,0,0,0,1,0,0,0,1,0,0,0,0,0
410,Hamari Adhuri Kahani,Emraan Hashmi,2015-06-12,Bollywood Hungama News Network,Mohit Suri,proven_weak,train,0,20,1,2.6,2.639672943177438,1.0078638170329415,0.35,2.6666666666666665,2.7,0.06666666666666643,2.9018970789147445,56.0,2.594186046511628,0,0,1,0,6,0,0,0,0,0,0,0,0,0,0,0,0,0,0,0,0,0
411,Guddu Rangeela,Arshad Warsi,2015-07-03,Bollywood Hungama News Network,Subhash Kapoor,unproven,train,0,4,1,2.25,2.598896273772975,1.0408329997330663,0.25,2.6666666666666665,2.25,0.4166666666666665,2.4803932413532888,700.0,2.5928074245939676,1,0,0,0,7,0,0,0,0,0,0,0,0,0,0,0,0,0,0,0,0,0
412,Bajrangi Bhaijaan,Salman Khan,2015-07-16,Bollywood Hungama News Network,Kabir Khan,proven_weak,train,1,28,1,2.9464285714285716,2.858039438798911,1.2273072430255876,0.4642857142857143,4.333333333333333,4.4,1.3869047619047614,3.2244178141135746,357.0,2.5925925925925926,0,0,1,0,7,2,1,0,0,1,0,0,0,0,0,0,0,0,0,0,0,0
413,Drishyam,Ajay Devgn,2015-07-29,Bollywood Hungama News Network,Nishikant Kamat,proven_weak,train,1,33,1,2.8333333333333335,2.7898656877335486,1.0206207261596574,0.42424242424242425,2.5,3.1,-0.3333333333333335,3.1343601412949837,236.0,2.596997690531178,0,0,1,0,7,2,0,0,0,0,1,0,0,0,0,0,0,0,0,0,1,0
414,Bangistan,Riteish Deshmukh,2015-08-07,Bollywood Hungama News Network,Karan Anshuman,unproven,train,0,10,1,2.45,2.5969996367882824,0.7975657409336933,0.2,2.8333333333333335,2.8,0.3833333333333333,2.7505865505145755,413.0,2.6002304147465436,1,0,0,0,8,2,0,0,0,1,0,1,0,0,0,0,0,0,0,0,0,0
415,Manjhi The Mountain Man,Nawazuddin Siddiqui,2015-08-21,Bollywood Hungama News Network,Ketan Mehta,unproven,train,0,1,1,3.0,2.7122626900574494,0.9013611486145816,0.0,3.0,3.0,0.0,3.0452011494252873,581.0,2.5977011494252875,1,0,0,0,8,1,0,0,0,0,0,1,0,0,0,0,0,0,0,0,0,0
416,All Is Well,Abhishek Bachchan,2015-08-22,Bollywood Hungama News Network,Umesh Shukla,proven_weak,train,1,25,1,2.04,2.2828217426896464,0.9673847907287633,0.16,2.8333333333333335,2.8,0.7933333333333334,2.369055374770529,1324.0,2.5974770642201834,0,0,1,0,8,2,0,0,0,0,0,1,1,0,0,0,0,0,0,0,0,0
417,Phantom,Saif Ali Khan,2015-08-27,Bollywood Hungama News Network,Kabir Khan,proven_positive,train,1,15,1,3.1666666666666665,2.9277195885434604,0.8380817098475258,0.4666666666666667,3.5,3.2,0.3333333333333335,3.4443817999699347,280.0,2.59954233409611,0,0,0,1,8,1,1,0,0,0,0,0,0,0,0,0,0,0,0,0,0,0
418,Welcome Back,John Abraham,2015-09-04,Bollywood Hungama News Network,Anees Bazmee,unproven,train,1,13,1,2.8076923076923075,2.7442332893124375,0.9903379376602871,0.38461538461538464,4.0,3.8,1.1923076923076925,3.1922553527078628,743.0,2.6015981735159817,1,0,0,0,9,2,0,0,0,1,0,1,0,0,0,0,0,0,0,0,0,0
419,Katti Batti,Imran Khan,2015-09-18,Bollywood Hungama News Network,Nikhil Advani,unproven,train,0,6,1,2.9166666666666665,2.755000743677703,1.0684880283216405,0.5,3.3333333333333335,3.1,0.41666666666666696,3.111552493210961,665.0,2.6036446469248293,1,0,0,0,9,2,0,0,0,1,0,0,0,0,0,0,1,0,0,0,0,0
420,Talvar,Irrfan Khan,2015-10-01,Bollywood Hungama News Network,Meghna Gulzar,unproven,train,1,12,1,2.4583333333333335,2.585606104577073,1.0103629710818451,0.25,3.8333333333333335,3.2,1.375,2.7963721852999743,742.0,2.602272727272727,1,0,0,0,10,1,0,0,0,0,0,1,0,0,0,0,0,0,0,0,0,0
421,Jazbaa,Irrfan Khan,2015-10-09,Bollywood Hungama News Network,Sanjay Gupta,unproven,train,0,13,1,2.5384615384615383,2.619216936617513,1.0095695960312838,0.3076923076923077,3.8333333333333335,3.3,1.2948717948717952,2.8525330645653098,8.0,2.6043083900226756,1,0,0,0,10,2,0,0,0,0,1,0,0,0,0,0,0,0,0,0,1,0
422,Shaandaar,Shahid Kapoor,2015-10-22,Bollywood Hungama News Network,Vikas Bahl,proven_weak,train,0,16,1,2.625,2.65642139471869,0.695221787153807,0.25,2.3333333333333335,2.5,-0.2916666666666665,2.9417511953697,386.0,2.6052036199095023,0,0,1,0,10,2,0,0,0,1,0,0,0,0,0,0,1,0,0,0,0,0
423,Prem Ratan Dhan Payo,Salman Khan,2015-11-12,Taran Adarsh,Sooraj Barjatya,proven_weak,train,1,29,1,3.0,2.894464004033088,1.2392393980641052,0.4827586206896552,4.5,4.4,1.5,3.281905622264166,119.0,2.606094808126411,0,0,1,0,11,2,0,0,0,0,0,1,1,0,0,0,0,0,0,0,0,0
424,Bajirao Mastani,Priyanka Chopra Jonas,2015-12-18,Taran Adarsh,Sanjay Leela Bhansali,promising,train,1,3,1,3.5,2.826282380229029,0.5,0.6666666666666666,3.5,3.5,0.0,3.7156679717311913,471.0,2.6103603603603602,0,1,0,0,12,2,0,0,0,0,0,1,0,0,0,0,0,0,0,0,0,1
425,Wazir,Amitabh Bachchan,2016-01-07,Bollywood Hungama News Network,Bejoy Nambiar,proven_weak,train,0,25,1,2.88,2.8103687377697297,1.0828203913853858,0.44,3.1666666666666665,3.3,0.2866666666666666,3.223459747392669,245.0,2.613483146067416,0,0,1,0,1,2,1,0,0,0,0,0,0,0,0,0,0,0,0,0,1,0
426,Kyaa Kool Hain Hum 3,Riteish Deshmukh,2016-01-22,Bollywood Hungama News Network,Umesh Ghadge,unproven,train,0,11,1,2.3636363636363638,2.5542260659968226,0.8090398349558905,0.18181818181818182,2.1666666666666665,2.6,-0.19696969696969724,2.6498951489091853,168.0,2.6132286995515694,1,0,0,0,1,2,0,1,0,1,0,0,0,0,0,0,0,0,0,0,0,0
427,Aligarh,Manoj Bajpayee,2016-02-24,Bollywood Hungama News Network,Hansal Mehta,unproven,train,1,9,1,2.4444444444444446,2.5994119923719787,1.130388330520878,0.3333333333333333,2.6666666666666665,2.3,0.22222222222222188,2.667443597731723,1232.0,2.610738255033557,1,0,0,0,2,2,0,0,0,0,0,1,0,0,0,0,0,1,0,0,0,0
428,Jai Gangaajal,Priyanka Chopra Jonas,2016-03-04,Bollywood Hungama News Network,Prakash Jha,promising,train,0,4,1,3.625,2.8905827895848777,0.47871355387816905,0.75,3.6666666666666665,3.625,0.04166666666666652,3.7891138327237477,77.0,2.6127232142857144,0,1,0,0,3,2,1,0,0,0,0,1,0,0,0,0,0,0,0,0,0,0
429,Fan,Shah Rukh Khan,2016-04-15,Taran Adarsh,Maneesh Sharma,proven_positive,train,1,23,1,3.0217391304347827,2.8915633246170005,1.3269776053940743,0.5217391304347826,4.166666666666667,4.1,1.1449275362318843,3.303753119228211,539.0,2.61358574610245,0,0,0,1,4,2,1,0,0,0,0,1,0,0,0,0,0,0,0,0,0,0
430,Azhar,Emraan Hashmi,2016-05-12,Bollywood Hungama News Network,Tony D'souza,proven_weak,train,1,21,1,2.5714285714285716,2.621834690208981,0.9910312089651149,0.3333333333333333,2.1666666666666665,2.4,-0.4047619047619051,2.8803191080103505,335.0,2.6155555555555554,0,0,1,0,5,1,0,0,1,0,0,0,0,0,0,0,0,0,0,0,0,0
431,Housefull 3,Akshay Kumar,2016-06-03,Bollywood Hungama News Network,"Sajid Samji, Farhad Samji",unproven,train,0,0,0,2.6186252771618626,2.6938462579445552,0.8944271909999159,0.33642691415313225,2.6186252771618626,2.6186252771618626,0.0,2.6186252771618626,223.0,2.6186252771618626,1,0,0,0,6,1,0,0,0,1,0,0,0,0,0,0,0,0,0,0,0,0
432,TE3N,Amitabh Bachchan,2016-06-08,Bollywood Hungama News Network,Ribhu Dasgupta,proven_weak,train,0,26,1,2.8653846153846154,2.805061624662023,1.0635571663779273,0.4230769230769231,2.8333333333333335,3.4,-0.03205128205128194,3.201620252974208,153.0,2.6194690265486726,0,0,1,0,6,1,0,0,0,0,0,0,0,0,0,0,0,0,0,0,1,0
433,Udta Punjab,Shahid Kapoor,2016-06-17,Bollywood Hungama News Network,Abhishek Chaubey,proven_weak,train,0,17,1,2.6470588235294117,2.6719723047959127,0.6792621429341764,0.23529411764705882,2.1666666666666665,2.7,-0.48039215686274517,2.9591792737458134,239.0,2.619205298013245,0,0,1,0,6,2,1,0,0,0,1,0,0,0,0,0,0,0,0,0,0,0
434,Raman Raghav 2.0,Nawazuddin Siddiqui,2016-06-24,Bollywood Hungama News Network,Anurag Kashyap,unproven,train,0,2,1,2.75,2.7064416244330456,0.3535533905932738,0.0,2.75,2.75,0.0,2.7949434781507927,308.0,2.6200440528634363,1,0,0,0,6,1,0,0,0,0,0,1,0,0,0,0,0,0,0,0,0,0
435,Great Grand Masti,Aftab Shivdasani,2016-07-14,Bollywood Hungama News Network,Indra Kumar,unproven,train,0,8,1,1.75,2.3687971174921,0.7559289460184544,0.0,1.5,1.7,-0.25,2.1299788748543116,2673.0,2.61978021978022,1,0,0,0,7,2,0,1,0,1,0,0,0,0,0,0,0,0,0,0,0,0
436,Madaari,Irrfan Khan,2016-07-21,Bollywood Hungama News Network,Nishikant Kamat,unproven,train,0,14,1,2.5714285714285716,2.6376341956321654,0.9777750027710649,0.2857142857142857,3.5,3.6,0.9285714285714284,2.8771790797052623,286.0,2.6184210526315788,1,0,0,0,7,1,0,0,0,0,0,0,0,0,0,0,0,0,0,0,1,0
437,Dishoom,John Abraham,2016-07-29,Bollywood Hungama News Network,Rohit Dhawan,unproven,train,1,14,1,2.857142857142857,2.775511685458681,0.9693092589882961,0.42857142857142855,3.8333333333333335,3.7,0.9761904761904763,3.2308008653144986,329.0,2.6181619256017505,1,0,0,0,7,1,1,0,0,0,0,0,0,0,0,0,0,0,0,0,0,0
438,Budhia Singh - Born To Run,Manoj Bajpayee,2016-08-05,Bollywood Hungama News Network,Soumendra Padhi,unproven,train,0,10,1,2.55,2.64015256134325,1.1167910378500636,0.4,3.5,2.8,0.9500000000000002,2.760048319169535,163.0,2.6200873362445414,1,0,0,0,8,0,0,0,0,0,0,0,0,0,0,0,0,0,0,0,0,0
439,The Legend of Michael Mishra,Arshad Warsi,2016-08-05,Bollywood Hungama News Network,Manish Jha,unproven,train,0,5,1,2.3,2.6001907016790624,0.9082951062292475,0.2,2.8333333333333335,2.3,0.5333333333333337,2.5115945047332047,399.0,2.6200873362445414,1,0,0,0,8,1,0,0,0,1,0,0,0,0,0,0,0,0,0,0,0,0
440,Rustom,Akshay Kumar,2016-08-11,Bollywood Hungama News Network,Tinu Suresh Desai,unproven,train,0,1,1,3.0,2.7161783474545595,0.8837151016885368,0.0,3.0,3.0,0.0,2.9987660271859635,69.0,2.617391304347826,1,0,0,0,8,2,0,0,0,0,0,0,0,0,0,0,1,0,0,0,1,0
441,Mohenjo Daro,Hrithik Roshan,2016-08-12,Bollywood Hungama News Network,Ashutosh Gowariker,proven_weak,train,0,15,1,3.0,2.848628451975765,1.267731382092775,0.5333333333333333,3.8333333333333335,3.7,0.8333333333333335,3.319856592046494,680.0,2.6182212581344904,0,0,1,0,8,2,0,0,0,0,0,1,0,0,0,0,0,0,0,0,0,1
442,Akira,Sonakshi Sinha,2016-09-02,Bollywood Hungama News Network,A. R. Murugadoss,promising,train,0,1,1,4.0,2.778041458867603,0.879655068729725,1.0,4.0,4.0,0.0,4.121923151606529,1157.0,2.617965367965368,0,1,0,0,9,1,1,0,0,0,0,0,0,0,0,0,0,0,0,0,0,0
443,Baar Baar Dekho,Sidharth Malhotra,2016-09-09,Bollywood Hungama News Network,Nitya Mehra,promising,train,0,1,1,4.0,2.757661024084994,0.8837151016885368,1.0,4.0,4.0,0.0,4.053216035400094,807.0,2.6166306695464363,0,1,0,0,9,1,0,0,0,1,0,0,0,0,0,0,0,0,0,0,0,0
444,Freaky Ali,Nawazuddin Siddiqui,2016-09-09,Bollywood Hungama News Network,Sohail Khan,unproven,train,0,3,1,2.6666666666666665,2.6734764658533283,0.2886751345948129,0.0,2.6666666666666665,2.6666666666666665,0.0,2.6932156021168616,77.0,2.6166306695464363,1,0,0,0,9,1,0,0,0,0,0,1,0,0,0,0,0,0,0,0,0,0
445,Pink,Amitabh Bachchan,2016-09-13,Bollywood Hungama News Network,Aniruddha Roy Chowdhury,proven_weak,train,1,27,1,2.8518518518518516,2.7795748000655047,1.04527154012371,0.4074074074074074,2.8333333333333335,2.9,-0.018518518518518157,3.17014378575385,97.0,2.6139784946236557,0,0,1,0,9,2,0,0,0,0,0,1,0,0,0,0,0,1,0,0,0,0
446,Raaz Reboot,Emraan Hashmi,2016-09-16,Bollywood Hungama News Network,Vikram Bhatt,proven_weak,train,1,22,1,2.6363636363636362,2.642040889008011,1.013971660421793,0.36363636363636365,2.8333333333333335,2.8,0.19696969696969724,2.9326109281538955,127.0,2.616952789699571,0,0,1,0,9,1,0,0,0,0,0,0,0,1,0,0,0,0,0,0,0,0
447,Banjo,Riteish Deshmukh,2016-09-28,Bollywood Hungama News Network,Ravi Jadhav,unproven,train,0,12,1,2.2916666666666665,2.4913984172289485,0.8106768589869638,0.16666666666666666,1.5,2.3,-0.7916666666666665,2.5596855366986953,250.0,2.6188436830835116,1,0,0,0,9,1,0,0,0,0,0,0,0,0,1,0,0,0,0,0,0,0
448,Saat Uchhakkey,Manoj Bajpayee,2016-10-14,Bollywood Hungama News Network,Sanjeev Sharma,unproven,train,0,11,1,2.5454545454545454,2.6052060615242216,1.059588256223743,0.36363636363636365,3.1666666666666665,2.8,0.6212121212121211,2.7317048420214696,70.0,2.6153846153846154,1,0,0,0,10,1,0,0,0,1,0,0,0,0,0,0,0,0,0,0,0,0
449,Ae Dil Hai Mushkil,Ranbir Kapoor,2016-10-28,Bollywood Hungama News Network,Karan Johar,promising,train,1,5,1,3.9,2.9617061210882083,0.22360679774997896,1.0,3.8333333333333335,3.9,-0.06666666666666643,4.086989320020944,623.0,2.615138592750533,0,1,0,0,10,1,0,0,0,0,0,1,0,0,0,0,0,0,0,0,0,0
450,Shivaay,Ajay Devgn,2016-10-28,Bollywood Hungama News Network,Ajay Devgn,proven_weak,train,1,34,1,2.8676470588235294,2.8006963759543706,1.024760308481731,0.4411764705882353,3.3333333333333335,3.1,0.46568627450980404,3.1779610393586037,457.0,2.615138592750533,0,0,1,0,10,2,1,0,0,0,0,1,0,0,0,0,0,0,0,0,0,0
451,Force 2,John Abraham,2016-11-17,Bollywood Hungama News Network,Abhinay Deo,proven_weak,train,0,15,1,2.9,2.7748482897134155,0.9486832980505139,0.4666666666666667,3.6666666666666665,3.8,0.7666666666666666,3.2505430858467705,111.0,2.6199575371549892,0,0,1,0,11,2,1,0,0,0,0,0,0,0,0,0,0,0,0,0,1,0
452,Dear Zindagi,Shah Rukh Khan,2016-11-25,Bollywood Hungama News Network,Gauri Shinde,proven_positive,train,0,24,1,3.0416666666666665,2.8909611983302748,1.3014763077790332,0.5416666666666666,4.0,3.9,0.9583333333333335,3.319107038355658,224.0,2.6207627118644066,0,0,0,1,11,1,0,0,0,0,0,1,0,0,0,0,0,0,0,0,0,0
453,Kahaani 2,Vidya Balan,2016-12-02,Bollywood Hungama News Network,Sujoy Ghosh,unproven,train,1,2,1,3.0,2.6906130304405536,1.4142135623730951,0.5,3.0,3.0,0.0,3.164984510508049,882.0,2.620507399577167,1,0,0,0,12,2,0,0,0,0,0,1,0,0,0,0,0,0,0,0,1,0
454,Kaabil,Hrithik Roshan,2017-01-24,Taran Adarsh,Sanjay Gupta,proven_weak,train,1,16,1,2.96875,2.8159603014056893,1.231107225224513,0.5,3.5,3.6,0.53125,3.2727571661074104,165.0,2.6223628691983123,0,0,1,0,1,2,1,0,0,0,0,0,0,0,0,0,0,0,0,0,1,0
455,Raees,Shah Rukh Khan,2017-01-24,Taran Adarsh,Rahul Dholakia,proven_positive,train,1,25,1,3.02,2.882369233589409,1.2786711852544421,0.52,3.5,3.7,0.48,3.287942914155338,60.0,2.6223628691983123,0,0,0,1,1,2,0,0,0,0,1,1,0,0,0,0,0,0,0,0,0,0
456,Jolly LLB 2,Akshay Kumar,2017-02-10,Bollywood Hungama News Network,Subhash Kapoor,unproven,train,1,2,1,3.0,2.695696548453306,0.0,0.0,3.0,3.0,0.0,3.0101429697493574,183.0,2.6281512605042017,1,0,0,0,2,2,0,0,0,1,0,1,0,0,0,0,0,0,0,0,0,0
457,Rangoon,Kangana Ranaut,2017-02-23,Taran Adarsh,Vishal Bhardwaj,unproven,train,1,2,1,2.75,2.6694817146937155,0.3535533905932738,0.0,2.75,2.75,0.0,3.0177148117680463,1196.0,2.629979035639413,1,0,0,0,2,3,1,0,0,0,0,1,0,0,0,0,1,0,0,0,0,0
458,Naam Shabana,Taapsee Pannu,2017-03-29,Bollywood Hungama News Network,Shivam Nair,unproven,train,0,0,0,2.6328451882845187,2.667803914334037,0.8890711463442263,0.3384279475982533,2.6328451882845187,2.6328451882845187,0.0,2.6328451882845187,224.0,2.6328451882845187,1,0,0,0,3,2,1,0,0,0,0,0,0,0,0,0,0,0,0,0,1,0
459,Begum Jaan,Vidya Balan,2017-04-13,Taran Adarsh,Srijit Mukherjee,promising,train,0,3,1,3.1666666666666665,2.7568377079083755,1.0408329997330663,0.6666666666666666,3.1666666666666665,3.1666666666666665,0.0,3.289760631784497,132.0,2.6336116910229643,0,1,0,0,4,1,0,0,0,0,0,1,0,0,0,0,0,0,0,0,0,0
460,Noor,Sonakshi Sinha,2017-04-21,Bollywood Hungama News Network,Sunhil Sippy,unproven,train,0,2,1,3.0,2.7123400511770783,1.4142135623730951,0.5,3.0,3.0,0.0,3.0773712078378965,231.0,2.634375,1,0,0,0,4,2,0,0,0,0,0,1,0,0,0,0,0,1,0,0,0,0
461,Sarkar 3,Amitabh Bachchan,2017-05-12,Bollywood Hungama News Network,Ram Gopal Varma,proven_weak,train,0,28,1,2.892857142857143,2.816506531860705,1.0484304217287619,0.42857142857142855,3.0,3.0,0.1071428571428572,3.2209381482026918,241.0,2.635135135135135,0,0,1,0,5,1,0,0,0,0,0,1,0,0,0,0,0,0,0,0,0,0
462,Hindi Medium,Irrfan Khan,2017-05-17,Bollywood Hungama News Network,Saket Chaudhary,proven_weak,train,1,15,1,2.566666666666667,2.619998495198856,0.942388050696335,0.26666666666666666,3.0,3.4,0.4333333333333331,2.8674301824792248,300.0,2.633817427385892,0,0,1,0,5,2,0,0,0,1,0,1,0,0,0,0,0,0,0,0,0,0
463,Behen Hogi Teri,Rajkummar Rao,2017-06-09,Bollywood Hungama News Network,Ajay K Pannalal,promising,train,0,4,1,3.75,2.901502383236716,0.28867513459481287,1.0,3.6666666666666665,3.75,-0.08333333333333348,3.8973636670860796,1106.0,2.6366459627329193,0,1,0,0,6,1,0,0,0,1,0,0,0,0,0,0,0,0,0,0,0,0
464,Bank Chor,Riteish Deshmukh,2017-06-16,Bollywood Hungama News Network,Bumpy,unproven,train,0,13,1,2.1923076923076925,2.4470301126370724,0.8548504142651103,0.15384615384615385,1.3333333333333333,1.8,-0.8589743589743593,2.456196621612296,261.0,2.635330578512397,1,0,0,0,6,1,0,0,0,1,0,0,0,0,0,0,0,0,0,0,0,0
465,Tubelight,Salman Khan,2017-06-23,Bollywood Hungama News Network,Kabir Khan,proven_positive,train,0,30,1,3.05,2.9222458014130632,1.2481020073253848,0.5,4.5,4.4,1.4500000000000002,3.3494036507839327,589.0,2.6329896907216495,0,0,0,1,6,2,0,0,0,0,0,1,1,0,0,0,0,0,0,0,0,0
466,Jagga Jasoos,Ranbir Kapoor,2017-07-14,Bollywood Hungama News Network,Anurag Basu,promising,train,0,6,1,3.9166666666666665,3.0233452942983785,0.2041241452319315,1.0,3.8333333333333335,3.9,-0.08333333333333304,4.0890397500652735,259.0,2.6316872427983538,0,1,0,0,7,2,0,0,0,1,0,0,0,0,0,0,0,0,0,0,1,0
467,Mubarakan,Arjun Kapoor,2017-07-28,Bollywood Hungama News Network,Anees Bazmee,unproven,train,0,1,1,3.0,2.681429072626804,0.879655068729725,0.0,3.0,3.0,0.0,3.0522651437371664,1052.0,2.6303901437371664,1,0,0,0,7,1,0,0,0,1,0,0,0,0,0,0,0,0,0,0,0,0
468,Toilet - Ek Prem Katha,Akshay Kumar,2017-08-11,Bollywood Hungama News Network,Shree Narayan Singh,promising,train,0,3,1,3.1666666666666665,2.7446036201127146,0.2886751345948129,0.3333333333333333,3.1666666666666665,3.1666666666666665,0.0,3.1764249269789766,182.0,2.6311475409836067,0,1,0,0,8,2,0,0,0,1,0,1,0,0,0,0,0,0,0,0,0,0
469,Babumoshai Bandookbaaz,Nawazuddin Siddiqui,2017-08-24,Bollywood Hungama News Network,Kushan Nandy,unproven,train,0,4,1,2.5,2.6257666994572864,0.408248290463863,0.0,2.3333333333333335,2.5,-0.16666666666666652,2.5351828725320074,349.0,2.6319018404907975,1,0,0,0,8,2,1,0,0,0,0,1,0,0,0,0,0,0,0,0,0,0
470,Baadshaho,Ajay Devgn,2017-09-01,Bollywood Hungama News Network,Milan Luthria,proven_weak,train,1,35,1,2.8857142857142857,2.8171530479214284,1.0152203056024653,0.45714285714285713,3.1666666666666665,3.0,0.28095238095238084,3.2026358046672123,308.0,2.630612244897959,0,0,1,0,9,2,1,0,0,0,0,0,0,0,0,0,0,0,0,0,1,0
471,Daddy,Arjun Rampal,2017-09-08,Bollywood Hungama News Network,Ashim Ahluwalia,unproven,train,0,10,1,1.8,2.3145239276564333,0.8563488385776752,0.1,2.6666666666666665,2.3,0.8666666666666665,2.1692730261996482,1694.0,2.6323828920570267,1,0,0,0,9,1,0,0,0,0,0,1,0,0,0,0,0,0,0,0,0,0
472,Poster Boys,Sunny Deol,2017-09-08,Bollywood Hungama News Network,Shreyas Talpade,proven_weak,train,0,15,1,2.2333333333333334,2.4454366063803614,0.8837151016885368,0.2,2.3333333333333335,2.4,0.10000000000000009,2.5950714275859377,1260.0,2.6323828920570267,0,0,1,0,9,2,0,0,0,1,0,1,0,0,0,0,0,0,0,0,0,0
473,Simran,Kangana Ranaut,2017-09-15,Bollywood Hungama News Network,Hansal Mehta,promising,train,0,3,1,3.1666666666666665,2.7435663029184827,0.7637626158259733,0.3333333333333333,3.1666666666666665,3.1666666666666665,0.0,3.3470100139909413,204.0,2.63184584178499,0,1,0,0,9,1,0,0,0,0,0,1,0,0,0,0,0,0,0,0,0,0
474,Newton,Rajkummar Rao,2017-09-21,Bollywood Hungama News Network,Amit Masurkar,promising,train,0,5,1,3.4,2.84155009815855,0.8215838362577492,0.8,3.1666666666666665,3.4,-0.2333333333333334,3.512823918304366,104.0,2.6315789473684212,0,1,0,0,9,2,0,0,0,0,0,1,0,0,0,0,0,1,0,0,0,0
475,Bhoomi,Sanjay Dutt,2017-09-22,Bollywood Hungama News Network,Omung Kumar,proven_weak,train,0,19,1,2.4210526315789473,2.5222509964136646,1.0173926082384546,0.21052631578947367,2.6666666666666665,2.9,0.24561403508771917,2.6515548631144332,1540.0,2.6303030303030304,0,0,1,0,9,1,0,0,0,0,0,1,0,0,0,0,0,0,0,0,0,0
476,Judwaa 2,Varun Dhawan,2017-09-29,Bollywood Hungama News Network,David Dhawan,promising,train,1,1,1,3.5,2.70411077499382,0.8755950357709131,1.0,3.5,3.5,0.0,3.5430202180826895,953.0,2.631048387096774,0,1,0,0,9,2,1,0,0,1,0,0,0,0,0,0,0,0,0,0,0,0
477,Chef,Saif Ali Khan,2017-10-05,Bollywood Hungama News Network,Raja Krishna Menon,proven_positive,train,1,16,1,3.1875,2.9279281419322944,0.8139410298049853,0.5,3.5,3.3,0.3125,3.4811123840598084,770.0,2.632796780684105,0,0,0,1,10,1,0,0,0,0,0,1,0,0,0,0,0,0,0,0,0,0
478,Golmaal Again,Ajay Devgn,2017-10-20,Bollywood Hungama News Network,Rohit Shetty,proven_weak,train,1,36,1,2.9027777777777777,2.829039722386341,1.0058361443129538,0.4722222222222222,3.6666666666666665,3.4,0.7638888888888888,3.2158258449809742,49.0,2.6355421686746987,0,0,1,0,10,2,0,0,0,1,0,0,0,1,0,0,0,0,0,0,0,0
479,Ittefaq,Sidharth Malhotra,2017-11-03,Bollywood Hungama News Network,Abhay Chopra,unproven,train,0,2,1,3.0,2.693304545278067,1.4142135623730951,0.5,3.0,3.0,0.0,3.0472518972518072,420.0,2.6372745490981964,1,0,0,0,11,1,0,0,0,0,0,0,0,0,0,0,0,0,0,0,1,0
480,Qarib Qarib Singlle,Irrfan Khan,2017-11-09,Bollywood Hungama News Network,Tanuja Chandra,proven_weak,train,0,16,1,2.65625,2.6509611061614105,0.9784128303873916,0.3125,3.1666666666666665,3.4,0.5104166666666665,2.9403983686883812,176.0,2.636,0,0,1,0,11,1,0,0,0,0,0,1,0,0,0,0,0,0,0,0,0,0
481,Shaadi Mein Zaroor Aana,Rajkummar Rao,2017-11-09,Bollywood Hungama News Network,Ratnaa Sinha,promising,train,0,6,1,3.1666666666666665,2.7942759186192254,0.9309493362512627,0.6666666666666666,2.5,3.0,-0.6666666666666665,3.26510765121855,49.0,2.636,0,1,0,0,11,2,0,0,0,1,0,1,0,0,0,0,0,0,0,0,0,0
482,Tumhari Sulu,Vidya Balan,2017-11-17,Bollywood Hungama News Network,Suresh Triveni,promising,train,1,4,1,3.125,2.7438450621508452,0.8539125638299665,0.5,2.8333333333333335,3.125,-0.2916666666666665,3.219166950146086,218.0,2.635458167330677,0,1,0,0,11,2,0,0,0,1,0,1,0,0,0,0,0,0,0,0,0,0
483,Tiger Zinda Hai,Salman Khan,2017-12-22,Bollywood Hungama News Network,Ali Abbas Zafar,proven_positive,train,1,31,1,3.0161290322580645,2.8947172250234527,1.2415304464500116,0.4838709677419355,3.6666666666666665,4.0,0.650537634408602,3.310061748406776,182.0,2.637176938369781,0,0,0,1,12,2,1,0,0,0,0,0,0,0,0,0,0,0,0,0,1,0
484,Kaalakaandi,Saif Ali Khan,2018-01-12,Bollywood Hungama News Network,Akshat Verma,proven_positive,train,0,17,1,3.235294117647059,2.958493487378214,0.8123585849784782,0.5294117647058824,3.5,3.6,0.2647058823529411,3.5197114201863777,99.0,2.640873015873016,0,0,0,1,1,3,0,0,0,1,0,1,0,0,0,0,0,0,0,0,1,0
485,Padmaavat,Deepika Padukone,2018-01-23,Taran Adarsh,Sanjay Leela Bhansali,unproven,train,1,1,1,2.5,2.6338139981189643,0.8817566074450853,0.0,2.5,2.5,0.0,2.8279826321502584,2888.0,2.6386138613861387,1,0,0,0,1,2,0,0,0,0,0,1,0,0,0,0,0,0,0,0,0,1
486,Pad Man,Akshay Kumar,2018-02-08,Bollywood Hungama News Network,R. Balki,promising,train,1,4,1,3.125,2.761061731898613,0.25,0.25,3.1666666666666665,3.125,0.04166666666666652,3.143463644369203,181.0,2.642292490118577,0,1,0,0,2,2,0,0,0,0,0,1,0,0,0,0,0,1,0,0,0,0
487,Aiyaary,Sidharth Malhotra,2018-02-16,Bollywood Hungama News Network,Neeraj Pandey,unproven,train,0,3,1,2.6666666666666665,2.667556887216857,1.1547005383792515,0.3333333333333333,2.6666666666666665,2.6666666666666665,0.0,2.705863796604192,105.0,2.6449704142011834,1,0,0,0,2,3,1,0,0,0,0,1,0,0,0,0,0,0,0,0,1,0
488,Welcome To New York,Sonakshi Sinha,2018-02-23,Bollywood Hungama News Network,Chakri Toleti,unproven,train,0,3,1,3.0,2.720157360030096,1.0,0.3333333333333333,3.0,3.0,0.0,3.0609065926268393,308.0,2.643700787401575,1,0,0,0,2,1,0,0,0,1,0,0,0,0,0,0,0,0,0,0,0,0
489,Dil Juunglee,Taapsee Pannu,2018-03-09,Bollywood Hungama News Network,Aleya Sen,unproven,train,0,1,1,3.0,2.6801903279061983,0.8879181791192574,0.0,3.0,3.0,0.0,3.0095909610278584,345.0,2.642436149312377,1,0,0,0,3,1,0,0,0,1,0,0,0,0,0,0,0,0,0,0,0,0
490,Raid,Ajay Devgn,2018-03-15,Bollywood Hungama News Network,Rajkumar Gupta,proven_weak,train,1,37,1,2.918918918918919,2.8393016066225294,0.996615895540124,0.4864864864864865,3.5,3.3,0.5810810810810811,3.22816013730573,146.0,2.6401960784313725,0,0,1,0,3,2,0,0,0,0,1,0,0,0,0,0,0,0,0,0,1,0
491,Hichki,Rani Mukerji,2018-03-23,Bollywood Hungama News Network,Siddharth P. Malhotra,promising,train,0,2,1,3.25,2.714868421924239,0.3535533905932738,0.5,3.25,3.25,0.0,3.371172909216387,1309.0,2.642857142857143,0,1,0,0,3,3,0,0,0,1,0,1,0,0,0,0,0,1,0,0,0,0
492,Blackmail,Irrfan Khan,2018-04-04,Bollywood Hungama News Network,Abhinay Deo,proven_weak,train,1,17,1,2.676470588235294,2.6601927321259753,0.951005659660279,0.29411764705882354,3.1666666666666665,3.2,0.4901960784313726,2.951459034500829,146.0,2.6435546875,0,0,1,0,4,1,0,0,0,1,0,0,0,0,0,0,0,0,0,0,0,0
493,102 Not Out,Amitabh Bachchan,2018-05-02,Bollywood Hungama News Network,Umesh Shukla,proven_weak,train,1,29,1,2.8620689655172415,2.787491687763026,1.0428031567104696,0.41379310344827586,2.8333333333333335,2.9,-0.028735632183908066,3.1899005280216484,355.0,2.646198830409357,0,0,1,0,5,3,0,0,0,1,0,1,1,0,0,0,0,0,0,0,0,0
494,Omerta,Rajkummar Rao,2018-05-04,Bollywood Hungama News Network,Hansal Mehta,unproven,train,0,7,1,3.0,2.7571100346336355,0.9574271077563381,0.5714285714285714,2.0,2.7,-1.0,3.0962379089377454,176.0,2.6478599221789882,1,0,0,0,5,4,1,0,0,0,1,1,0,0,0,0,0,0,0,0,1,0
495,Parmanu - The Story Of Pokhran,John Abraham,2018-05-24,Bollywood Hungama News Network,Abhishek Sharma,proven_weak,train,1,16,1,2.90625,2.7779524885457647,0.9168560410446124,0.4375,3.3333333333333335,3.6,0.4270833333333335,3.2615285475739313,553.0,2.646601941747573,0,0,1,0,5,4,1,0,0,0,0,1,0,0,0,1,0,0,0,0,0,1
496,Veere Di Wedding,Kareena Kapoor Khan,2018-06-01,Bollywood Hungama News Network,Shashanka Ghosh,unproven,train,1,1,1,1.5,2.5704796181781946,0.8911726850595867,0.0,1.5,1.5,0.0,2.0257558139534884,4410.0,2.6482558139534884,1,0,0,0,6,2,0,0,0,1,0,1,0,0,0,0,0,0,0,0,0,0
497,Race 3,Salman Khan,2018-06-15,Bollywood Hungama News Network,Remo DSouza,proven_positive,train,0,32,1,3.0625,2.935038783553645,1.2491932880734438,0.5,3.6666666666666665,4.0,0.6041666666666665,3.3599736686004436,175.0,2.6499032882011604,0,0,0,1,6,2,1,0,0,0,0,0,0,0,0,0,0,0,0,1,0,0
498,Karwaan,Irrfan Khan,2018-08-02,Bollywood Hungama News Network,Akarsh Khurana,proven_weak,train,0,18,1,2.75,2.7101983999513526,0.9739247464587322,0.3333333333333333,3.6666666666666665,3.3,0.9166666666666665,3.014805271510543,120.0,2.6486486486486487,0,0,1,0,8,1,0,0,0,0,0,1,0,0,0,0,0,0,0,0,0,0
499,Mulk,Taapsee Pannu,2018-08-02,Bollywood Hungama News Network,Anubhav Sinha,unproven,train,1,2,1,2.25,2.6139145410820372,1.0606601717798212,0.0,2.25,2.25,0.0,2.2610079798502007,146.0,2.6486486486486487,1,0,0,0,8,6,1,0,0,0,1,1,1,0,0,1,0,1,0,0,0,0
500,Fanney Khan,Anil Kapoor,2018-08-03,Bollywood Hungama News Network,Atul Manjrekar,unproven,train,1,11,1,2.090909090909091,2.4252664591337068,1.136181803634036,0.18181818181818182,2.0,2.5,-0.09090909090909083,2.4062060943050003,2793.0,2.6490384615384617,1,0,0,0,8,2,0,0,0,0,0,1,1,0,0,0,0,0,0,0,0,0
501,Gold,Akshay Kumar,2018-08-14,Bollywood Hungama News Network,Reema Kagti,promising,train,1,5,1,3.3,2.8297201879763336,0.4472135954999579,0.4,3.5,3.3,0.20000000000000018,3.323150210405576,187.0,2.650671785028791,0,1,0,0,8,2,0,0,1,0,0,0,0,0,0,0,0,0,1,0,0,0
502,Satyameva Jayate,John Abraham,2018-08-14,Bollywood Hungama News Network,Milap Zaveri,proven_weak,train,1,17,1,2.9411764705882355,2.8154501174852085,0.8993461677306268,0.47058823529411764,3.3333333333333335,3.5,0.392156862745098,3.2796261233508,82.0,2.650671785028791,0,0,1,0,8,2,1,0,0,0,0,0,0,0,0,1,0,0,0,0,0,0
503,Happy Phirr Bhag Jayegi,Sonakshi Sinha,2018-08-24,Bollywood Hungama News Network,Mudassar Aziz,unproven,train,0,4,1,2.75,2.6921269088901796,0.9574271077563381,0.25,2.3333333333333335,2.75,-0.4166666666666665,2.8078108970303135,182.0,2.655831739961759,1,0,0,0,8,1,0,0,0,1,0,0,0,0,0,0,0,0,0,0,0,0
504,Paltan,Arjun Rampal,2018-09-07,Bollywood Hungama News Network,J P Dutta,unproven,train,0,11,1,1.8181818181818181,2.314091104450843,0.8146387933534492,0.09090909090909091,2.8333333333333335,2.3,1.0151515151515154,2.1779902268337015,364.0,2.6564885496183206,1,0,0,0,9,1,0,0,0,0,0,1,0,0,0,0,0,0,0,0,0,0
505,Manmarziyaan,Taapsee Pannu,2018-09-13,Bollywood Hungama News Network,Anurag Kashyap,unproven,train,0,3,1,2.6666666666666665,2.676916787666906,1.0408329997330663,0.3333333333333333,2.6666666666666665,2.6666666666666665,0.0,2.681547147441961,42.0,2.656190476190476,1,0,0,0,9,2,0,0,0,0,0,1,0,0,0,0,1,0,0,0,0,0
506,Batti Gul Meter Chalu,Shahid Kapoor,2018-09-21,Bollywood Hungama News Network,Shree Narayan Singh,proven_weak,train,0,18,1,2.6666666666666665,2.673063573414702,0.6642111641550714,0.2222222222222222,2.6666666666666665,2.6,0.0,2.999085900321679,826.0,2.656844106463878,0,0,1,0,9,2,0,0,0,0,0,1,0,0,0,0,0,1,0,0,0,0
507,Manto,Nawazuddin Siddiqui,2018-09-21,Bollywood Hungama News Network,Nandita Das,unproven,train,0,5,1,2.4,2.6105548961342584,0.4183300132670378,0.0,2.1666666666666665,2.4,-0.2333333333333334,2.4530885639986866,393.0,2.656844106463878,1,0,0,0,9,3,0,0,1,0,0,1,0,0,0,0,0,0,0,0,0,1
508,FryDay,Govinda,2018-10-12,Bollywood Hungama News Network,Abhishek Dogra,proven_weak,train,0,16,1,1.71875,2.182865312464612,0.729583214353693,0.0625,2.0,1.7,0.28125,1.8874161623232442,2534.0,2.6553030303030303,0,0,1,0,10,1,0,0,0,1,0,0,0,0,0,0,0,0,0,0,0,0
509,Baazaar,Saif Ali Khan,2018-10-25,Bollywood Hungama News Network,Gauravv K Chawla,proven_positive,train,0,18,1,3.138888888888889,2.929802771435354,0.8879181791192574,0.5,3.0,3.2,-0.13888888888888884,3.421641666098849,286.0,2.6550094517958414,0,0,0,1,10,2,0,0,0,0,1,1,0,0,0,0,0,0,0,0,0,0
510,Thugs Of Hindostan,Amitabh Bachchan,2018-11-08,Taran Adarsh,Vijay Krishna Acharya,proven_weak,train,0,30,1,2.8833333333333333,2.814950218690932,1.0312641500248307,0.43333333333333335,3.1666666666666665,2.9,0.2833333333333332,3.2087553278103123,190.0,2.6547169811320757,0,0,1,0,11,2,1,0,0,0,0,1,0,0,0,0,0,0,0,0,0,0
511,Mohalla Assi,Sunny Deol,2018-11-15,Bollywood Hungama News Network,Dr Chandrakprakash Dwivedi,proven_weak,train,0,16,1,2.28125,2.4730214778150192,0.875,0.1875,2.6666666666666665,2.7,0.3854166666666665,2.6414805637718333,433.0,2.6534839924670433,0,0,1,0,11,1,0,0,0,0,0,1,0,0,0,0,0,0,0,0,0,0
512,Bhaiaji Superhittt,Sunny Deol,2018-11-23,Bollywood Hungama News Network,Neeraj Pathak,proven_weak,train,0,17,1,2.235294117647059,2.442156220040684,0.8681454201850259,0.17647058823529413,2.0,2.3,-0.23529411764705888,2.572166445262484,8.0,2.651315789473684,0,0,1,0,11,2,1,0,0,1,0,0,0,0,0,0,0,0,0,0,0,0
513,Zero,Shah Rukh Khan,2018-12-21,Taran Adarsh,Aanand. L. Rai,proven_positive,train,0,26,1,3.0576923076923075,2.917950290525765,1.2674929828359844,0.5384615384615384,3.3333333333333335,3.7,0.275641025641026,3.342122578277505,696.0,2.649155722326454,0,0,0,1,12,2,0,0,0,1,0,0,0,0,0,0,1,0,0,0,0,0
514,The Accidental Prime Minister,Anupam Kher,2019-01-11,Bollywood Hungama News Network,Vijay Ratnakar Gutte,unproven,train,0,2,1,1.5,2.5363264395841862,0.7071067811865476,0.0,1.5,1.5,0.0,1.9011068722717894,2996.0,2.647003745318352,1,0,0,0,1,2,0,0,1,0,0,1,0,0,0,0,0,0,0,0,0,0
515,Fraud Saiyaan,Arshad Warsi,2019-01-18,Bollywood Hungama News Network,Sourabh Shrivastava,unproven,train,0,6,1,2.1666666666666665,2.53194004582347,0.8755950357709131,0.16666666666666666,2.1666666666666665,2.4,0.0,2.368702476889827,896.0,2.6457943925233645,1,0,0,0,1,1,0,0,0,1,0,0,0,0,0,0,0,0,0,0,0,0
516,Manikarnika - The Queen Of Jhansi,Kangana Ranaut,2019-01-24,Bollywood Hungama News Network,"Kangana Ranaut, Krish",unproven,train,1,4,1,3.0,2.744228727658671,0.7071067811865476,0.25,3.0,3.0,0.0,3.1470683851261265,496.0,2.6436567164179103,1,0,0,0,1,2,0,0,0,0,0,0,0,0,0,0,0,0,0,0,0,1
517,Thackeray,Nawazuddin Siddiqui,2019-01-25,Bollywood Hungama News Network,Abhijit Panse,unproven,train,1,6,1,2.25,2.5558219390062753,0.5244044240850758,0.0,1.8333333333333333,2.1,-0.41666666666666674,2.282647760183072,126.0,2.6452513966480447,1,0,0,0,1,2,0,0,1,0,0,1,0,0,0,0,0,0,0,0,0,0
518,Ek Ladki Ko Dekha Toh Aisa Laga,Anil Kapoor,2019-02-01,Bollywood Hungama News Network,Shelly Chopra Dhar,unproven,train,0,12,1,2.2083333333333335,2.4714537629848423,1.1571582223339862,0.25,2.6666666666666665,2.4,0.45833333333333304,2.4951572736066736,182.0,2.646840148698885,1,0,0,0,2,2,0,0,0,0,0,1,0,0,0,0,1,0,0,0,0,0
519,Total Dhamaal,Ajay Devgn,2019-02-22,Bollywood Hungama News Network,Indra Kumar,proven_weak,train,0,38,1,2.9473684210526314,2.872385131950744,0.9985765117338924,0.5,3.6666666666666665,3.7,0.7192982456140351,3.254843352204706,344.0,2.646567717996289,0,0,1,0,2,2,0,0,0,1,0,1,0,0,0,0,0,0,0,0,0,0
520,Badla,Taapsee Pannu,2019-03-08,Bollywood Hungama News Network,Sujoy Ghosh,unproven,train,0,4,1,2.75,2.696460581088439,0.8660254037844386,0.25,2.6666666666666665,2.75,-0.08333333333333348,2.751266180687291,176.0,2.6462962962962964,1,0,0,0,3,3,1,0,0,0,0,0,0,0,0,0,0,0,0,1,1,0
521,Photograph,Nawazuddin Siddiqui,2019-03-14,Bollywood Hungama News Network,Ritesh Batra,unproven,train,0,7,1,2.4285714285714284,2.602214022158584,0.6725927091345493,0.14285714285714285,2.3333333333333335,2.3,-0.0952380952380949,2.458253918787459,48.0,2.646950092421442,1,0,0,0,3,2,0,0,0,0,0,1,0,0,0,0,1,0,0,0,0,0
522,Romeo Akbar Walter,John Abraham,2019-04-04,Bollywood Hungama News Network,Robby Grewal,proven_weak,train,0,18,1,3.0,2.855503370395489,0.9074852129730301,0.5,3.5,3.5,0.5,3.3147315668115405,233.0,2.6457564575645756,0,0,1,0,4,4,1,0,0,0,0,1,0,0,0,1,0,0,0,0,1,0
523,Kalank,Varun Dhawan,2019-04-17,Bollywood Hungama News Network,Abhishek Varman,promising,train,0,2,1,3.5,2.77734199474242,0.0,1.0,3.5,3.5,0.0,3.5350289410974254,565.0,2.6445672191528544,0,1,0,0,4,3,0,0,0,0,0,1,0,0,0,0,1,0,0,0,0,1
524,De De Pyaar De,Ajay Devgn,2019-05-16,Bollywood Hungama News Network,Akiv Ali,proven_weak,train,1,39,1,2.9358974358974357,2.862134063750667,0.9879503448760069,0.48717948717948717,3.3333333333333335,3.4,0.3974358974358978,3.232303029400755,83.0,2.6433823529411766,0,0,1,0,5,2,0,0,0,1,0,0,0,0,0,0,1,0,0,0,0,0
525,Bharat,Salman Khan,2019-06-05,Bollywood Hungama News Network,Ali Abbas Zafar,proven_positive,train,1,33,1,3.0303030303030303,2.917994367136849,1.243353541959418,0.48484848484848486,2.8333333333333335,3.5,-0.1969696969696968,3.314730616741388,355.0,2.6458715596330276,0,0,0,1,6,2,0,0,0,0,0,1,1,0,0,0,0,0,0,0,0,0
526,Game Over,Taapsee Pannu,2019-06-14,Bollywood Hungama News Network,Ashwin Saravanan,unproven,train,0,5,1,2.8,2.7038762638113374,0.758287544405155,0.2,3.1666666666666665,2.8,0.3666666666666667,2.803984047520936,98.0,2.649267399267399,1,0,0,0,6,1,0,0,0,0,0,0,0,1,0,0,0,0,0,0,0,0
527,Kabir Singh,Shahid Kapoor,2019-06-20,Bollywood Hungama News Network,Sandeep Reddy Vanga,proven_weak,train,1,19,1,2.6842105263157894,2.677499178962864,0.6500112459665917,0.21052631578947367,3.0,2.5,0.3157894736842106,2.9903703431240416,272.0,2.6480804387568555,0,0,1,0,6,2,0,0,0,0,0,1,0,0,0,0,1,0,0,0,0,0
528,Super 30,Hrithik Roshan,2019-07-11,Bollywood Hungama News Network,Vikas Bahl,proven_positive,train,0,17,1,3.0294117647058822,2.861124022664841,1.217972036769704,0.5294117647058824,3.3333333333333335,3.6,0.30392156862745123,3.3437207323935483,898.0,2.6505474452554743,0,0,0,1,7,2,0,0,1,0,0,1,0,0,0,0,0,0,0,0,0,0
529,Judgementall Hai Kya,Kangana Ranaut,2019-07-26,Bollywood Hungama News Network,Prakash Kovelamudi,promising,train,0,5,1,3.1,2.777772362004254,0.6519202405202649,0.4,3.3333333333333335,3.1,0.2333333333333334,3.2251819625390925,183.0,2.651183970856102,0,1,0,0,7,5,1,0,0,0,1,1,0,0,0,0,0,0,0,1,1,0
530,Batla House,John Abraham,2019-08-14,Bollywood Hungama News Network,Nikkhil Advani,proven_weak,train,1,19,1,2.9473684210526314,2.8250037673867325,0.9112679939102143,0.47368421052631576,3.1666666666666665,3.2,0.2192982456140351,3.2515968928119077,132.0,2.651818181818182,0,0,1,0,8,4,1,0,0,0,1,1,0,0,0,0,0,0,0,0,1,0
531,Mission Mangal,Akshay Kumar,2019-08-14,Bollywood Hungama News Network,Jagan Shakti,promising,train,1,6,1,3.4166666666666665,2.8833394329118525,0.4915960401250875,0.5,3.6666666666666665,3.5,0.25,3.4371049054607044,365.0,2.651818181818182,0,1,0,0,8,2,0,0,0,0,0,1,0,0,0,1,0,0,0,0,0,0
532,Prassthanam,Sanjay Dutt,2019-09-20,Bollywood Hungama News Network,Deva Katta,proven_weak,train,0,20,1,2.45,2.5464084635499318,0.998683343734455,0.2,2.1666666666666665,3.0,-0.28333333333333366,2.6971885824093045,728.0,2.658514492753623,0,0,1,0,9,3,0,0,0,0,0,1,1,0,0,0,0,0,0,0,1,0
533,War,Hrithik Roshan,2019-10-02,Bollywood Hungama News Network,Siddharth Anand,proven_positive,train,1,18,1,3.0277777777777777,2.8671956763173494,1.1816267727439826,0.5,3.1666666666666665,3.5,0.13888888888888884,3.3314013798632462,83.0,2.6573236889692584,0,0,0,1,10,2,1,0,0,0,0,0,0,0,0,0,0,0,0,0,1,0
534,The Sky Is Pink,Priyanka Chopra Jonas,2019-10-11,Bollywood Hungama News Network,Shonali Bose,promising,train,0,5,1,3.5,2.88168940194453,0.5,0.6,3.6666666666666665,3.5,0.16666666666666652,3.678315144312056,1316.0,2.6597472924187726,0,1,0,0,10,2,0,0,0,0,0,1,1,0,0,0,0,0,0,0,0,0
535,Laal Kaptaan,Saif Ali Khan,2019-10-18,Bollywood Hungama News Network,Navdeep Singh,proven_positive,train,0,19,1,3.1052631578947367,2.914135192633203,0.8752610304046612,0.47368421052631576,2.6666666666666665,2.9,-0.4385964912280702,3.377584217652001,358.0,2.6594594594594594,0,0,0,1,10,2,1,0,0,0,0,1,0,0,0,0,0,0,0,0,0,0
536,Saand Ki Aankh,Taapsee Pannu,2019-10-21,Bollywood Hungama News Network,Tushar Hiranandani,unproven,train,0,6,1,2.6666666666666665,2.6692847927653873,0.752772652709081,0.16666666666666666,2.6666666666666665,2.6,0.0,2.6780934077194716,129.0,2.6573741007194243,1,0,0,0,10,3,1,0,1,0,0,1,0,0,0,0,0,0,0,0,0,0
537,Housefull 4,Akshay Kumar,2019-10-25,Bollywood Hungama News Network,Farhad Samji,promising,train,0,7,1,3.5714285714285716,2.9577353734755536,0.6074928962939559,0.5714285714285714,4.166666666666667,3.8,0.5952380952380953,3.5951181080124606,72.0,2.6579892280071813,0,1,0,0,10,2,0,0,0,1,0,1,0,0,0,0,0,0,0,0,0,0
538,Made In China,Rajkummar Rao,2019-10-25,Bollywood Hungama News Network,Mikhil Musale,unproven,train,0,8,1,2.875,2.7421816615853127,0.9543135154205277,0.5,2.0,2.3,-0.875,2.9693374761487203,539.0,2.6579892280071813,1,0,0,0,10,2,0,0,0,1,0,1,0,0,0,0,0,0,0,0,0,0
539,Marjaavaan,Sidharth Malhotra,2019-11-15,Bollywood Hungama News Network,Milap Zaveri,unproven,train,1,4,1,2.5,2.630339993582263,1.0,0.25,2.0,2.5,-0.5,2.540062495863767,637.0,2.6556350626118066,1,0,0,0,11,3,1,0,0,0,0,1,0,0,0,0,1,0,0,0,0,0
540,Motichoor Chaknachoor,Nawazuddin Siddiqui,2019-11-15,Bollywood Hungama News Network,Debamitra Biswal,unproven,train,0,8,1,2.375,2.5641939077418696,0.6408699444616557,0.125,2.3333333333333335,2.2,-0.04166666666666652,2.409657149129391,246.0,2.6556350626118066,1,0,0,0,11,2,0,0,0,1,0,1,0,0,0,0,0,0,0,0,0,0
541,Pagalpanti,John Abraham,2019-11-22,Bollywood Hungama News Network,Anees Bazmee,proven_positive,train,0,20,1,3.025,2.872199765513046,0.9524898120742622,0.5,3.5,3.4,0.4750000000000001,3.3181703458540217,100.0,2.655971479500891,0,0,0,1,11,2,0,0,0,1,0,1,0,0,0,0,0,0,0,0,0,0
542,Panipat,Arjun Kapoor,2019-12-05,Bollywood Hungama News Network,Ashutosh Gowariker,unproven,train,0,2,1,3.0,2.7070007687971978,0.0,0.0,3.0,3.0,0.0,3.0514363783093525,860.0,2.6556939501779357,1,0,0,0,12,2,0,0,0,0,0,1,0,0,0,0,0,0,0,0,0,1
543,Mardaani 2,Rani Mukerji,2019-12-13,Bollywood Hungama News Network,Gopi Puthran,promising,train,1,3,1,3.1666666666666665,2.751056281641798,0.2886751345948129,0.3333333333333333,3.1666666666666665,3.1666666666666665,0.0,3.2608969695038117,630.0,2.6563055062166963,0,1,0,0,12,2,1,0,0,0,1,0,0,0,0,0,0,0,0,0,0,0
544,The Body,Emraan Hashmi,2019-12-13,Bollywood Hungama News Network,Jeethu Joseph,proven_weak,train,0,23,1,2.6739130434782608,2.6715529755145355,1.0068932376845432,0.391304347826087,3.1666666666666665,2.8,0.49275362318840576,2.9966327347512864,1183.0,2.6563055062166963,0,0,1,0,12,2,0,0,0,0,0,0,0,1,0,0,0,0,0,0,1,0
545,Dabangg 3,Salman Khan,2019-12-20,Bollywood Hungama News Network,Prabhu Dheva,proven_positive,train,0,34,1,3.073529411764706,2.9495918013967812,1.2500445624855314,0.5,3.6666666666666665,3.5,0.5931372549019605,3.35947213371123,198.0,2.6557522123893804,0,0,0,1,12,2,1,0,0,0,1,0,0,0,0,0,0,0,0,0,0,0
546,Good Newwz,Akshay Kumar,2019-12-26,Taran Adarsh,Raj Mehta,promising,train,1,8,1,3.375,2.914120370302922,0.7905694150420949,0.5,3.5,3.5,0.125,3.393216148305842,62.0,2.6554770318021204,0,1,0,0,12,2,0,0,0,1,0,1,0,0,0,0,0,0,0,0,0,0
547,Shimla Mirchi,Rajkummar Rao,2020-01-02,Bollywood Hungama News Network,Ramesh Sippy,unproven,train,0,9,1,2.7777777777777777,2.7102888182306075,0.9391189724653871,0.4444444444444444,2.0,2.0,-0.7777777777777777,2.861492408640006,69.0,2.6578483245149913,1,0,0,0,1,2,0,0,0,1,0,0,0,0,0,0,1,0,0,0,0,0
548,Chhapaak,Deepika Padukone,2020-01-09,Bollywood Hungama News Network,Meghna Gulzar,promising,train,0,2,1,3.5,2.7660064083823017,1.4142135623730951,0.5,3.5,3.5,0.0,3.682067595534061,716.0,2.6566901408450705,0,1,0,0,1,2,0,0,1,0,0,1,0,0,0,0,0,0,0,0,0,0
549,Tanhaji - The Unsung Warrior,Ajay Devgn,2020-01-09,Bollywood Hungama News Network,Om Raut,proven_weak,train,1,40,1,2.9625,2.8822201625908934,0.9896094800864242,0.5,3.5,3.5,0.5375000000000001,3.2648032415696298,238.0,2.6566901408450705,0,0,1,0,1,2,0,0,1,0,0,0,0,0,0,1,0,0,0,0,0,0
550,Panga,Kangana Ranaut,2020-01-23,Bollywood Hungama News Network,Ashwiny Iyer Tiwari,promising,train,0,6,1,3.0833333333333335,2.782085808984996,0.5845225972250061,0.3333333333333333,3.0,3.1,-0.08333333333333348,3.1952395944177034,181.0,2.6587719298245616,0,1,0,0,1,5,0,0,0,1,0,1,1,0,0,0,0,1,1,0,0,0
551,Jawaani Jaaneman,Saif Ali Khan,2020-01-31,Bollywood Hungama News Network,Nitin Kakkar,proven_positive,train,0,20,1,3.025,2.869142931331076,0.9244486265649892,0.45,1.8333333333333333,2.6,-1.1916666666666667,3.2836150744553008,105.0,2.6593695271453592,0,0,0,1,1,3,0,0,0,1,0,1,1,0,0,0,0,0,0,0,0,0
552,Thappad,Taapsee Pannu,2020-02-27,Bollywood Hungama News Network,Anubhav Sinha,unproven,train,1,7,1,2.7142857142857144,2.6778192669628815,0.698638131005772,0.14285714285714285,2.6666666666666665,2.9,-0.047619047619047894,2.725796872131032,129.0,2.659090909090909,1,0,0,0,2,3,0,0,0,0,0,1,1,0,0,0,0,1,0,0,0,0
553,Angrezi Medium,Irrfan Khan,2020-03-11,Bollywood Hungama News Network,Homi Adajania,proven_weak,train,0,19,1,2.710526315789474,2.6900975196028374,0.9619971915194078,0.3157894736842105,3.0,3.1,0.2894736842105261,2.9741768836706073,587.0,2.661431064572426,0,0,1,0,3,1,0,0,0,0,0,1,0,0,0,0,0,0,0,0,0,0
554,Gulabo Sitabo,Amitabh Bachchan,2020-06-12,Bollywood Hungama News Network,Shoojit Sircar,proven_weak,train,0,31,1,2.8548387096774195,2.792781194074233,1.0262679018909306,0.41935483870967744,2.5,2.8,-0.3548387096774195,3.177067145252862,582.0,2.662020905923345,0,0,1,0,6,3,0,0,0,1,0,1,1,0,0,0,0,0,0,0,0,0
555,Shakuntala Devi,Vidya Balan,2020-07-31,Bollywood Hungama News Network,Anu Menon,promising,train,1,5,1,3.2,2.7984691339822665,0.758287544405155,0.6,3.3333333333333335,3.2,0.1333333333333333,3.302484088438365,987.0,2.6626086956521737,0,1,0,0,7,2,0,0,1,0,0,1,0,0,0,0,0,0,0,0,0,0
556,Raat Akeli Hai,Nawazuddin Siddiqui,2020-08-01,Bollywood Hungama News Network,Honey Trehan,unproven,train,0,9,1,2.3333333333333335,2.5410558386022433,0.6123724356957945,0.1111111111111111,2.5,2.2,0.16666666666666652,2.372567125503208,260.0,2.6640625,1,0,0,0,8,2,0,0,0,0,0,1,0,0,0,0,0,0,0,0,1,0
557,Laxmii,Akshay Kumar,2020-11-09,Taran Adarsh,Raghava Lawrence,promising,train,0,9,1,3.4444444444444446,2.9572792428575627,0.7682953714410738,0.5555555555555556,3.5,3.7,0.05555555555555536,3.468071156254834,319.0,2.6629116117850953,0,1,0,0,11,2,0,0,0,1,0,0,0,1,0,0,0,0,0,0,0,0
558,Ludo,Abhishek Bachchan,2020-11-12,Bollywood Hungama News Network,Anurag Basu,proven_weak,train,0,26,1,2.0961538461538463,2.303136647263448,0.99014373470957,0.19230769230769232,2.6666666666666665,2.7,0.5705128205128203,2.4768408866338323,1909.0,2.661764705882353,0,0,1,0,11,2,1,0,0,0,0,1,0,0,0,0,0,0,0,0,0,0
559,Chhalaang,Rajkummar Rao,2020-11-13,Bollywood Hungama News Network,Hansal Mehta,unproven,train,1,10,1,2.7,2.6775714519394045,0.9189365834726815,0.4,2.0,2.0,-0.7000000000000002,2.7798437206357978,316.0,2.662348877374784,1,0,0,0,11,2,0,0,0,1,0,0,0,0,0,0,0,1,0,0,0,0
560,Suraj Pe Mangal Bhari,Manoj Bajpayee,2020-11-13,Bollywood Hungama News Network,Abhishek Sharma,unproven,train,0,12,1,2.5416666666666665,2.6088624554994486,1.0103629710818451,0.3333333333333333,2.8333333333333335,3.1,0.29166666666666696,2.759360367176516,1491.0,2.662348877374784,1,0,0,0,11,2,0,0,0,1,0,1,0,0,0,0,0,0,0,0,0,0
561,Ramprasad Ki Tehrvi,Naseeruddin Shah,2020-12-31,Bollywood Hungama News Network,Seema Pahwa,promising,test,0,4,1,3.375,2.8144078513701634,1.25,0.75,4.0,3.375,0.625,3.729530119862994,2549.0,2.6643717728055076,0,1,0,0,12,2,0,0,0,1,0,1,0,0,0,0,0,0,0,0,0,0
562,Roohi,Rajkummar Rao,2021-03-11,Bollywood Hungama News Network,Hardik Mehta,unproven,test,0,11,1,2.772727272727273,2.707153200714858,0.9045340337332909,0.45454545454545453,2.5,2.3,-0.27272727272727293,2.8461938364803148,118.0,2.663230240549828,1,0,0,0,3,2,0,0,0,1,0,0,0,1,0,0,0,0,0,0,0,0
563,Mumbai Saga,John Abraham,2021-03-18,Bollywood Hungama News Network,Sanjay Gupta,proven_weak,test,1,21,1,3.0,2.857742495379815,0.9354143466934853,0.47619047619047616,3.0,3.3,0.0,3.286188630983295,482.0,2.66295025728988,0,0,1,0,3,2,1,0,0,0,1,0,0,0,0,0,0,0,0,0,0,0
564,The Big Bull,Abhishek Bachchan,2021-04-08,Bollywood Hungama News Network,Kookie V Gulati,proven_weak,test,0,27,1,2.1296296296296298,2.318886585797601,0.9863744080897846,0.18518518518518517,2.8333333333333335,3.0,0.7037037037037037,2.499692170236883,147.0,2.6652397260273974,0,0,1,0,4,2,0,0,0,0,1,1,0,0,0,0,0,0,0,0,0,0
565,Radhe - Your Most Wanted Bhai,Salman Khan,2021-05-13,Taran Adarsh,Prabhu Dheva,proven_positive,test,0,35,1,3.057142857142857,2.938063144768398,1.235334133005345,0.4857142857142857,3.0,3.1,-0.05714285714285694,3.344975540456351,510.0,2.6658119658119657,0,0,0,1,5,3,1,0,0,0,1,0,0,0,0,0,0,0,0,0,1,0
566,Sherni,Vidya Balan,2021-06-18,Bollywood Hungama News Network,Amit Masurkar,promising,test,0,6,1,3.25,2.828275495456189,0.689202437604511,0.6666666666666666,3.3333333333333335,3.1,0.08333333333333348,3.3374704792978855,322.0,2.6646757679180886,0,1,0,0,6,2,1,0,0,0,0,0,0,0,0,0,0,0,0,0,1,0
567,Haseen Dillruba,Taapsee Pannu,2021-07-02,Bollywood Hungama News Network,Vinil Mathew,unproven,test,0,8,1,2.875,2.732034544483522,0.7905694150420949,0.25,3.0,3.0,0.125,2.8895247952503196,491.0,2.663543441226576,1,0,0,0,7,2,0,0,0,0,0,0,0,0,0,0,0,0,0,1,1,0
568,Bhuj - The Pride Of India,Ajay Devgn,2021-08-13,Bollywood Hungama News Network,Abhishek Dudhaiya,proven_weak,test,1,41,1,2.9878048780487805,2.898633868763939,0.9905036905411356,0.5121951219512195,3.5,3.6,0.5121951219512195,3.289310035101408,582.0,2.663265306122449,0,0,1,0,8,2,0,0,1,0,0,0,0,0,0,1,0,0,0,0,0,0
569,Bellbottom,Akshay Kumar,2021-08-18,Taran Adarsh,Ranjit M Tewari,promising,test,1,10,1,3.3,2.913095548439111,0.8563488385776752,0.5,2.6666666666666665,3.3,-0.6333333333333333,3.3230383371634407,282.0,2.664685908319185,0,1,0,0,8,2,1,0,0,0,0,0,0,0,0,0,0,0,0,0,1,0
570,Chehre,Amitabh Bachchan,2021-08-26,Bollywood Hungama News Network,Rumy Jafry,proven_weak,test,0,32,1,2.859375,2.7946318763560436,1.0099055768702085,0.40625,2.8333333333333335,2.9,-0.02604166666666652,3.1764620435827373,440.0,2.6669491525423727,0,0,1,0,8,2,0,0,0,0,0,1,0,0,0,0,0,0,0,0,1,0
571,Thalaivii,Kangana Ranaut,2021-09-08,Bollywood Hungama News Network,A. L. Vijay,promising,test,1,7,1,3.0714285714285716,2.7885935544729654,0.5345224838248487,0.2857142857142857,3.1666666666666665,3.2,0.0952380952380949,3.1760889843173716,594.0,2.66751269035533,0,1,0,0,9,2,0,0,1,0,0,0,0,0,0,0,0,0,0,0,0,1
572,Bhoot Police,Saif Ali Khan,2021-09-10,Bollywood Hungama News Network,Pawan Kripalani,proven_weak,test,0,21,1,3.0,2.8573932073011923,0.9082951062292475,0.42857142857142855,2.1666666666666665,2.4,-0.8333333333333335,3.2558494626833703,588.0,2.668918918918919,0,0,1,0,9,2,0,0,0,1,0,0,0,1,0,0,0,0,0,0,0,0
573,Rashmi Rocket,Taapsee Pannu,2021-10-14,Bollywood Hungama News Network,Akarsh Khurana,unproven,test,0,9,1,2.8333333333333335,2.7235898109517884,0.75,0.2222222222222222,3.1666666666666665,2.9,0.33333333333333304,2.8521780556195018,104.0,2.669477234401349,1,0,0,0,10,2,0,0,0,0,0,1,0,0,0,0,0,0,1,0,0,0
574,Hum Do Hamare Do,Rajkummar Rao,2021-10-29,Bollywood Hungama News Network,Abhishek Jain,unproven,test,0,12,1,2.75,2.6989435041399665,0.8660254037844386,0.4166666666666667,2.6666666666666665,2.4,-0.08333333333333348,2.824147779590797,232.0,2.67003367003367,1,0,0,0,10,3,0,0,0,1,0,1,1,0,0,0,0,0,0,0,0,0
575,Sooryavanshi,Akshay Kumar,2021-11-05,Taran Adarsh,Rohit Shetty,promising,test,1,11,1,3.3636363636363638,2.9563591204706676,0.8393720596645177,0.5454545454545454,3.3333333333333335,3.3,-0.030303030303030276,3.3896422973526974,79.0,2.6697478991596637,0,1,0,0,11,2,1,0,0,0,0,0,0,0,0,0,0,0,0,0,1,0
576,Bunty Aur Babli 2,Rani Mukerji,2021-11-19,Bollywood Hungama News Network,Varun V. Sharma,promising,test,0,4,1,3.25,2.783976819440773,0.28867513459481287,0.5,3.1666666666666665,3.25,-0.08333333333333348,3.3371860128574715,707.0,2.672818791946309,0,1,0,0,11,2,0,0,0,1,1,0,0,0,0,0,0,0,0,0,0,0
577,Satyameva Jayate 2,John Abraham,2021-11-24,Bollywood Hungama News Network,Milap Zaveri,proven_positive,test,1,22,1,3.0454545454545454,2.886050201127436,0.9374368665610922,0.5,3.6666666666666665,3.4,0.6212121212121211,3.3265386163691404,251.0,2.670854271356784,0,0,0,1,11,2,1,0,0,0,0,0,0,0,0,1,0,0,0,0,0,0
578,Antim - The Final Truth,Salman Khan,2021-11-26,Bollywood Hungama News Network,Mahesh Manjrekar,proven_positive,test,1,36,1,3.0277777777777777,2.917590250064614,1.2302406526741276,0.4722222222222222,3.0,3.1,-0.02777777777777768,3.3148800660419653,197.0,2.673076923076923,0,0,0,1,11,2,1,0,0,0,0,1,0,0,0,0,0,0,0,0,0,0
579,Bob Biswas,Abhishek Bachchan,2021-12-03,Bollywood Hungama News Network,Diya Annapurna Ghosh,proven_weak,test,0,28,1,2.1607142857142856,2.3325854878012477,0.9818121136220649,0.17857142857142858,3.1666666666666665,2.8,1.005952380952381,2.526778010035154,239.0,2.674457429048414,0,0,1,0,12,2,0,0,0,0,1,0,0,0,0,0,0,0,0,0,1,0
580,83,Ranveer Singh,2021-12-20,Taran Adarsh,Kabir Khan,promising,test,1,3,1,3.8333333333333335,2.850578468258645,0.5773502691896258,1.0,3.8333333333333335,3.8333333333333335,0.0,3.949204492177924,2391.0,2.675,0,1,0,0,12,2,0,0,1,0,0,0,0,0,0,0,0,0,1,0,0,0
581,Atrangi Re,Akshay Kumar,2021-12-24,Bollywood Hungama News Network,Aanand. L. Rai,promising,test,0,12,1,3.4583333333333335,3.0119892704072604,0.8649312461728161,0.5833333333333334,3.5,3.3,0.04166666666666652,3.4896288656488057,49.0,2.67720465890183,0,1,0,0,12,2,0,0,0,1,0,0,0,0,0,0,1,0,0,0,0,0
582,Looop Lapeta,Taapsee Pannu,2022-02-04,Bollywood Hungama News Network,Aakash Bhatia,unproven,test,0,10,1,2.85,2.732498330206781,0.7090682462060882,0.2,3.1666666666666665,2.9,0.31666666666666643,2.875223879443578,113.0,2.6777408637873754,1,0,0,0,2,2,0,0,0,1,1,0,0,0,0,0,0,0,0,0,0,0
583,Badhaai Do,Rajkummar Rao,2022-02-11,Bollywood Hungama News Network,Harshavardhan Kulkarni,unproven,test,0,13,1,2.730769230769231,2.689367982724692,0.8320502943378437,0.38461538461538464,2.8333333333333335,2.5,0.10256410256410264,2.806625767792457,105.0,2.6774461028192373,1,0,0,0,2,2,0,0,0,1,0,0,0,0,0,0,1,0,0,0,0,0
584,Gehraiyaan,Deepika Padukone,2022-02-11,Bollywood Hungama News Network,Shakun Batra,promising,test,0,3,1,3.1666666666666665,2.7390168620161877,1.1547005383792515,0.3333333333333333,3.1666666666666665,3.1666666666666665,0.0,3.308801025663541,764.0,2.6774461028192373,0,1,0,0,2,2,0,0,0,0,0,1,0,0,0,0,1,0,0,0,0,0
585,Jhund,Amitabh Bachchan,2022-03-02,Bollywood Hungama News Network,Nagaraj Manjule,proven_weak,test,1,33,1,2.8636363636363638,2.797578019733352,0.9943019479194254,0.3939393939393939,2.6666666666666665,2.7,-0.19696969696969724,3.1818515067995654,188.0,2.677685950413223,0,0,1,0,3,2,0,0,0,0,0,1,0,0,0,0,0,0,1,0,0,0
586,Bachchhan Paandey,Akshay Kumar,2022-03-18,Bollywood Hungama News Network,Farhad Samji,promising,test,1,13,1,3.423076923076923,3.0105147032042843,0.8378084965689218,0.5384615384615384,3.8333333333333335,3.5,0.4102564102564106,3.4546284346495932,84.0,2.67986798679868,0,1,0,0,3,2,1,0,0,1,0,0,0,0,0,0,0,0,0,0,0,0
587,Jalsa,Vidya Balan,2022-03-18,Bollywood Hungama News Network,Suresh Triveni,promising,test,0,7,1,3.0714285714285716,2.786109622259998,0.7867957924694432,0.5714285714285714,3.0,3.1,-0.07142857142857162,3.1615954868502074,273.0,2.67986798679868,0,1,0,0,3,2,0,0,0,0,0,1,0,0,0,0,0,0,0,0,1,0
588,Attack - Part I,John Abraham,2022-04-01,Bollywood Hungama News Network,Lakshya Raj Anand,proven_positive,test,0,23,1,3.0869565217391304,2.915088655334729,0.9372611685243957,0.5217391304347826,3.5,3.4,0.4130434782608696,3.365886327367016,128.0,2.6809210526315788,0,0,0,1,4,2,1,0,0,0,0,0,0,0,0,0,0,0,0,0,1,0
589,Dasvi,Abhishek Bachchan,2022-04-07,Bollywood Hungama News Network,Tushar Jalota,proven_weak,test,0,29,1,2.189655172413793,2.347095740136238,0.976635927042492,0.1724137931034483,3.0,2.9,0.8103448275862069,2.5500835724305193,125.0,2.6814449917898195,0,0,1,0,4,2,0,0,0,1,0,0,0,0,0,0,0,1,0,0,0,0
590,Jersey,Shahid Kapoor,2022-04-22,Bollywood Hungama News Network,Gowtam Tinnanauri,proven_weak,test,0,20,1,2.75,2.707871831620385,0.6977407149243606,0.25,3.3333333333333335,3.0,0.5833333333333335,3.0739189281945904,1037.0,2.6811475409836065,0,0,1,0,4,2,0,0,0,0,0,0,1,0,0,0,0,0,1,0,0,0
591,Runway 34,Ajay Devgn,2022-04-29,Bollywood Hungama News Network,Ajay Devgn,proven_weak,test,0,42,1,3.0,2.9084090087510654,0.9815368735540919,0.5238095238095238,3.8333333333333335,3.6,0.8333333333333335,3.3127305511499916,259.0,2.681669394435352,0,0,1,0,4,2,1,0,0,0,0,0,0,0,0,0,0,0,0,0,1,0
592,Thar,Anil Kapoor,2022-05-06,Bollywood Hungama News Network,Raj Singh Chaudhary,unproven,test,1,13,1,2.230769230769231,2.456404053528955,1.1108439849836513,0.23076923076923078,2.5,2.4,0.26923076923076916,2.5308791848063197,1190.0,2.68218954248366,1,0,0,0,5,2,0,0,0,0,1,0,0,0,0,0,0,0,0,0,1,0
593,Dhaakad,Kangana Ranaut,2022-05-20,Bollywood Hungama News Network,Razneesh Ghai,promising,test,0,8,1,3.125,2.817749883953741,0.5175491695067657,0.375,3.1666666666666665,3.1,0.04166666666666652,3.2325888250822397,254.0,2.6835236541598695,0,1,0,0,5,2,1,0,0,0,0,1,0,0,0,0,0,0,0,0,0,0
594,Samrat Prithviraj,Akshay Kumar,2022-06-03,Bollywood Hungama News Network,Dr. Chandraprakash Dwivedi,promising,test,1,14,1,3.4285714285714284,3.0258835592227893,0.8052028616141701,0.5714285714285714,3.6666666666666665,3.4,0.23809523809523814,3.459597365152583,77.0,2.6815960912052117,0,1,0,0,6,2,0,0,0,0,0,0,0,0,0,1,0,0,0,0,0,1
595,Jugjugg Jeeyo,Varun Dhawan,2022-06-22,Taran Adarsh,Raj Mehta,unproven,test,1,3,1,3.0,2.708452387461099,0.8660254037844386,0.6666666666666666,3.0,3.0,0.0,3.061712237513722,1162.0,2.682926829268293,1,0,0,0,6,2,0,0,0,1,0,0,1,0,0,0,0,0,0,0,0,0
596,Rocketry - The Nambi Effect,R Madhavan,2022-06-30,Bollywood Hungama News Network,R Madhavan,unproven,test,0,2,1,3.0,2.6959958946083726,0.0,0.0,3.0,3.0,0.0,3.3486698047974057,3779.0,2.685064935064935,1,0,0,0,6,2,0,0,1,0,0,0,0,0,0,0,0,0,0,0,0,1
597,Hit - The First Case,Rajkummar Rao,2022-07-15,Bollywood Hungama News Network,Dr. Sailesh Kolanu,unproven,test,0,14,1,2.7142857142857144,2.683859662356632,0.8017837257372732,0.35714285714285715,2.5,2.6,-0.2142857142857144,2.792853189084363,154.0,2.685575364667747,1,0,0,0,7,2,0,0,0,0,1,0,0,0,0,0,0,0,0,0,1,0
598,Shabaash Mithu,Taapsee Pannu,2022-07-15,Bollywood Hungama News Network,Srijit Mukherjee,unproven,test,0,11,1,2.8181818181818183,2.7243050080131663,0.6809084840390547,0.18181818181818182,2.6666666666666665,3.0,-0.15151515151515182,2.8489471185563517,161.0,2.685575364667747,1,0,0,0,7,2,0,0,1,0,0,0,0,0,0,0,0,0,1,0,0,0
599,Shamshera,Ranbir Kapoor,2022-07-22,Bollywood Hungama News Network,Karan Malhotra,promising,test,0,7,1,3.642857142857143,2.9701293102563606,0.7480132415430957,0.8571428571428571,3.1666666666666665,3.5,-0.4761904761904763,3.8455095335096146,1834.0,2.6865912762520194,0,1,0,0,7,2,1,0,0,0,0,1,0,0,0,0,0,0,0,0,0,0
600,Ek Villain Returns,John Abraham,2022-07-28,Bollywood Hungama News Network,Mohit Suri,proven_positive,test,1,24,1,3.0833333333333335,2.916855346242346,0.9168313422570847,0.5,3.6666666666666665,3.6,0.583333333333333,3.3543974304499833,118.0,2.6846774193548386,0,0,0,1,7,2,1,0,0,0,0,0,0,0,0,0,0,0,0,0,1,0
601,Laal Singh Chaddha,Aamir Khan,2022-08-11,Bollywood Hungama News Network,Advait Chandan,promising,test,0,4,1,3.75,2.882582138479529,1.1902380714238083,0.75,4.333333333333333,3.75,0.583333333333333,4.1074817844391145,3156.0,2.686795491143317,0,1,0,0,8,2,0,0,0,0,0,1,1,0,0,0,0,0,0,0,0,0
602,Raksha Bandhan,Akshay Kumar,2022-08-11,Bollywood Hungama News Network,Aanand. L. Rai,proven_positive,test,1,15,1,3.433333333333333,3.042302021037035,0.7761320457119087,0.6,3.3333333333333335,3.7,-0.09999999999999964,3.4674902740805162,69.0,2.686795491143317,0,0,0,1,8,2,0,0,0,0,0,1,1,0,0,0,0,0,0,0,0,0
603,Do Baaraa,Taapsee Pannu,2022-08-19,Bollywood Hungama News Network,Anurag Kashyap,unproven,test,0,12,1,2.8333333333333335,2.728099566321686,0.6513389472789296,0.16666666666666666,2.8333333333333335,3.0,0.0,2.8629578888724723,35.0,2.6869983948635636,1,0,0,0,8,2,0,0,0,0,0,0,0,0,0,0,0,0,0,1,1,0
604,Cuttputlli,Akshay Kumar,2022-09-02,Bollywood Hungama News Network,Ranjit M Tewari,proven_positive,test,0,16,1,3.4375,3.052846129856336,0.75,0.625,3.5,3.6,0.0625,3.4686240767046024,22.0,2.6858974358974357,0,0,0,1,9,2,0,0,0,0,1,0,0,0,0,0,0,0,0,0,1,0
605,Chup,Sunny Deol,2022-09-22,Bollywood Hungama News Network,R. Balki,proven_weak,test,0,18,1,2.1944444444444446,2.3975948454663625,0.8598715514350502,0.16666666666666666,2.0,2.2,-0.19444444444444464,2.546885853274217,1399.0,2.6856,0,0,1,0,9,1,0,0,0,0,0,0,0,0,0,0,0,0,0,0,1,0
606,Vikram Vedha,Hrithik Roshan,2022-09-29,Bollywood Hungama News Network,"Gayatri, Pushkar",proven_positive,test,1,19,1,3.0789473684210527,2.8862988549628343,1.1697953037312037,0.5263157894736842,3.6666666666666665,3.4,0.5877192982456139,3.3953693283755424,1093.0,2.6861022364217253,0,0,0,1,9,2,1,0,0,0,0,0,0,0,0,0,0,0,0,0,1,0
607,Goodbye,Amitabh Bachchan,2022-10-07,Bollywood Hungama News Network,Vikas Bahl,proven_weak,test,0,34,1,2.8970588235294117,2.819364463614543,0.9983274783409977,0.4117647058823529,3.3333333333333335,3.1,0.4362745098039218,3.2164265145079614,219.0,2.6881977671451356,0,0,1,0,10,2,0,0,0,0,0,1,1,0,0,0,0,0,0,0,0,0
608,Ram Setu,Akshay Kumar,2022-10-25,Bollywood Hungama News Network,Abhishek Sharma,proven_positive,test,0,17,1,3.3823529411764706,3.035788691248049,0.7609494842938386,0.5882352941176471,3.1666666666666665,3.2,-0.21568627450980404,3.4136468431141647,53.0,2.6878980891719744,0,0,0,1,10,2,1,0,0,0,0,0,0,0,0,0,0,0,0,0,1,0
609,Thank God,Ajay Devgn,2022-10-25,Bollywood Hungama News Network,Indra Kumar,proven_weak,test,1,43,1,3.0,2.9076765193092684,0.9697815168769667,0.5116279069767442,3.5,3.4,0.5,3.3116864423714976,179.0,2.6878980891719744,0,0,1,0,10,2,0,0,0,1,0,1,0,0,0,0,0,0,0,0,0,0
610,Monica O My Darling,Rajkummar Rao,2022-11-11,Bollywood Hungama News Network,Vasan Bala,proven_weak,test,0,15,1,2.7333333333333334,2.6877740085566484,0.7761320457119087,0.3333333333333333,2.6666666666666665,2.8,-0.06666666666666687,2.8099765006998805,119.0,2.688888888888889,0,0,1,0,11,2,0,0,0,0,1,0,0,0,0,0,0,0,0,0,1,0
611,Uunchai,Amitabh Bachchan,2022-11-11,Bollywood Hungama News Network,Sooraj Barjatya,proven_weak,test,1,35,1,2.8857142857142857,2.812664405133989,0.9858238886818469,0.4,3.1666666666666665,2.9,0.28095238095238084,3.196648307265773,35.0,2.688888888888889,0,0,1,0,11,2,0,0,0,0,0,1,1,0,0,0,0,0,0,0,0,0
612,Drishyam 2,Ajay Devgn,2022-11-18,Bollywood Hungama News Network,Abhishek Pathak,proven_positive,test,1,44,1,3.0113636363636362,2.9176946644233053,0.9613981845960646,0.5227272727272727,3.3333333333333335,3.6,0.32196969696969724,3.318732763744015,24.0,2.6906645569620253,0,0,0,1,11,2,0,0,0,0,1,0,0,0,0,0,0,0,0,0,1,0
613,Blurr,Taapsee Pannu,2022-12-09,Bollywood Hungama News Network,Ajay Bahl,unproven,test,0,13,1,2.769230769230769,2.70182131451396,0.6650621717611762,0.15384615384615385,2.5,2.6,-0.26923076923076916,2.8023111353193624,112.0,2.692733017377567,1,0,0,0,12,2,0,0,0,0,0,0,0,0,0,0,0,0,0,1,1,0
614,Kuttey,Arjun Kapoor,2023-01-13,Bollywood Hungama News Network,Aasmaan Bhardwaj,unproven,test,0,3,1,3.0,2.702492184824953,0.0,0.0,3.0,3.0,0.0,3.071025990776985,1135.0,2.692429022082019,1,0,0,0,1,2,1,0,0,0,1,0,0,0,0,0,0,0,0,0,0,0
615,Pathaan,Shah Rukh Khan,2023-01-25,Bollywood Hungama News Network,Siddharth Anand,proven_weak,test,1,27,1,3.0,2.8724966506392655,1.278520779891897,0.5185185185185185,2.6666666666666665,3.2,-0.3333333333333335,3.3176534796193966,1496.0,2.6929133858267718,0,0,1,0,1,2,1,0,0,0,0,0,0,0,0,0,0,0,0,0,1,0
616,Farzi,Shahid Kapoor,2023-02-10,Bollywood Hungama News Network,"Krishna DK, Raj Nidimoru",proven_weak,test,0,21,1,2.761904761904762,2.7128321275357457,0.6822581553020751,0.23809523809523808,3.3333333333333335,3.2,0.5714285714285716,3.085006155230469,294.0,2.6957547169811322,0,0,1,0,2,2,0,0,0,0,1,0,0,0,0,0,0,0,0,0,1,0
617,Selfiee,Akshay Kumar,2023-02-24,Bollywood Hungama News Network,Raj Mehta,proven_positive,test,0,18,1,3.3333333333333335,3.020163957094016,0.7669649888473704,0.5555555555555556,2.8333333333333335,3.1,-0.5,3.371222935080885,122.0,2.696232339089482,0,0,0,1,2,2,0,0,0,1,0,1,0,0,0,0,0,0,0,0,0,0
618,Mrs. Chatterjee Vs Norway,Rani Mukerji,2023-03-17,Bollywood Hungama News Network,Ashima Chibber,unproven,test,0,5,1,2.9,2.70799057399796,0.8215838362577492,0.4,2.6666666666666665,2.9,-0.2333333333333334,2.9936384822895112,483.0,2.696708463949843,1,0,0,0,3,2,0,0,1,0,0,1,0,0,0,0,0,0,0,0,0,0
619,Bholaa,Ajay Devgn,2023-03-30,Bollywood Hungama News Network,Ajay Devgn,proven_positive,test,1,45,1,3.033333333333333,2.9360855104815893,0.9617692030835672,0.5333333333333333,3.5,3.6,0.4666666666666668,3.3403905772903384,132.0,2.6971830985915495,0,0,0,1,3,2,1,0,0,0,0,0,0,0,0,0,0,0,0,0,1,0
620,Kisi Ka Bhai Kisi Ki Jaan,Salman Khan,2023-04-21,Bollywood Hungama News Network,Farhad Samji,proven_positive,test,1,37,1,3.0405405405405403,2.9263147763793476,1.2155153135512022,0.4864864864864865,2.6666666666666665,2.9,-0.37387387387387383,3.3452438844233674,511.0,2.6984375,0,0,0,1,4,2,1,0,0,1,0,0,0,0,0,0,0,0,0,0,0,0
621,Sirf Ek Bandaa Kaafi Hai,Manoj Bajpayee,2023-05-22,Bollywood Hungama News Network,Apoorv Singh Karki,unproven,test,1,13,1,2.576923076923077,2.613293829063243,0.9756654533819863,0.3076923076923077,2.6666666666666665,3.0,0.08974358974358942,2.815210218307654,920.0,2.699687987519501,1,0,0,0,5,2,0,0,0,0,1,0,0,0,0,0,0,0,0,0,1,0
622,Jogira Sara Ra Ra,Nawazuddin Siddiqui,2023-05-26,Bollywood Hungama News Network,Kushan Nandy,unproven,test,0,10,1,2.3,2.5077308000308416,0.5868938953886336,0.1,2.0,2.2,-0.2999999999999998,2.3721824923921395,1028.0,2.7009345794392523,1,0,0,0,5,2,0,0,0,1,0,0,0,0,0,0,1,0,0,0,0,0
623,Bloody Daddy,Shahid Kapoor,2023-06-09,Bollywood Hungama News Network,Ali Abbas Zafar,proven_weak,test,0,22,1,2.772727272727273,2.7212044848344727,0.6677480407215329,0.22727272727272727,3.3333333333333335,3.2,0.5606060606060606,3.0852320011071632,119.0,2.699844479004666,0,0,1,0,6,2,1,0,0,0,0,0,0,0,0,0,0,0,0,0,1,0
624,Neeyat,Vidya Balan,2023-07-07,Bollywood Hungama News Network,Anu Menon,unproven,test,0,8,1,3.0,2.769031286282166,0.7559289460184544,0.5,2.6666666666666665,2.9,-0.3333333333333335,3.099338623201463,476.0,2.700310559006211,1,0,0,0,7,2,0,0,0,0,1,0,0,0,0,0,0,0,0,0,1,0
625,Ghoomer,Abhishek Bachchan,2023-08-18,Bollywood Hungama News Network,R. Balki,proven_weak,test,0,30,1,2.2,2.3478279687018224,0.9613209303008454,0.16666666666666666,2.8333333333333335,3.0,0.6333333333333333,2.5661939344278997,498.0,2.6992248062015505,0,0,1,0,8,2,0,0,0,0,0,1,0,0,0,0,0,0,1,0,0,0
626,Haddi,Nawazuddin Siddiqui,2023-09-07,Bollywood Hungama News Network,Akshat Ajay Sharma,unproven,test,0,11,1,2.272727272727273,2.486744120372076,0.5640760748177662,0.09090909090909091,2.0,2.3,-0.27272727272727293,2.3363295495859684,104.0,2.6989164086687305,1,0,0,0,9,2,0,0,0,0,1,1,0,0,0,0,0,0,0,0,0,0
627,Jawan,Shah Rukh Khan,2023-09-07,Bollywood Hungama News Network,Atlee Kumar,proven_positive,test,1,28,1,3.0535714285714284,2.910589468131953,1.2862469502126008,0.5357142857142857,3.3333333333333335,3.2,0.2797619047619051,3.3658831639035194,225.0,2.6989164086687305,0,0,0,1,9,2,1,0,0,0,0,0,0,0,0,0,0,0,0,0,1,0
628,Jaane Jaan,Kareena Kapoor Khan,2023-09-21,Bollywood Hungama News Network,Sujoy Ghosh,unproven,test,0,2,1,2.5,2.6272948169125505,1.4142135623730951,0.5,2.5,2.5,0.0,2.8152393769738726,1938.0,2.700617283950617,1,0,0,0,9,2,0,0,0,0,1,0,0,0,0,0,0,0,0,0,1,0
629,Mission Raniganj,Akshay Kumar,2023-10-06,Bollywood Hungama News Network,Tinu Suresh Desai,proven_positive,test,1,19,1,3.3157894736842106,3.0210942169669135,0.7492686492653552,0.5263157894736842,2.6666666666666665,3.0,-0.6491228070175441,3.3565311292111346,224.0,2.7010785824345147,0,0,0,1,10,2,0,0,1,0,0,0,0,0,0,0,0,0,0,0,1,0
630,Tejas,Kangana Ranaut,2023-10-27,Bollywood Hungama News Network,Sarvesh Mewara,unproven,test,0,9,1,2.9444444444444446,2.7591726211062633,0.7264831572567789,0.3333333333333333,2.6666666666666665,2.9,-0.2777777777777781,3.05886299377648,525.0,2.7023076923076923,1,0,0,0,10,2,1,0,0,0,0,0,0,0,0,1,0,0,0,0,0,0
631,Tiger 3,Salman Khan,2023-11-12,Bollywood Hungama News Network,Maneesh Sharma,proven_positive,test,1,38,1,3.0526315789473686,2.937547189859975,1.201291386688748,0.5,3.0,3.2,-0.052631578947368585,3.352107792428881,205.0,2.7012288786482337,0,0,0,1,11,2,1,0,0,0,0,0,0,0,0,0,0,0,0,0,1,0
632,Fighter,Hrithik Roshan,2024-01-25,Bollywood Hungama News Network,Siddharth Anand,proven_positive,test,1,20,1,3.125,2.9199358190947318,1.1570720761792173,0.55,3.6666666666666665,3.5,0.5416666666666665,3.4427194844307456,483.0,2.7032208588957056,0,0,0,1,1,2,1,0,0,0,0,0,0,0,0,1,0,0,0,0,0,0
633,Teri Baaton Mein Aisa Uljha Jiya,Shahid Kapoor,2024-02-09,Bollywood Hungama News Network,"Amit Joshi, Aradhana Sah",proven_weak,test,0,23,1,2.782608695652174,2.729238198438317,0.6541143727577168,0.21739130434782608,3.0,3.2,0.21739130434782616,3.086888521055625,245.0,2.7052067381316998,0,0,1,0,2,2,0,0,0,0,0,1,0,0,0,0,1,0,0,0,0,0
634,Shaitaan,Ajay Devgn,2024-03-08,Bollywood Hungama News Network,Vikas Bahl,proven_positive,test,1,46,1,3.0434782608695654,2.946021204037688,0.9535086491277112,0.5434782608695652,3.6666666666666665,3.5,0.6231884057971011,3.351570215118551,344.0,2.7048929663608563,0,0,0,1,3,2,0,0,0,0,0,1,0,0,0,0,0,0,0,0,1,0
635,Yodha,Sidharth Malhotra,2024-03-15,Bollywood Hungama News Network,"Sagar Ambre, Pushkar Ojha",unproven,test,0,5,1,2.7,2.660689430714382,0.9746794344808963,0.4,2.5,2.7,-0.20000000000000018,2.7832851630868407,1582.0,2.7068702290076336,1,0,0,0,3,2,1,0,0,0,0,1,0,0,0,0,0,0,0,0,0,0
636,Crew,Kareena Kapoor Khan,2024-03-28,Bollywood Hungama News Network,Rajesh Krishnan,unproven,test,1,3,1,2.6666666666666665,2.651652558949786,1.0408329997330663,0.3333333333333333,2.6666666666666665,2.6666666666666665,0.0,2.88352604053603,189.0,2.707317073170732,1,0,0,0,3,2,0,0,0,1,0,1,0,0,0,0,0,0,0,0,0,0
637,Maidaan,Ajay Devgn,2024-04-09,Bollywood Hungama News Network,Amit Ravindernath Sharma,proven_positive,test,1,47,1,3.0638297872340425,2.9644554100451335,0.9533523304896013,0.5531914893617021,3.8333333333333335,3.6,0.769503546099291,3.3689972192446636,32.0,2.708523592085236,0,0,0,1,4,2,0,0,1,0,0,0,0,0,0,0,0,0,1,0,0,0
638,Bade Miyan Chote Miyan,Akshay Kumar,2024-04-11,Bollywood Hungama News Network,Ali Abbas Zafar,proven_positive,test,0,20,1,3.325,3.0372131416796404,0.730446871154191,0.55,3.0,3.0,-0.3250000000000002,3.373112312504513,188.0,2.7104863221884496,0,0,0,1,4,2,1,0,0,0,0,0,0,0,0,0,0,0,0,0,1,0
639,Silence 2: The Night Owl Bar Shootout,Manoj Bajpayee,2024-04-16,Bollywood Hungama News Network,Aban Bharucha Deohans,unproven,test,0,14,1,2.642857142857143,2.647928343616084,0.969309258988296,0.35714285714285715,3.0,3.0,0.3571428571428572,2.874602706198435,330.0,2.710166919575114,1,0,0,0,4,2,0,0,0,0,1,0,0,0,0,0,0,0,0,0,1,0
640,Do Aur Do Pyaar,Vidya Balan,2024-04-19,Bollywood Hungama News Network,Shirsha Guha Thakurta,unproven,test,0,9,1,2.888888888888889,2.7411201021328595,0.7817359599705717,0.4444444444444444,2.1666666666666665,2.7,-0.7222222222222223,2.986727813132463,287.0,2.709848484848485,1,0,0,0,4,2,0,0,0,0,0,1,1,0,0,0,0,0,0,0,0,0
641,Srikanth,Rajkummar Rao,2024-05-07,Bollywood Hungama News Network,Tushar Hiranandani,proven_weak,test,1,16,1,2.75,2.7018875373181417,0.752772652709081,0.3125,2.8333333333333335,2.7,0.08333333333333348,2.84173866448094,543.0,2.708774583963691,0,0,1,0,5,2,0,0,1,0,0,1,0,0,0,0,0,0,0,0,0,0
642,Bhaiyya Ji,Manoj Bajpayee,2024-05-24,Bollywood Hungama News Network,Apoorv Singh Karki,proven_weak,test,0,15,1,2.6333333333333333,2.6430455741273695,0.9347777938149384,0.3333333333333333,3.0,2.8,0.3666666666666667,2.8509426354145226,38.0,2.711480362537764,0,0,1,0,5,2,1,0,0,0,0,1,0,0,0,0,0,0,0,0,0,0
643,Mr. and Mrs. Mahi,Rajkummar Rao,2024-05-31,Bollywood Hungama News Network,Sharan Sharma,proven_weak,test,1,17,1,2.8529411764705883,2.758710445159302,0.8434435718075807,0.35294117647058826,3.5,3.1,0.6470588235294117,2.9409161047785513,24.0,2.7104072398190047,0,0,1,0,5,2,0,0,0,0,0,1,0,0,0,0,0,0,1,0,0,0
644,Rautu Ka Raaz,Nawazuddin Siddiqui,2024-06-28,Bollywood Hungama News Network,Anand Surapur,unproven,test,0,12,1,2.25,2.4737113673805085,0.543557306504609,0.08333333333333333,2.0,2.0,-0.25,2.320982063993909,295.0,2.7115963855421685,1,0,0,0,6,2,0,0,0,0,1,0,0,0,0,0,0,0,0,1,0,0
645,Kakuda,Sonakshi Sinha,2024-07-11,Bollywood Hungama News Network,Aditya Sarpotdar,unproven,test,0,5,1,2.8,2.6892034719865996,0.8366600265340756,0.2,2.6666666666666665,2.8,-0.1333333333333333,2.9009432934519657,2148.0,2.710526315789474,1,0,0,0,7,2,0,0,0,1,0,0,0,1,0,0,0,0,0,0,0,0
646,Sarfira,Akshay Kumar,2024-07-12,Bollywood Hungama News Network,Sudha Kongara,proven_positive,test,0,21,1,3.2857142857142856,3.0220752149334538,0.7343607521414215,0.5238095238095238,3.0,2.8,-0.2857142857142856,3.332010174491095,92.0,2.710960960960961,0,0,0,1,7,2,0,0,1,0,0,1,0,0,0,0,0,0,0,0,0,0
647,Auron Mein Kahan Dum Tha,Ajay Devgn,2024-08-02,Bollywood Hungama News Network,Neeraj Pandey,proven_positive,test,0,48,1,3.0833333333333335,2.980687453354167,0.9527861346806619,0.5625,3.8333333333333335,3.8,0.75,3.3842641960863333,115.0,2.7106446776611692,0,0,0,1,8,2,0,0,0,0,0,1,0,0,0,0,1,0,0,0,0,0
648,Phir Aayi Hasseen Dillruba,Taapsee Pannu,2024-08-09,Bollywood Hungama News Network,Jayprad Desai,unproven,test,0,14,1,2.75,2.6991811568075037,0.6430097498961725,0.14285714285714285,2.5,2.6,-0.25,2.797565303742337,609.0,2.7095808383233533,1,0,0,0,8,2,0,0,0,0,0,0,0,0,0,0,0,0,0,1,1,0
649,Khel Khel Mein,Akshay Kumar,2024-08-15,Bollywood Hungama News Network,Mudassar Aziz,proven_positive,test,1,22,1,3.25,3.0076100728744266,0.7359800721939872,0.5,2.8333333333333335,2.8,-0.4166666666666665,3.2932455169181933,34.0,2.710014947683109,0,0,0,1,8,2,0,0,0,1,0,1,0,0,0,0,0,0,0,0,0,0
650,Stree 2,Rajkummar Rao,2024-08-15,Bollywood Hungama News Network,Amar Kaushik,proven_weak,test,1,18,1,2.888888888888889,2.781259778677388,0.8323523637957304,0.3888888888888889,3.6666666666666665,3.3,0.7777777777777777,2.9715840290438473,76.0,2.710014947683109,0,0,1,0,8,2,0,0,0,1,0,0,0,1,0,0,0,0,0,0,0,0
651,Vedaa,John Abraham,2024-08-15,Bollywood Hungama News Network,Nikkhil Advani,proven_positive,test,0,25,1,3.12,2.944539317408845,0.9160604055774197,0.52,3.6666666666666665,3.5,0.5466666666666664,3.4055590615602545,749.0,2.710014947683109,0,0,0,1,8,2,1,0,0,0,0,1,0,0,0,0,0,0,0,0,0,0
652,Visfot,Riteish Deshmukh,2024-09-06,Bollywood Hungama News Network,Kookie V Gulati,unproven,test,0,14,1,2.142857142857143,2.407051502365193,0.8418973861410954,0.14285714285714285,1.3333333333333333,1.4,-0.8095238095238095,2.4661079510799735,2639.0,2.7135416666666665,1,0,0,0,9,2,1,0,0,0,0,0,0,0,0,0,0,0,0,0,1,0
653,Singham Again,Ajay Devgn,2024-11-01,Bollywood Hungama News Network,Rohit Shetty,proven_positive,test,1,49,1,3.061224489795918,2.9658139430122676,0.9554266774873004,0.5510204081632653,3.3333333333333335,3.5,0.27210884353741527,3.3585935972083734,91.0,2.713224368499257,0,0,0,1,11,2,1,0,0,0,0,1,0,0,0,0,0,0,0,0,0,0
654,I Want To Talk,Abhishek Bachchan,2024-11-22,Bollywood Hungama News Network,Shoojit Sircar,proven_weak,test,0,31,1,2.2096774193548385,2.3548103483968372,0.9466977126516072,0.16129032258064516,2.6666666666666665,2.8,0.456989247311828,2.5807092109388794,462.0,2.7158753709198815,0,0,1,0,11,2,0,0,1,0,0,1,0,0,0,0,0,0,0,0,0,0
655,Despatch,Manoj Bajpayee,2024-12-13,Bollywood Hungama News Network,Kanu Behl,proven_weak,test,0,16,1,2.59375,2.623360371958572,0.9168560410446124,0.3125,2.6666666666666665,2.7,0.07291666666666652,2.8018339137189066,203.0,2.7155555555555555,0,0,1,0,12,2,0,0,0,0,0,1,0,0,0,0,0,0,0,0,1,0
656,Emergency,Kangana Ranaut,2025-01-17,Bollywood Hungama News Network,Kangana Ranaut,unproven,test,0,10,1,2.85,2.7328964607280035,0.7472170590486632,0.3,2.3333333333333335,2.6,-0.5166666666666666,2.9659056884816724,448.0,2.7152366863905324,1,0,0,0,1,2,0,0,0,0,0,1,0,0,0,0,0,0,0,0,0,1
657,Sky Force,Akshay Kumar,2025-01-23,Bollywood Hungama News Network,"Sandeep Kewlani, Abhishek Anil Kapur",proven_positive,test,1,23,1,3.260869565217391,3.021756935503891,0.7209457995229616,0.5217391304347826,2.8333333333333335,3.0,-0.42753623188405765,3.3078772062555957,161.0,2.7156573116691285,0,0,0,1,1,2,1,0,0,0,0,0,0,0,0,1,0,0,0,0,0,0
658,Deva,Shahid Kapoor,2025-01-31,Bollywood Hungama News Network,Rosshan Andrrews,proven_weak,test,0,24,1,2.7708333333333335,2.726579292597757,0.6423321412712779,0.20833333333333334,2.8333333333333335,3.1,0.0625,3.0747797169654865,357.0,2.717551622418879,0,0,1,0,1,2,1,0,0,0,0,0,0,0,0,0,0,0,0,0,1,0
659,Be Happy,Abhishek Bachchan,2025-03-14,Bollywood Hungama News Network,Remo DSouza,proven_weak,test,0,32,1,2.21875,2.3581518077554047,0.9327162898863485,0.15625,2.5,2.7,0.28125,2.5795428995630196,112.0,2.7172312223858617,0,0,1,0,3,2,0,0,0,0,0,1,1,0,0,0,0,0,0,0,0,0
660,Sikandar,Salman Khan,2025-03-30,Bollywood Hungama News Network,A. R. Murugadoss,proven_positive,test,0,39,1,3.076923076923077,2.960012788403488,1.195047133723964,0.5128205128205128,3.6666666666666665,3.1,0.5897435897435894,3.3851385933111287,504.0,2.7176470588235295,0,0,0,1,3,2,1,0,0,0,0,1,0,0,0,0,0,0,0,0,0,0
661,Jaat,Sunny Deol,2025-04-10,Bollywood Hungama News Network,Gopichand Malineni,proven_weak,test,1,19,1,2.236842105263158,2.4216496312980014,0.8558365149670102,0.15789473684210525,2.0,2.1,-0.23684210526315796,2.6024614258779932,931.0,2.7173274596182084,0,0,1,0,4,2,1,0,0,0,0,1,0,0,0,0,0,0,0,0,0,0
662,Ground Zero,Emraan Hashmi,2025-04-25,Bollywood Hungama News Network,Tejas Prabha Vijay Deoskar,proven_weak,test,0,24,1,2.625,2.6373395958730272,1.0134958870382644,0.375,3.0,2.7,0.375,2.9964426045670693,1960.0,2.718475073313783,0,0,1,0,4,2,1,0,0,0,0,0,0,0,0,1,0,0,0,0,0,0
663,Jewel Thief,Saif Ali Khan,2025-04-25,Bollywood Hungama News Network,Robby Grewal,proven_weak,test,0,22,1,3.0,2.860979574028326,0.8864052604279183,0.4090909090909091,2.3333333333333335,2.2,-0.6666666666666665,3.293776096047172,1323.0,2.718475073313783,0,0,1,0,4,2,0,0,0,0,1,0,0,0,0,0,0,0,0,0,1,0
664,Costao,Nawazuddin Siddiqui,2025-04-30,Bollywood Hungama News Network,Sejal Shah,unproven,test,0,13,1,2.230769230769231,2.4593225526103786,0.5250152622934172,0.07692307692307693,2.0,2.0,-0.23076923076923084,2.303992996066244,306.0,2.719298245614035,1,0,0,0,4,2,0,0,1,0,0,1,0,0,0,0,0,0,0,0,0,0
665,Raid 2,Ajay Devgn,2025-05-01,Bollywood Hungama News Network,Rajkumar Gupta,proven_positive,test,1,50,1,3.09,2.9902641377328054,0.9672705127822098,0.56,3.5,3.6,0.41000000000000014,3.38717545895473,181.0,2.718978102189781,0,0,0,1,5,2,0,0,0,0,1,0,0,0,0,0,0,0,0,0,1,0
666,The Bhootnii,Sanjay Dutt,2025-05-01,Bollywood Hungama News Network,Sidhant Sachdev,proven_weak,test,0,21,1,2.4285714285714284,2.5240880264620094,0.9783367810436533,0.19047619047619047,2.3333333333333335,2.6,-0.0952380952380949,2.7244527355402575,2050.0,2.718978102189781,0,0,1,0,5,2,0,0,0,1,0,0,0,1,0,0,0,0,0,0,0,0
667,Bhool Chuk Maaf,Rajkummar Rao,2025-05-23,Bollywood Hungama News Network,Karan Sharma,proven_weak,test,0,19,1,2.973684210526316,2.834007767287796,0.8893456428827994,0.42105263157894735,4.166666666666667,3.7,1.192982456140351,3.060352638554247,281.0,2.7183406113537116,0,0,1,0,5,2,0,0,0,1,0,0,0,0,0,0,1,0,0,0,0,0
668,Kaalidhar Laapata,Abhishek Bachchan,2025-07-04,Bollywood Hungama News Network,Madhumita,proven_weak,test,0,33,1,2.242424242424242,2.3716818036205685,0.9280457636312658,0.15151515151515152,2.6666666666666665,2.7,0.4242424242424243,2.5923493130607307,112.0,2.717296511627907,0,0,1,0,7,2,0,0,0,0,0,1,1,0,0,0,0,0,0,0,0,0
669,Maalik,Rajkummar Rao,2025-07-11,Bollywood Hungama News Network,Pulkit,proven_weak,test,0,20,1,2.925,2.809804124821665,0.8925864251240826,0.4,3.3333333333333335,3.5,0.40833333333333366,3.005975527348295,49.0,2.7169811320754715,0,0,1,0,7,2,1,0,0,0,1,0,0,0,0,0,0,0,0,0,0,0
670,Nikita Roy,Sonakshi Sinha,2025-07-18,Bollywood Hungama News Network,Kussh S Sinha,unproven,test,0,6,1,2.8333333333333335,2.706146981809448,0.752772652709081,0.16666666666666666,2.6666666666666665,2.6,-0.16666666666666696,2.9228684577393382,372.0,2.7159420289855074,1,0,0,0,7,2,0,0,0,0,0,0,0,1,0,0,0,0,0,0,1,0
671,Son Of Sardaar 2,Ajay Devgn,2025-08-01,Bollywood Hungama News Network,Vijay Kumar Arora,proven_positive,test,0,51,1,3.0980392156862746,2.9964893385521543,0.9592685121650625,0.5686274509803921,3.3333333333333335,3.6,0.23529411764705888,3.384591947096162,92.0,2.7141823444283646,0,0,0,1,8,2,1,0,0,1,0,0,0,0,0,0,0,0,0,0,0,0
672,Tehran,John Abraham,2025-08-14,Bollywood Hungama News Network,Arun Gopalan,proven_positive,test,0,26,1,3.0961538461538463,2.9332087110053626,0.9057508572364784,0.5,3.1666666666666665,3.5,0.07051282051282026,3.373865208219092,364.0,2.713150289017341,0,0,0,1,8,2,1,0,0,0,0,0,0,0,0,0,0,0,0,0,1,0
673,War 2,Hrithik Roshan,2025-08-14,Bollywood Hungama News Network,Ayan Mukerji,proven_positive,test,0,21,1,3.1666666666666665,2.9517099208672186,1.143823995784899,0.5714285714285714,4.0,3.8,0.8333333333333335,3.4791860819604405,567.0,2.713150289017341,0,0,0,1,8,2,1,0,0,0,0,0,0,0,0,0,0,0,0,0,1,0
674,Inspector Zende,Manoj Bajpayee,2025-09-05,Bollywood Hungama News Network,Chinmay Mandlekar,proven_weak,test,1,17,1,2.588235294117647,2.616799557832901,0.8880331869792202,0.29411764705882354,2.3333333333333335,2.7,-0.2549019607843137,2.780338984021893,266.0,2.711815561959654,0,0,1,0,9,2,0,0,0,1,0,0,0,0,0,0,0,0,0,0,1,0
675,Jugnuma,Manoj Bajpayee,2025-09-12,Bollywood Hungama News Network,Raam Redddy,proven_weak,test,0,18,1,2.638888888888889,2.6440530876223414,0.8879181791192573,0.3333333333333333,2.6666666666666665,2.8,0.02777777777777768,2.821454229904348,7.0,2.71294964028777,0,0,1,0,9,2,0,0,0,0,0,1,1,0,0,0,0,0,0,0,0,0
676,Jolly LLB 3,Akshay Kumar,2025-09-18,Bollywood Hungama News Network,Subhash Kapoor,proven_positive,test,1,24,1,3.2916666666666665,3.0444774774114753,0.721060008759246,0.5416666666666666,3.3333333333333335,3.2,0.04166666666666696,3.3322652408775415,238.0,2.711206896551724,0,0,0,1,9,2,0,0,0,1,0,1,0,0,0,0,0,0,0,0,0,0
677,Bhagwat - Chapter One: Raakshas,Arshad Warsi,2025-10-17,Bollywood Hungama News Network,Akshay Shere,unproven,test,0,7,1,2.0714285714285716,2.465330963341619,0.8380817098475258,0.14285714285714285,1.8333333333333333,2.3,-0.23809523809523836,2.311146324499234,2464.0,2.712338593974175,1,0,0,0,10,2,0,0,0,0,1,0,0,0,0,0,0,0,0,0,1,0
678,Haq,Emraan Hashmi,2025-11-05,Bollywood Hungama News Network,Suparn Varma,proven_weak,test,1,25,1,2.64,2.643360791236067,0.99498743710662,0.36,2.6666666666666665,2.8,0.026666666666666394,2.989427878646535,194.0,2.7113180515759314,0,0,1,0,11,2,0,0,0,0,0,1,0,0,0,0,0,1,0,0,0,0
679,De De Pyaar De 2,Ajay Devgn,2025-11-14,Bollywood Hungama News Network,Anshul Sharma,proven_positive,test,1,52,1,3.076923076923077,2.981268479317231,0.9619456151549509,0.5576923076923077,3.3333333333333335,3.2,0.2564102564102564,3.35622918638574,105.0,2.7124463519313307,0,0,0,1,11,2,0,0,0,1,0,0,0,0,0,0,1,0,0,0,0,0
680,Mastiii 4,Riteish Deshmukh,2025-11-21,Bollywood Hungama News Network,Milap Zaveri,proven_weak,test,0,15,1,2.1666666666666665,2.4083515528764083,0.816496580927726,0.13333333333333333,1.6666666666666667,1.6,-0.4999999999999998,2.469111468627023,441.0,2.7142857142857144,0,0,1,0,11,2,0,1,0,1,0,0,0,0,0,0,0,0,0,0,0,0
681,Raat Akeli Hai: The Bansal Murders,Nawazuddin Siddiqui,2025-12-19,Bollywood Hungama News Network,Honey Trehan,unproven,test,0,14,1,2.25,2.4568007626967985,0.5095246653650681,0.07142857142857142,2.1666666666666665,2.1,-0.08333333333333348,2.3119620125020934,233.0,2.7132667617689017,1,0,0,0,12,2,0,0,0,0,0,0,0,0,0,0,0,0,0,1,1,0
682,Mardaani 3,Rani Mukerji,2026-01-30,Bollywood Hungama News Network,Abhiraj K. Minawala,unproven,test,1,6,1,2.9166666666666665,2.7263114889115867,0.7359800721939873,0.3333333333333333,2.6666666666666665,2.8,-0.25,3.010953234254379,1050.0,2.712962962962963,1,0,0,0,1,2,1,0,0,0,1,0,0,0,0,0,0,0,0,0,0,0
683,O' Romeo,Shahid Kapoor,2026-02-13,Bollywood Hungama News Network,Vishal Bhardwaj,proven_weak,test,0,25,1,2.76,2.719478425295604,0.6311365409587163,0.2,2.6666666666666665,2.8,-0.09333333333333327,3.0483194094241757,378.0,2.7140825035561877,0,0,1,0,2,2,1,0,0,0,0,0,0,0,0,0,1,0,0,0,0,0
684,Assi,Taapsee Pannu,2026-02-19,Bollywood Hungama News Network,Anubhav Sinha,proven_weak,test,1,15,1,2.7666666666666666,2.709402766733474,0.6229729031789729,0.13333333333333333,2.5,2.6,-0.2666666666666666,2.8159687481997975,559.0,2.7144886363636362,0,0,1,0,2,2,0,0,0,0,1,0,0,0,0,0,0,0,0,0,1,0
685,Subedaar,Anil Kapoor,2026-03-05,Bollywood Hungama News Network,Suresh Triveni,unproven,test,0,14,1,2.3214285714285716,2.4929900228130575,1.1198753855321937,0.2857142857142857,3.1666666666666665,2.8,0.8452380952380949,2.6335153945730694,1399.0,2.7156028368794325,1,0,0,0,3,2,1,0,0,0,0,1,0,0,0,0,0,0,0,0,0,0
686,Toaster,Rajkummar Rao,2026-04-15,Bollywood Hungama News Network,Vivek Das Chaudhary,proven_weak,test,0,21,1,2.880952380952381,2.786125279268776,0.893095206357669,0.38095238095238093,2.8333333333333335,3.3,-0.04761904761904745,2.9563882491573574,278.0,2.715297450424929,0,0,1,0,4,2,0,0,0,1,0,1,0,0,0,0,0,0,0,0,0,0
687,Bhooth Bangla,Akshay Kumar,2026-04-16,Bollywood Hungama News Network,Priyadarshan,proven_positive,test,1,25,1,3.3,3.057555926252095,0.7071067811865476,0.56,3.6666666666666665,3.2,0.3666666666666667,3.3434678761334315,210.0,2.7157001414427158,0,0,0,1,4,2,0,0,0,1,0,0,0,1,0,0,0,0,0,0,0,0
688,Raja Shivaji,Riteish Deshmukh,2026-05-01,Bollywood Hungama News Network,Riteish Deshmukh,proven_weak,test,1,16,1,2.15625,2.3969255497387247,0.789910332463966,0.125,2.0,1.7,-0.15625,2.4423141971566396,161.0,2.71680790960452,0,0,1,0,5,2,0,0,0,0,0,1,0,0,0,0,0,0,0,0,0,1
689,Main Actor Nahin Hoon,Nawazuddin Siddiqui,2026-05-08,Bollywood Hungama News Network,Aditya Kripalani,proven_weak,test,0,15,1,2.2666666666666666,2.4613101873791607,0.49521520093601257,0.06666666666666667,2.3333333333333335,2.2,0.06666666666666687,2.3298488880755532,140.0,2.7186177715091677,0,0,1,0,5,1,0,0,0,0,0,1,0,0,0,0,0,0,0,0,0,0
690,Kartavya,Saif Ali Khan,2026-05-15,Bollywood Hungama News Network,Pulkit,proven_weak,test,0,23,1,3.0,2.864052275590491,0.8660254037844386,0.391304347826087,2.8333333333333335,2.5,-0.16666666666666652,3.280133782795024,385.0,2.7176056338028167,0,0,1,0,5,2,0,0,0,0,1,1,0,0,0,0,0,0,0,0,0,0
691,System,Sonakshi Sinha,2026-05-22,Bollywood Hungama News Network,Ashwiny Iyer Tiwari,unproven,test,0,7,1,2.642857142857143,2.6509403909135556,0.8521681032463466,0.14285714285714285,2.5,2.5,-0.1428571428571428,2.7202558493982614,308.0,2.7165963431786215,1,0,0,0,5,2,0,0,0,0,1,0,0,0,0,0,0,0,0,0,1,0
692,Bandar,Bobby Deol,2026-06-05,Bollywood Hungama News Network,Anurag Kashyap,unproven,test,0,14,1,1.6071428571428572,2.149480562774585,0.525451140543915,0.0,1.6666666666666667,1.7,0.059523809523809534,1.9993070427389896,6111.0,2.716994382022472,1,0,0,0,6,2,0,0,0,0,1,1,0,0,0,0,0,0,0,0,0,0
693,Bharat Bhhagya Viddhaata,Kangana Ranaut,2026-06-12,Bollywood Hungama News Network,Manoj Tapadia,unproven,test,0,11,1,2.8636363636363638,2.7447912145700624,0.7103136311133658,0.2727272727272727,2.1666666666666665,2.6,-0.6969696969696972,2.9711597893042683,511.0,2.717391304347826,1,0,0,0,6,2,0,0,0,0,0,1,0,0,0,0,0,0,0,0,1,0
694,Governor,Manoj Bajpayee,2026-06-12,Bollywood Hungama News Network,Chinmay Mandlekar,proven_weak,test,0,19,1,2.5789473684210527,2.613663869965342,0.9015905373704981,0.3157894736842105,2.5,2.4,-0.07894736842105265,2.7563456713378596,273.0,2.717391304347826,0,0,1,0,6,2,0,0,0,0,0,1,0,0,0,0,0,0,0,0,1,0
695,Cocktail 2,Shahid Kapoor,2026-06-19,Bollywood Hungama News Network,Homi Adajania,proven_weak,test,1,26,1,2.769230769230769,2.727813237272317,0.6201736729460422,0.19230769230769232,2.6666666666666665,2.8,-0.10256410256410264,3.048462383127897,126.0,2.716083916083916,0,0,1,0,6,2,0,0,0,1,0,0,0,0,0,0,1,0,0,0,0,0
696,Welcome To The Jungle,Akshay Kumar,2026-06-25,Bollywood Hungama News Network,Ahmed Khan,proven_positive,test,1,26,1,3.3076923076923075,3.0696314836053533,0.6939297237750099,0.5769230769230769,3.6666666666666665,3.4,0.35897435897435903,3.3516652959653435,70.0,2.717877094972067,0,0,0,1,6,2,0,0,0,1,0,1,0,0,0,0,0,0,0,0,0,0
697,Ikka,Sunny Deol,2026-07-10,Bollywood Hungama News Network,Siddharth P. Malhotra,proven_weak,test,0,20,1,2.3,2.4530618276683,0.8795932074125605,0.2,2.6666666666666665,2.5,0.3666666666666667,2.6489788168626776,456.0,2.7189679218967924,0,0,1,0,7,2,0,0,0,0,0,0,0,0,0,0,0,0,0,1,1,0
698,Awarapan 2,Emraan Hashmi,2026-08-14,Bollywood Hungama News Network,Nitin Kakkar,proven_weak,test,1,26,1,2.673076923076923,2.6673220361480072,0.9893665417054258,0.38461538461538464,2.6666666666666665,3.1,-0.0064102564102563875,3.0164101689996685,282.0,2.7186629526462394,0,0,1,0,8,2,1,0,0,0,0,0,0,0,0,0,1,0,0,0,0,0
699,Batwara 1947,Sunny Deol,2026-08-14,Bollywood Hungama News Network,Rajkumar Santoshi,proven_weak,test,0,21,1,2.3095238095238093,2.4544500967241194,0.8584315708923816,0.19047619047619047,3.0,2.4,0.6904761904761907,2.6415796182377114,35.0,2.7186629526462394,0,0,1,0,8,2,0,0,0,0,0,1,0,0,0,0,0,0,0,0,0,1
